path,bytes,sha256
.gitignore,70,5aaaec3011fc248c2d88a76fd0d92321197f43482da6a8adaa0d66c1b827e1d5
AUDIT.json,752,10e569e5c6db816216ef99474794031b8cbcf1554732f6d3c29ca05bf8669b9d
PUBLICATION_CHECKLIST.md,1982,dcdd02051c975699150ae6a62c1ef794309ad9faeecf6e23a46cfba71b2565b0
README.md,5362,11b52fe0fa404ee5cf999dfb8abc881fc8b65709b1fd196edc2d0dc6cd9c5e1e
SPLIT_OVERLAP.json,6848,407fcbb5d36dd9cd04e84820d1f8f709f6b9617637734d6baed1bda27bac0896
ultralytics/__init__.py,463,8b07d79a12d1aaa22ee1116b987c5da69062171b6e9a2007d5773e775b34ec07
ultralytics/assets/bus.jpg,137419,c02019c4979c191eb739ddd944445ef408dad5679acab6fd520ef9d434bfbc63
ultralytics/assets/zidane.jpg,50427,16d73869e3267a7d4ed00de8e860833bd1657c1b252e94c0c348277adc7b6edb
ultralytics/cfg/__init__.py,19672,d2b3697d5105ff395ba7bbe3b5e304b5ac2fc9027f5fe097819239c42c84e104
ultralytics/cfg/default.yaml,7427,eae6a43736f8145af0e3f96d10586f8cb9aa158705c86bc8ed88077149e7d88f
ultralytics/cfg/models/README.md,3095,b8be8711077a3bf701f5d3172f7cd18d5aecfb3c2808f77a18313ba8f658f550
ultralytics/cfg/models/rtdetr/rtdetr-r18-PADR-Block-BASSA-ASF.yaml,2133,7aab028f6f09026feed451d3abc5d276b101e1810cc248570d0a004652c8b4ba
ultralytics/cfg/models/rtdetr/rtdetr-r18.yaml,2039,a0d34f2cae3cd477944f70e8eb50bdc6a0d9aff99e6ba7bff95fb22fa2fbbd35
ultralytics/cfg/trackers/botsort.yaml,890,37775d454976b8ebc923f43b4c1230f3c33269e576e345ffc25c7967a2225215
ultralytics/cfg/trackers/bytetrack.yaml,694,145a660a3ec4d31a4e75eed1f96df3515732ea12821c08a3f6ac29f52029fa92
ultralytics/data/__init__.py,389,4d637eded13ba4f0641a4bc0159a127b10640b0db8169e3db3070a788ca51e51
ultralytics/data/annotator.py,2122,f148bfe07e1d014d3d050fa00f05b8baa0d533188a6733487c5d6ce59be11a4d
ultralytics/data/augment.py,46710,840bed63214b21ecbb9c3187937f7396da53e1795ddaf74883c9055a19fdeb4b
ultralytics/data/base.py,13309,96da81b7e5059e73e52bfd84e2756f62320052447d3c0816d6435d18dd74d66e
ultralytics/data/build.py,6691,e42c18439a9772fb7230610065ab4fd26f011d6884bf57f2228e7553ea7ac3da
ultralytics/data/converter.py,12447,db988f13a8c94460104ec477dbd7028b7deba410c20d474ed1b02ef5388d7a8e
ultralytics/data/dataset.py,16019,219c959a5f3a70b176b7c63cad3a0437e1fe39276de504205c0147a3a60027f5
ultralytics/data/loaders.py,22093,c1cc539945e8f8c2f31c382208fa88cf56b901bf33c434426ea4e593886a0cb7
ultralytics/data/scripts/download_weights.sh,568,33bd9240e5cfd768ada0d61c9be6f286294dead3612f24a8a84c483847faf766
ultralytics/data/scripts/get_coco.sh,1726,69dc5234963bb0ea6a434daed57135bc8aacf6fe2f786c37ae15f303cbcc4b27
ultralytics/data/scripts/get_coco128.sh,619,3316cdd2e232db8e0a4fb518fafbb8b896a4978993b22462277ce7a2e2f03c4c
ultralytics/data/scripts/get_imagenet.sh,1672,38e27e1d211592ece2761076b3f4674028ac1a1e4c62bebb84ef3ebbbdd451e7
ultralytics/data/utils.py,29632,31a4f3f08912aedb364552b718b4b7387bd50806666afc663962af520cbdb414
ultralytics/engine/__init__.py,42,987b49b8ae21c05f1cb95f951c373bb69eaee83d601f3d99ec923c82b9900d3b
ultralytics/engine/exporter.py,57046,21c05ed35f472b01df4145ce2cf9090e65843d73bef918b8e3b38ea632312468
ultralytics/engine/model.py,19792,2e483ef7fd060bf16fe22e2bb9624cdf6abedef830312136a1d612f5db629aa4
ultralytics/engine/predictor.py,16672,a274c9771d1d35a1df2885a274b6c2e00e28f3031c21239527177aff185ee172
ultralytics/engine/results.py,23454,6fdf2e557e901e942380cc5b5a218ec2a0c181b7d8d00b58d6fe43537fa15413
ultralytics/engine/trainer.py,33160,c371c9eac3e5148596ad6ad2d7e40d7d8a89565777ba2d46acc27321dc76123e
ultralytics/engine/tuner.py,11374,5e2cde6b0eef498a8dfb4792871bd65e42403c6b9ab1cb4f3fedd21f434ba448
ultralytics/engine/validator.py,14441,e229b662019a1394e63e12b3ac458a56f0070be3ebe3e8f5c393e1f25b822f69
ultralytics/hub/__init__.py,3685,899cc483df200c4af66df3d9a291f09c521f0d50d9f5afb2b800243ca9e7da1c
ultralytics/hub/auth.py,5364,0ff7df42099635fa7e71c27682e73be9480e70c44f10acdc38923c0002d97ac9
ultralytics/hub/session.py,8423,b67533e91d891f14c149204cc02a040ed78c3460110dacb511ca7a14dd627847
ultralytics/hub/utils.py,9581,df342104297ccc7aea8071cecd5adcc3b4a81ed063f861329d7da93642c7e985
ultralytics/models/__init__.py,173,45123041770d958dda75ebd0b3a9b30f4d0ea9e8f30121eba3d4c248b364c1a7
ultralytics/models/fastsam/__init__.py,254,73737e5d0009f4c930d561b0e607afe315c250d88ea7efc8831a27bea7984953
ultralytics/models/fastsam/model.py,1055,837bac450c998331b3d3a608ae2d6d07d15d49626c5ead7de43e8b9760001a96
ultralytics/models/fastsam/predict.py,4111,54a388e799ba98c34a0fd3b1d6024b6af587bd629af4e16368b772df3417b45e
ultralytics/models/fastsam/prompt.py,16285,74fcad00288cfd63b4ae3c0251101e21a63e42f42eda79c2298bfa0268c9626f
ultralytics/models/fastsam/utils.py,2157,afe6f7eb659becfd990253b059c90f24ce872ef83e7850c3cf8c24034ca62ddd
ultralytics/models/fastsam/val.py,1967,aba0a8c0493d39be47bf36edcff1f87695d03b131fb8824d3d41b72f6035a9dc
ultralytics/models/nas/__init__.py,179,3bbaaf82a26aa0b075357c234cd1cc247251843c0d1d2d8ffe8c9457f6f5aaaf
ultralytics/models/nas/model.py,2864,16fb1a7d92beddb2798428d40dd5d078dbfe4c8fbb07eae3cd628ffcad0facb6
ultralytics/models/nas/predict.py,2253,01cf20c1fcc874e15fe892a3dbad5a2d3733e4338f393a451f62564c1ebd962d
ultralytics/models/nas/val.py,1846,720396b0a968098629ccbf78bf333a10d6119c037431e2c674767938050804de
ultralytics/models/rtdetr/__init__.py,197,d59a5ce99722cc53b410c84ff17e26dc31b6eef0c15f868ce115f4acc49ea3a1
ultralytics/models/rtdetr/model.py,2144,2a167eb261102a99997446921dfb7f12745df8e65a79b8954b3e947b5b738a94
ultralytics/models/rtdetr/predict.py,3425,a668d495c513ab1a0135ae6d5bf12e16387b95d5d29bdf509e4e4c11a245d034
ultralytics/models/rtdetr/train.py,3798,f73a0c83590a8a4d4319499ea1e931daedb9b8f655a88a425417940b774e1c96
ultralytics/models/rtdetr/val.py,6619,3119a15f0b4e580bae6fb7ca9baacb8b62715b77a69dddfec1652e489c3a9abc
ultralytics/models/sam/__init__.py,144,b8f7164493bca79625319cb173a6e6693e56e24656c38a32160bbfac45fd89ed
ultralytics/models/sam/amg.py,8107,8f6504f8410b8eb7bff74e2f91ebebc3a9220dc69cc43376d06f28d50fbdcc0f
ultralytics/models/sam/build.py,4871,89c1afee54fb5e6c6832423a5622391cabe5fe5f2bb2d47904efd649712ea2d5
ultralytics/models/sam/model.py,4707,2172e9e46fc53f70637e32ee05d0c5986262a4019a40bf878f76a189e4334251
ultralytics/models/sam/modules/__init__.py,42,987b49b8ae21c05f1cb95f951c373bb69eaee83d601f3d99ec923c82b9900d3b
ultralytics/models/sam/modules/decoders.py,7795,dc0f6d8d8508fc02fad5984691d2577d7a1ace21b5f7891e5018d43c07175ab7
ultralytics/models/sam/modules/encoders.py,25003,113016a748ffa47fd9cca4fad715de160951b4a7ecc297eace7ed09d85c70df6
ultralytics/models/sam/modules/sam.py,2781,80ee53f6c2ebcb466ba467b023365f9a52ea7691f4f90dfe83010a7ede919fda
ultralytics/models/sam/modules/tiny_encoder.py,28980,e0d99356a309b094dda9a16a5c2bab80ae6abe818b10f3309023002ab00fb399
ultralytics/models/sam/modules/transformer.py,11157,f78b619cadeddf7192c3f23533a000e2e1efea8c386ed56efff2fb1cf6d8aeba
ultralytics/models/sam/predict.py,23719,a035262e403478b2f7204be055923989020b70f9280bfe96ea5e6842871f54c7
ultralytics/models/utils/__init__.py,42,987b49b8ae21c05f1cb95f951c373bb69eaee83d601f3d99ec923c82b9900d3b
ultralytics/models/utils/loss.py,19581,3af48e52ad1c259a5db47cb5c5eadba62de91849d1bf29c55038ad7cf7a80dda
ultralytics/models/utils/ops.py,13283,23e6a3cb4304f4f81761dff799b57c110a4e48325148ee952b97da99d5612926
ultralytics/models/yolo/__init__.py,195,695a93ffe24eb7dfe8021afd715815d190c5e57de3fd0ca89ceda8548ce83dfb
ultralytics/models/yolo/classify/__init__.py,355,dfbedb459b69df338524a64a880304f0afce27f22e0e5911d826b027508cdedd
ultralytics/models/yolo/classify/predict.py,1987,6ee602e25e4d418c0188add8154257c08424e5b02d76b292cf44e0f05d8bb215
ultralytics/models/yolo/classify/train.py,6738,33e967d18da21024781fb72302ae36de6e93679b55b593dda803b355cb4a3aa1
ultralytics/models/yolo/classify/val.py,4959,d24978b86dba5ce9641a3c76465a4a27331784c3b8fc41f1ddedc0e28da37d6b
ultralytics/models/yolo/detect/__init__.py,229,5da452ff27c91d9d5475e6934af7b577b7866126305c1251a7a3d73347d98324
ultralytics/models/yolo/detect/predict.py,1627,ba46f76094935bde5f214c9ffb9d9aca480a70ad564b3413046c181d516ae336
ultralytics/models/yolo/detect/train.py,5531,838002b81c17204f1843b9d0cea6df2409a5c1bded8aebaf0d2e5ab48d869130
ultralytics/models/yolo/detect/val.py,13053,8cbf2eab233840324b941d0b5176ae8738d6ee841402afaf5286434f076098d9
ultralytics/models/yolo/model.py,1448,f3bd3d8d35fd3eaa82991e4e025133ffe5857a2465b6648458eed91607b8a06b
ultralytics/models/yolo/pose/__init__.py,199,cf375559181b1d2bc9176c5378607ad9584764ce72fbb62af58c1519ccef07fa
ultralytics/models/yolo/pose/predict.py,2517,f813331993b10ba2eb0838e3f20f9cf093f32cb0848191ce79b717aeae9569bc
ultralytics/models/yolo/pose/train.py,2891,6b1d42a3d3359bc8892d52fa609b8ee9e9548754ec15d9863ecae15300504e89
ultralytics/models/yolo/pose/val.py,10656,c011a707515c4015c1da363a3d128b931d781972d61e6c11c07fe3414e902dad
ultralytics/models/yolo/segment/__init__.py,247,dbe7c01ab1167273990e5b2949639fb3261f200703137b1481bbfc4135209d13
ultralytics/models/yolo/segment/predict.py,2612,c94b3ad071419fb3d9de612bb540274faf628cf07315d4ecec91febfbfab0196
ultralytics/models/yolo/segment/train.py,2276,a35ab8653999952c146c5205693fd3ecbbd868a38babf417c41fb3eb56301f1f
ultralytics/models/yolo/segment/val.py,11956,0d3fb3f979f13fbee74c8bb655f9869695327819c3988b334f8be93fb9a418d0
ultralytics/nn/__init__.py,555,ed3fc65b762c3e0d6403eef8524945d9471a6dc472b6d45962b08e5e236726a5
ultralytics/nn/autobackend.py,27321,b055d0bc5412dcf0641bcb3cb5387a8c9d9aef264908a176ea13be75e814b36a
ultralytics/nn/backbone/convnextv2.py,8204,65e069b21a8bce6eeb417b26cb759135a6b12422b52650e7862a369c3a30fe3c
ultralytics/nn/backbone/CSwimTramsformer.py,15324,64ddf0c2375a2981dfb57a003e643b2f04e8c160410f6b4fe0cb90c98a1d0656
ultralytics/nn/backbone/EfficientFormerV2.py,24420,68458d40da2bb8c4b8e70079db0db9506a14cee148009544d339ccde97dd5d8f
ultralytics/nn/backbone/efficientViT.py,18479,63ecb151724031526aaf385030e17c417fcf9505928fbd70749d2f64e9e5f1ff
ultralytics/nn/backbone/faster_cfg/fasternet_l.yaml,233,63d46cfb4a630b240915e52815cd345d50d95bd3e161772727a44289ff2d9511
ultralytics/nn/backbone/faster_cfg/fasternet_m.yaml,233,25aae469c56bdd3e5c586b4c325126f066afa1dad9e5e5573480a9bb4ffec989
ultralytics/nn/backbone/faster_cfg/fasternet_s.yaml,233,ddaebcccf2558b194aff6310ccda84e4500fabef332f09172c564032c118c5f4
ultralytics/nn/backbone/faster_cfg/fasternet_t0.yaml,231,d61631f2222eeec942db7feb191cbff275dd9106ec7f434de81ba74f47740d54
ultralytics/nn/backbone/faster_cfg/fasternet_t1.yaml,232,9b2ef11eaba07e4c57cb545806d3a630b32c887385ef749ce9e57238fd01b81b
ultralytics/nn/backbone/faster_cfg/fasternet_t2.yaml,232,c086622c2107cb07dc4ea2a85dbc5abba6ba3c7a243d0b15e2ddb07293a5ca92
ultralytics/nn/backbone/fasternet.py,11783,ded75b5f22bcbb38b8369130ea971e0e71d1663e786a839620318d758b9db7a5
ultralytics/nn/backbone/lsknet.py,7510,494909f7e7ddeebb5f3025fd26157e0fbda645c724bc3a80c866baae98d154bc
ultralytics/nn/backbone/lsnet.py,17506,a8e29751217a943b6e3f937c3b5e8b1926af03cb3739f28bd3d75b754f75a555
ultralytics/nn/backbone/MambaOut.py,16338,a98bd0d31966ca25a2dd0d29c3cbc78d24fd51db5e9f0ebebdb154f5bb0a65a7
ultralytics/nn/backbone/mobilenetv4.py,13400,592ddfaa9c781a5fe961a8d38889c0ceb37e143b33b40effc51d37eb84490215
ultralytics/nn/backbone/overlock.py,39808,ff935a1c60fe49533bcee620bf18124d39a8d81b646f94385ec81787fbcfcb69
ultralytics/nn/backbone/pkinet.py,23602,4462a9bfab147f2c16dfdba30d55f977b6167de01d4f5bc64e2111a12f80b718
ultralytics/nn/backbone/repvit.py,15390,3e0d52c56c0daa6c83b3af0ccb44e15267dea585b03ef5dcc48164d7117e90ca
ultralytics/nn/backbone/rmt.py,22400,2149f441c5e5151b7f30670764d231874ce765ac316c7bb307cc507fbbe6a69a
ultralytics/nn/backbone/starnet.py,5844,54b1217d4c1c19078ad79cf99c9f79bd9778ad8938d8e690296752abf5bc1539
ultralytics/nn/backbone/SwinTransformer.py,23108,8b645f60c5b11b73860658c69ba3d193dfdedd8dbcb49b7e28c82e39a659cdf9
ultralytics/nn/backbone/TransNeXt/swattention_extension/av_bw_kernel.cu,6542,2cdfdfb8c398148ecce8ef6e1e6472c905a811e221829ea43a34356181103309
ultralytics/nn/backbone/TransNeXt/swattention_extension/av_fw_kernel.cu,3672,c7596bb3f896f5668774b2f7181eb602f2023ca2b3ca3ff1452dff147f683861
ultralytics/nn/backbone/TransNeXt/swattention_extension/commad.sh,23,653b7a51d65d7409e319e29d51d5ee2af65d621ad9ef62148e7eacf99e289879
ultralytics/nn/backbone/TransNeXt/swattention_extension/qk_bw_kernel.cu,6099,fdc81b19492f10a110245a9e1590e0f5d50d3dc0a6570da7e35dab34f98fea1c
ultralytics/nn/backbone/TransNeXt/swattention_extension/qk_fw_kernel.cu,3547,a863c75f7e61ce57b1109741f2657397d504deca683b0d0106aa6c7ebe4927ee
ultralytics/nn/backbone/TransNeXt/swattention_extension/qk_rpb_bw_kernel.cu,8639,337a048deb75b4c18733e0fbe2a9f82b2bac7529502292770de22904fbe88343
ultralytics/nn/backbone/TransNeXt/swattention_extension/qk_rpb_fw_kernel.cu,4088,a7d3c8ed4b2afc2b9167d9aba38044ba6b6f636526c47e5de85af7d7b9bc37d7
ultralytics/nn/backbone/TransNeXt/swattention_extension/setup.py,772,b6931452ad1656dcfe2e9bb97ff9e4e1d2cae31f1ad375f2379e991b370829e4
ultralytics/nn/backbone/TransNeXt/swattention_extension/swattention.cpp,3903,8842bb58e84902145334ad641cf8127db17486481be2d3ba61b8898de5d9d7df
ultralytics/nn/backbone/TransNeXt/TransNext_cuda.py,21242,62beab53ab6a0dadedfd274f12932f5f076682693b59d3ffec16dd86646425b7
ultralytics/nn/backbone/TransNeXt/TransNext_native.py,20167,1ed4e20d7ce1c503396820cb502e16acfc05fa1a54d0b9c52b5bd3d9e803ef4e
ultralytics/nn/backbone/TransNext.py,197,4874906c6a1aaae268b04d36cb97181e07981cfb3340d207781939464869ed3b
ultralytics/nn/backbone/UniRepLKNet.py,26892,1474413acc7bedcfda99de577e94e9fc7839953c905127a608bc2affc36b4b13
ultralytics/nn/backbone/VanillaNet.py,13144,522793bc741148cb48cb4abb5505318982076e16a20719da6f3ffdd4f9786195
ultralytics/nn/modules/__init__.py,1130,f61a59291544c7eff8bf9081dd28f0a6d66638c11d71c1b896fe5438db34bb5d
ultralytics/nn/modules/ASF.py,5513,bd5c3c405845f415a981156b4fca45726c50cf3bef4113ab6a0526d9fad05443
ultralytics/nn/modules/block.py,29512,0cb56a5b18a017aba02a240cb1ce907f7aa746cbea8516e37ab7fc3a9b5f8567
ultralytics/nn/modules/conv.py,13104,13ef4725ca231b305ecd2e05eb5521714f7de480791d7b54d70f7bca113e0232
ultralytics/nn/modules/head.py,18327,aed0a42d770d60aa082681eaebc8589a82481f542307d73e306aa2d0df964257
ultralytics/nn/modules/transformer.py,17894,2a8906995d3b9e8dedfc97a63a405a7b25c820c26c0860a7adeee950541d91e0
ultralytics/nn/modules/utils.py,3436,abea9f79b9cc0f68aa6724ec9594c7b19616ee1cab5fad954605261d7ebcdfe5
ultralytics/trackers/__init__.py,227,751f6e9c369105de8c80c9d32b1a896742ac27c05e14683e2d3610bc2ec19c86
ultralytics/trackers/basetrack.py,1609,261fb5438d7cff80907e18138e61adddb40855074de57276022431d9db0f26e2
ultralytics/trackers/bot_sort.py,8495,aa22aff8b605b1949bcab11b306dc8d6cf1e1a5a8d0a1aac8e37cdab5f8b253d
ultralytics/trackers/byte_tracker.py,18062,f05e309cad99793ee0ee06be96a49f7a5abcf0850f046eade0a7d73bf29133ea
ultralytics/trackers/README.md,13410,6209002e4b337def2c3022743df23e6db57d9b0ec172e9df7a0f8b625d5a219d
ultralytics/trackers/track.py,2323,9a5b1695c279ce47a6cc2daef2a4521b235f360edce536216abd5178ca94ce8e
ultralytics/trackers/utils/__init__.py,42,987b49b8ae21c05f1cb95f951c373bb69eaee83d601f3d99ec923c82b9900d3b
ultralytics/trackers/utils/gmc.py,12162,4fe343b0729958eacb71e7b89357608415699f945d7dc4ac071732da7a6678dd
ultralytics/trackers/utils/kalman_filter.py,14850,3ccdc8e83901952f9c0e6de473b2f95c3dd749b7066a3811c62aabbd42402016
ultralytics/trackers/utils/matching.py,4841,53cb5f6fcb5f398b3f42d1d0fab193e1986d85471201887a5ff2c4df5a2539a8
ultralytics/utils/__init__.py,34710,63280c879231d659bc0a5b42b159df08414e71c92d06ea016610950984fe9875
ultralytics/utils/autobatch.py,3862,75d5f3aa3bdbd01fe0de0fa9819b8f3489a25b527363a2e4b5bc3aef5709aec0
ultralytics/utils/benchmarks.py,18217,72dea0f54c9f1cf8ba6bbfc4ba9a5b4eb55ebbf78f8822c5eca89bf1164a460c
ultralytics/utils/callbacks/__init__.py,214,9e1ae730fa4f0dbe5f82ac38db0f1eedf0b94e310f0be8e9d3876942d690b645
ultralytics/utils/callbacks/base.py,5775,ca1e325afc0e80f6364682d87c353afabc299dd2af6a8c7b86c778f46f869237
ultralytics/utils/callbacks/clearml.py,6010,4d4c9000fe3ab38cee76a0ebfd73820734db5ebceff80b1d8eaa997216782068
ultralytics/utils/callbacks/comet.py,13870,e7c296db36aac459e7ed469bd5f0c1139a7cf40d4a2a2d9b8ea4c52bde6c1642
ultralytics/utils/callbacks/dvc.py,4997,a5fcb03b552a5d3717aa8ed676f8cf7e148abbc2a6a0caf499ebb92c4874aeb6
ultralytics/utils/callbacks/hub.py,3350,5628988714d4c6b596f4a5e9d0d8635d8a0af2fc49a056bc808c5946d9904f5a
ultralytics/utils/callbacks/mlflow.py,4487,31d65f7444379fd07936a45eb9f16e787d1147efc62209781b909f1011df87e2
ultralytics/utils/callbacks/neptune.py,3697,a883748098a90757f70e2edbc3445bdbc8cb6280b3252592a858558320b91a2d
ultralytics/utils/callbacks/raytune.py,608,3c666f5bf85a56af02aa16b71a0bcbee204c01ac5f9fcff7bbf20875808d30fa
ultralytics/utils/callbacks/tensorboard.py,2830,00bf207988c6d8d0419f85358876e6c05d6b1c3b0d85505e0265e8d6d48b5603
ultralytics/utils/callbacks/wb.py,6762,c7f8f8647e0a969d3f2ddd777f451ecc596e5134b93af7e093d85c8f0a9eaee5
ultralytics/utils/checks.py,26856,fbb3538bbe45fc916a55d5bf4656e0464b1a2f94f998a4621839dad225c474c3
ultralytics/utils/dist.py,2596,bfa4d6eca51a085b8799fd09d91bcb7aec3cd0bb9d777e18a43b7e32ba90559a
ultralytics/utils/downloads.py,17831,7da5d09b32c1a9af4e83eaa624664f1080f16d7767afa49c3d3a7e2fc2520a0b
ultralytics/utils/errors.py,816,c1c34cf18734967e17f3af2450cea922c8ca4ff5baeca7b3e159bbd977beb58a
ultralytics/utils/files.py,5280,e974d7741aa1cf9c6949463376271e75b88fc95f36c70a4db195f90f6fe887d9
ultralytics/utils/instance.py,15936,d08d6c62b0111abc07af60ad51c4fcfc3e63b5e678c618b936c6d5f974da95d2
ultralytics/utils/loss.py,31073,2efcdff080e86dc97a2683f4ec774bb4245c02f31833e5f23519cbeffa8db12b
ultralytics/utils/metrics.py,79899,f5bab2674179cc7ab77be5cf6adb14508ada3af53c4c80e48b80900c2848d933
ultralytics/utils/ops.py,31245,a22af55e0039457e4128ccfa6f464a08efce4bbd938b8ae303f674395aae8b7e
ultralytics/utils/patches.py,2233,577011bb2d2c83eff29fa9f32fb88e592cd1fd1cc53aecec202cb83faa947a07
ultralytics/utils/plotting.py,31687,1b2b99cf3409cb77eb1490b59b54e370f13542bb5442589b22c43efab855639e
ultralytics/utils/tal.py,13675,5b15bf279402f286005ca0f2fe1b890b79a28c1b69586ed4475e392005cee7f2
ultralytics/utils/torch_utils.py,24706,766ed3d80cd4a6297452ddde8df3d278e0972e84098e43354bc4957b3fd44222
ultralytics/utils/triton.py,3741,3cb4253b3c07e18a261af08cae678e9327abca901b502ad69661bce4448d9a30
ultralytics/utils/tuner.py,6227,f107dea18755b4f6474a483ba34e834e5c052904be7ffe577a60dad6f2a4ba6b
VADD(minmaldataset)/test/images/-E3-82-B9-E3-82-AF-E3-83-AA-E3-83-BC-E3-83-B3-E3-82-B7-E3-83-A7-E3-83-83-E3-83-88-202022-07-18-2022-08-57_jpg.rf.ef29d5ea69fe332b75b37778f8ff0fa9.jpg,33498,b27ca042f6496b5e8787ccc90c94f7647134a0e5e2c4a2b0409c6268848be989
VADD(minmaldataset)/test/images/-E3-82-B9-E3-82-AF-E3-83-AA-E3-83-BC-E3-83-B3-E3-82-B7-E3-83-A7-E3-83-83-E3-83-88-202022-07-18-2022-11-18_jpg.rf.505107660f92094bb631ba43b8d13d6f.jpg,35481,22f7c1cfc81a5c7f32ba57cfc9f397f99782ed88ac3556c1125148421db68cd7
VADD(minmaldataset)/test/images/-E3-82-B9-E3-82-AF-E3-83-AA-E3-83-BC-E3-83-B3-E3-82-B7-E3-83-A7-E3-83-83-E3-83-88-202022-07-18-2022-16-57_jpg.rf.711b4423860b249f08ceec319a9ac8f7.jpg,32128,fff82d9438584dbc510a11cff6ef58141c6eff081f18a70012d2028e7691e898
VADD(minmaldataset)/test/images/-E3-82-B9-E3-82-AF-E3-83-AA-E3-83-BC-E3-83-B3-E3-82-B7-E3-83-A7-E3-83-83-E3-83-88-202022-07-18-2022-25-23_jpg.rf.9c352894c314c64f1c4ccc4674594b5d.jpg,48531,0ae31c28dde4d8a4abf650e649e555b8bfbc4b6681fa6ace6ff72176e9f7b46a
VADD(minmaldataset)/test/images/-E3-82-B9-E3-82-AF-E3-83-AA-E3-83-BC-E3-83-B3-E3-82-B7-E3-83-A7-E3-83-83-E3-83-88-202022-07-18-2022-27-59_jpg.rf.bf15b40debdf0d8c16562bc847e1295a.jpg,59593,b456024b831e3b4223df86ea0fabdb1e0ad4eef33c710f551a175ced5b8a0305
VADD(minmaldataset)/test/images/-E3-82-B9-E3-82-AF-E3-83-AA-E3-83-BC-E3-83-B3-E3-82-B7-E3-83-A7-E3-83-83-E3-83-88-202022-07-18-2022-29-48_jpg.rf.a6f1a9115ed43831e3f15deeb99b7500.jpg,31636,c6dceaeb8e254a0d776086660218f125be772fc9d240fd3a38b60ec56d6f299c
VADD(minmaldataset)/test/images/-E3-82-B9-E3-82-AF-E3-83-AA-E3-83-BC-E3-83-B3-E3-82-B7-E3-83-A7-E3-83-83-E3-83-88-202022-07-18-2022-31-03_jpg.rf.6c01efa2f4b4d99da15a9df18459f76d.jpg,44440,7a80978d74ebb351cb6f612edee98486d5fc051dfe084d381732ffee7af55814
VADD(minmaldataset)/test/images/-E3-82-B9-E3-82-AF-E3-83-AA-E3-83-BC-E3-83-B3-E3-82-B7-E3-83-A7-E3-83-83-E3-83-88-202022-07-18-2022-47-32_jpg.rf.ea6e6c3d4eaf0205e0aeed10f5642bc8.jpg,66713,2d32b29a32941f454ee7abc3375347cf47f0ff2523568606004d93a1b92c0353
VADD(minmaldataset)/test/images/-E3-82-B9-E3-82-AF-E3-83-AA-E3-83-BC-E3-83-B3-E3-82-B7-E3-83-A7-E3-83-83-E3-83-88-202022-07-18-2022-49-31_jpg.rf.133acf5d7bbd2366445840b403234979.jpg,63124,e04a16715d1f96d668273675863c35c41849563f2413de1cd7f4a6ce64756e5d
VADD(minmaldataset)/test/images/-E3-82-B9-E3-82-AF-E3-83-AA-E3-83-BC-E3-83-B3-E3-82-B7-E3-83-A7-E3-83-83-E3-83-88-202022-07-18-2022-52-24_jpg.rf.260346af37327dede641792a160be013.jpg,32378,b1d11b79f8a65853683235318e0e904ba366314692a839543abeaa02874bd47f
VADD(minmaldataset)/test/images/-E3-82-B9-E3-82-AF-E3-83-AA-E3-83-BC-E3-83-B3-E3-82-B7-E3-83-A7-E3-83-83-E3-83-88-202022-07-18-2023-10-59_jpg.rf.74cb86037f9ed86cb57d28c7069c97d5.jpg,31646,6f935e12f0a6a4bb5135a2a0261a141882b173b0ce282db8a9bdce1153ea508f
VADD(minmaldataset)/test/images/-E3-82-B9-E3-82-AF-E3-83-AA-E3-83-BC-E3-83-B3-E3-82-B7-E3-83-A7-E3-83-83-E3-83-88-202022-07-18-2023-14-48_jpg.rf.ddc76c2fe2adced7c4e93dec3acf86c3.jpg,44332,f3cce767de299f2a43ce09de77ba0cf4e8babc6d53dce803cfd66f47fcb309fc
VADD(minmaldataset)/test/images/-E3-82-B9-E3-82-AF-E3-83-AA-E3-83-BC-E3-83-B3-E3-82-B7-E3-83-A7-E3-83-83-E3-83-88-202022-07-18-2023-37-20_jpg.rf.1354cafa4d824e29045f4d23a57c40c4.jpg,29024,b3bc3acd0dc44ef741a55e9edf8bae9ae1558909431ac7d2e39bedd4c454720d
VADD(minmaldataset)/test/images/-E3-82-B9-E3-82-AF-E3-83-AA-E3-83-BC-E3-83-B3-E3-82-B7-E3-83-A7-E3-83-83-E3-83-88-202022-07-18-2023-38-07_jpg.rf.b67643cdab1e19745478766162eb55a4.jpg,29030,00ce2e52eaf095bbb0adfe5ccb130a62aaee60fe6394c7d0ab5911b0d7705771
VADD(minmaldataset)/test/images/-E3-82-B9-E3-82-AF-E3-83-AA-E3-83-BC-E3-83-B3-E3-82-B7-E3-83-A7-E3-83-83-E3-83-88-202022-07-18-2023-39-39_jpg.rf.04bdcff5b7ba040d3ef650bdad934d0c.jpg,30613,cc0b6a7bda27f31c426eebc7e7c35492b7c9f79aadd3d4638b36c0a86244da9e
VADD(minmaldataset)/test/images/-E3-82-B9-E3-82-AF-E3-83-AA-E3-83-BC-E3-83-B3-E3-82-B7-E3-83-A7-E3-83-83-E3-83-88-202022-07-19-200-05-08_jpg.rf.723414bacd0d282b70f14a5d30a27f17.jpg,35897,b2ceab98b754785692c660f38fa4a4a986855e22ee9af60b6c473d4e00fa0653
VADD(minmaldataset)/test/images/-E3-82-B9-E3-82-AF-E3-83-AA-E3-83-BC-E3-83-B3-E3-82-B7-E3-83-A7-E3-83-83-E3-83-88-202022-07-19-200-05-24_jpg.rf.e85a6ed0acc7da679d4adf68f31945f4.jpg,35027,8c77cc1bce779fe0f2b15e2018e3fc6453ad2542f70e0b5365d7dfab5cec2369
VADD(minmaldataset)/test/images/-E3-82-B9-E3-82-AF-E3-83-AA-E3-83-BC-E3-83-B3-E3-82-B7-E3-83-A7-E3-83-83-E3-83-88-202022-07-19-200-06-15_jpg.rf.d5313c23a7a014ca9029ae6e42a6bca4.jpg,35244,3719577cb6a7926aabb5a76221ad8878f3d8a4edd6ddf29215945657b98d21df
VADD(minmaldataset)/test/images/-E3-82-B9-E3-82-AF-E3-83-AA-E3-83-BC-E3-83-B3-E3-82-B7-E3-83-A7-E3-83-83-E3-83-88-202022-07-19-200-07-29_jpg.rf.b996c47f22830f11a64ee77ebc72cc11.jpg,35895,7824dbba7d4c48a20e916e1afd526e7dbae5f423253415f7e7917903f1954bbb
VADD(minmaldataset)/test/images/-E3-82-B9-E3-82-AF-E3-83-AA-E3-83-BC-E3-83-B3-E3-82-B7-E3-83-A7-E3-83-83-E3-83-88-202022-07-19-200-10-06_jpg.rf.2c19b0866553cddd2d9f226301655e50.jpg,33520,93b840fad797ef3cedd4dec2c2c451f6d56a37bf6a361fa2dc788d4aeb50478d
VADD(minmaldataset)/test/images/-E3-82-B9-E3-82-AF-E3-83-AA-E3-83-BC-E3-83-B3-E3-82-B7-E3-83-A7-E3-83-83-E3-83-88-202022-07-19-200-12-49_jpg.rf.c60069520f63ad6c8a2330055e1fa7bc.jpg,34207,30bbdd5a94e468a464f9a17cf129fa2cbe962f6924bdad1334ebb2a280edcffc
VADD(minmaldataset)/test/images/-E3-82-B9-E3-82-AF-E3-83-AA-E3-83-BC-E3-83-B3-E3-82-B7-E3-83-A7-E3-83-83-E3-83-88-202022-07-19-200-14-23_jpg.rf.0318312b16fab7095c6e0bbdd28edbb3.jpg,43777,d563092c8149f3cb1c2ba63e38d2fd3c3c2f441ea2c69d05f0c9e38638813d9c
VADD(minmaldataset)/test/images/-E3-82-B9-E3-82-AF-E3-83-AA-E3-83-BC-E3-83-B3-E3-82-B7-E3-83-A7-E3-83-83-E3-83-88-202022-07-19-200-44-18_jpg.rf.391bb3e10dabfc77d55b150b7ba229ca.jpg,56101,dfb09fba48ea4a4721cc546533af9389c7fc7fbaa868fbf378514dd12bc8b1c6
VADD(minmaldataset)/test/images/-E3-82-B9-E3-82-AF-E3-83-AA-E3-83-BC-E3-83-B3-E3-82-B7-E3-83-A7-E3-83-83-E3-83-88-202022-07-19-200-49-47_jpg.rf.7d818375532508375dbf65553d8b4468.jpg,43474,72d9b253ca5968b40ed55d0395035fe8d128ac431b6ea0dddc0de711be2e0361
VADD(minmaldataset)/test/images/-E3-82-B9-E3-82-AF-E3-83-AA-E3-83-BC-E3-83-B3-E3-82-B7-E3-83-A7-E3-83-83-E3-83-88-202022-07-23-2012-46-14_jpg.rf.ac6fe2959375cb4268c2b17b2e790b25.jpg,30499,e9c71af15e22d2cff376e245081ff12319d6d1d95d56678f9c706c54c16a6d97
VADD(minmaldataset)/test/images/-E3-82-B9-E3-82-AF-E3-83-AA-E3-83-BC-E3-83-B3-E3-82-B7-E3-83-A7-E3-83-83-E3-83-88-202022-07-23-2012-46-14_jpg.rf.cab21031fbcf7a5113417d9ef4039540.jpg,30499,e9c71af15e22d2cff376e245081ff12319d6d1d95d56678f9c706c54c16a6d97
VADD(minmaldataset)/test/images/-E3-82-B9-E3-82-AF-E3-83-AA-E3-83-BC-E3-83-B3-E3-82-B7-E3-83-A7-E3-83-83-E3-83-88-202022-07-23-2012-49-28_jpg.rf.95a3ddda6ff52fe0a56ceb6e0733d1a1.jpg,31353,158261385f71e256dddd9c9bed396efc22603688204c9808d2b1c987a4e4883d
VADD(minmaldataset)/test/images/-E3-82-B9-E3-82-AF-E3-83-AA-E3-83-BC-E3-83-B3-E3-82-B7-E3-83-A7-E3-83-83-E3-83-88-202022-07-23-2012-58-27_jpg.rf.cf6d2168f32d877a680b95f9bfe6d7e9.jpg,42093,4a24a0a05d24f8201969eafc05437d237dc117486cf7f8aff8769c06e0147ef9
VADD(minmaldataset)/test/images/-E3-82-B9-E3-82-AF-E3-83-AA-E3-83-BC-E3-83-B3-E3-82-B7-E3-83-A7-E3-83-83-E3-83-88-202022-07-23-2013-07-18_jpg.rf.527b1496e8a52e39b57f73fd60a06587.jpg,56242,4b6da6770102427dde9125228c676ed257c0296d35d218ac4f3125be16709a5a
VADD(minmaldataset)/test/images/-E3-82-B9-E3-82-AF-E3-83-AA-E3-83-BC-E3-83-B3-E3-82-B7-E3-83-A7-E3-83-83-E3-83-88-202022-07-23-2013-12-58_jpg.rf.39fab55abdf5749902ad261e2760da0e.jpg,55181,3953397a7e643ca87ba58b0950a3f177a002984d4c5ee7c28e1e73c3fc3c7936
VADD(minmaldataset)/test/images/-E3-82-B9-E3-82-AF-E3-83-AA-E3-83-BC-E3-83-B3-E3-82-B7-E3-83-A7-E3-83-83-E3-83-88-202022-07-23-2013-15-56_jpg.rf.1ebab60ee923b7cc9cda368782b42621.jpg,45698,4cd71e42edd661199aa9cc2361729eb6b8cc96fabecabe8d7eabcb03e36a8e40
VADD(minmaldataset)/test/images/-E3-82-B9-E3-82-AF-E3-83-AA-E3-83-BC-E3-83-B3-E3-82-B7-E3-83-A7-E3-83-83-E3-83-88-202022-07-23-2013-16-25_jpg.rf.ed24865e2838aae1f58e79b9bbf9175f.jpg,30279,597c7849b2f259c898ed48bde133a68f24213c2daef975e8dc5f073ebb4b1802
VADD(minmaldataset)/test/images/-E3-82-B9-E3-82-AF-E3-83-AA-E3-83-BC-E3-83-B3-E3-82-B7-E3-83-A7-E3-83-83-E3-83-88-202022-07-23-2013-17-16_jpg.rf.5007691878ba177b6d10abe50392ca28.jpg,54288,b285800b5107948ffad4b7f8c4fea8782517d1937e99e8b87b09ed7b0525c66c
VADD(minmaldataset)/test/images/-E3-82-B9-E3-82-AF-E3-83-AA-E3-83-BC-E3-83-B3-E3-82-B7-E3-83-A7-E3-83-83-E3-83-88-202022-07-23-2013-18-56_jpg.rf.a844aa0597086cfe6f5fc3641c4fb859.jpg,30912,6b3a4ee314a914fcf6d62dcd5301c6a18e7d778e4c93a2653127cdfc87d2797f
VADD(minmaldataset)/test/images/-E3-82-B9-E3-82-AF-E3-83-AA-E3-83-BC-E3-83-B3-E3-82-B7-E3-83-A7-E3-83-83-E3-83-88-202022-07-23-2013-21-26_jpg.rf.1609286977b8e7eaa0149f295bdd72be.jpg,35546,f6b44a30d7992a6a3e2095d2f5ccce98c2ce06d70bac769d1f6ec1c5467d8cb1
VADD(minmaldataset)/test/images/-E3-82-B9-E3-82-AF-E3-83-AA-E3-83-BC-E3-83-B3-E3-82-B7-E3-83-A7-E3-83-83-E3-83-88-202022-07-23-2016-51-27_jpg.rf.52954f97c465668aba68dd68887880f8.jpg,42789,2ab482a4ea5bd559c3732ed9dade44e3f087de7f7416551ee3ba1cbc6db3a791
VADD(minmaldataset)/test/images/-E3-82-B9-E3-82-AF-E3-83-AA-E3-83-BC-E3-83-B3-E3-82-B7-E3-83-A7-E3-83-83-E3-83-88-202022-07-23-2017-23-12_jpg.rf.9d8afe35540485e7bc4ffc1febf72837.jpg,37518,bb6882bf78e79c7aed7296bd13b761cb993d98da375b16ad3579043a25629513
VADD(minmaldataset)/test/images/-E3-82-B9-E3-82-AF-E3-83-AA-E3-83-BC-E3-83-B3-E3-82-B7-E3-83-A7-E3-83-83-E3-83-88-202022-07-23-2017-36-40_jpg.rf.16e89eba4850764f5c27d13a5e33da2a.jpg,41889,f4403a3a0ee8e02dcec761e55aade863a66388942572860743d0ede1d442add4
VADD(minmaldataset)/test/images/-E3-82-B9-E3-82-AF-E3-83-AA-E3-83-BC-E3-83-B3-E3-82-B7-E3-83-A7-E3-83-83-E3-83-88-202022-07-23-2017-36-40_jpg.rf.240d7890ebfba0ea324a0ffc527c2a43.jpg,41889,f4403a3a0ee8e02dcec761e55aade863a66388942572860743d0ede1d442add4
VADD(minmaldataset)/test/images/-E3-82-B9-E3-82-AF-E3-83-AA-E3-83-BC-E3-83-B3-E3-82-B7-E3-83-A7-E3-83-83-E3-83-88-202022-07-23-2017-38-04_jpg.rf.6d769b408ae183c34a5db817e181b49d.jpg,82152,081ca0c5db4d49176f75ec3991be4577e86fe2d67aa56505d233b34a2ccaa94b
VADD(minmaldataset)/test/images/-E3-82-B9-E3-82-AF-E3-83-AA-E3-83-BC-E3-83-B3-E3-82-B7-E3-83-A7-E3-83-83-E3-83-88-202022-07-23-2017-40-27_jpg.rf.31edab491299201f74acd62672b2a947.jpg,41167,bdfef8fc65d62d57cf05a74719f50be1d3a8cd24a87d559cc65a52038265cb23
VADD(minmaldataset)/test/images/-E3-82-B9-E3-82-AF-E3-83-AA-E3-83-BC-E3-83-B3-E3-82-B7-E3-83-A7-E3-83-83-E3-83-88-202022-07-23-2017-40-27_jpg.rf.d36d0d45a59f5ce7701a810b60e7153e.jpg,58378,f305369cd03b79ad01598361e23c4181592a6b1ba12a301e7147e3057d8425b6
VADD(minmaldataset)/test/images/-E3-82-B9-E3-82-AF-E3-83-AA-E3-83-BC-E3-83-B3-E3-82-B7-E3-83-A7-E3-83-83-E3-83-88-202022-07-23-2023-21-14_jpg.rf.0611ef43a4511376a5846dd37b10e989.jpg,28318,83fec641d08a3fa0d398fcaaba40cb19227fb84cefe84705e5b0cf6f1f40a291
VADD(minmaldataset)/test/images/-E3-82-B9-E3-82-AF-E3-83-AA-E3-83-BC-E3-83-B3-E3-82-B7-E3-83-A7-E3-83-83-E3-83-88-202022-07-23-2023-23-33_jpg.rf.8cef7137c23fe93d71cadf7902193d33.jpg,28150,7839c4c1c9fc50c1e93663608458c184aea7f05358349bba8ec9be7c7758a8d5
VADD(minmaldataset)/test/images/-E3-82-B9-E3-82-AF-E3-83-AA-E3-83-BC-E3-83-B3-E3-82-B7-E3-83-A7-E3-83-83-E3-83-88-202022-07-23-2023-29-05_jpg.rf.3206c7bf2b0928d1ba140cf54a559efa.jpg,28464,4aab408bf3aee78216b8fcbb72ade1e878ea3cba3ea57bd9484a6878e9608035
VADD(minmaldataset)/test/images/-E3-82-B9-E3-82-AF-E3-83-AA-E3-83-BC-E3-83-B3-E3-82-B7-E3-83-A7-E3-83-83-E3-83-88-202022-07-23-2023-29-47_jpg.rf.7e6227ac5a34ceca56cc4755602a7f48.jpg,52252,3d787bb3a7f03c6684c47dcf9deab4473f227a4f987d842836fe9fff71b79cbd
VADD(minmaldataset)/test/images/-E3-82-B9-E3-82-AF-E3-83-AA-E3-83-BC-E3-83-B3-E3-82-B7-E3-83-A7-E3-83-83-E3-83-88-202022-07-23-2023-35-09_jpg.rf.cc1af55ca3e4601b8bca99b542b040ec.jpg,27505,3831ff225362a1e80f66c57228ab61d6277d2c4f4ef030ebf3920cbf6686b500
VADD(minmaldataset)/test/images/-E3-82-B9-E3-82-AF-E3-83-AA-E3-83-BC-E3-83-B3-E3-82-B7-E3-83-A7-E3-83-83-E3-83-88-202022-07-23-2023-46-57_jpg.rf.54da3a11b49a07ce040827ba5848e536.jpg,39591,3efba20f46be69dcb94f53bec8a672f7b78e861b26e1d2510a573de0705732ff
VADD(minmaldataset)/test/images/-E3-82-B9-E3-82-AF-E3-83-AA-E3-83-BC-E3-83-B3-E3-82-B7-E3-83-A7-E3-83-83-E3-83-88-202022-07-23-2023-59-20_jpg.rf.e7b266c97254f8c70a22f96299e4a0b3.jpg,38931,d2c456f4dc730ea6cc04efeac594c5a17c3c8c8dcaaafa22a0451f0a0aef627e
VADD(minmaldataset)/test/images/-E3-82-B9-E3-82-AF-E3-83-AA-E3-83-BC-E3-83-B3-E3-82-B7-E3-83-A7-E3-83-83-E3-83-88-202022-07-24-200-01-15_jpg.rf.29f80bb8686d5d2c3d44e224f3ab4c44.jpg,27989,4805b2c02200156d5fda9e938ac2c7162d546886c7225b4741e7d20f2ecf2f6e
VADD(minmaldataset)/test/images/-E3-82-B9-E3-82-AF-E3-83-AA-E3-83-BC-E3-83-B3-E3-82-B7-E3-83-A7-E3-83-83-E3-83-88-202022-07-24-200-01-24_jpg.rf.2bb047de1058563d57d55ba05512ed3a.jpg,28729,aa92d77506cf462ff289141ba6c7dbbeffba44405f34c6e7c20234625571af11
VADD(minmaldataset)/test/images/-E3-82-B9-E3-82-AF-E3-83-AA-E3-83-BC-E3-83-B3-E3-82-B7-E3-83-A7-E3-83-83-E3-83-88-202022-07-24-200-02-00_jpg.rf.4a6e7bab54ba5f2a729602901ea4d24b.jpg,28007,afc26cbe6bc8ee816d2b4dbe9a12e14bbf8e487083eba5354e45cb06b332c2d1
VADD(minmaldataset)/test/images/-E3-82-B9-E3-82-AF-E3-83-AA-E3-83-BC-E3-83-B3-E3-82-B7-E3-83-A7-E3-83-83-E3-83-88-202022-07-24-200-05-24_jpg.rf.5bff8b5f07d36d714145e12a32e32689.jpg,27610,626a354d11545150484cdf3e84e18e4b63c74c6bd8938f606c3fa99fa53720aa
VADD(minmaldataset)/test/images/-E3-82-B9-E3-82-AF-E3-83-AA-E3-83-BC-E3-83-B3-E3-82-B7-E3-83-A7-E3-83-83-E3-83-88-202022-07-25-200-15-56_jpg.rf.bf7f819cc43e300cf658e7465f5d6fce.jpg,63051,4a241d0b8ef7a3344c36f23254740a9e1dd0068a97a159fbfef1fbd14a563e93
VADD(minmaldataset)/test/images/-E3-82-B9-E3-82-AF-E3-83-AA-E3-83-BC-E3-83-B3-E3-82-B7-E3-83-A7-E3-83-83-E3-83-88-202022-07-25-200-17-49_jpg.rf.7c095006b55f83710a5281a7e7be5731.jpg,62122,dbab46991b964bd718ee6ccc9d38ed4b1bc6a058eb43f3520c4d4519ea104d5f
VADD(minmaldataset)/test/images/-E3-82-B9-E3-82-AF-E3-83-AA-E3-83-BC-E3-83-B3-E3-82-B7-E3-83-A7-E3-83-83-E3-83-88-202022-07-25-200-17-49_jpg.rf.82b5d79dbd334f9d11989dc6e8257b17.jpg,32122,b46eaa1fa3c2a795c94dd31fdbcff84e6d2b8b4eae1bfc46000f3790ab4403c5
VADD(minmaldataset)/test/images/-E3-82-B9-E3-82-AF-E3-83-AA-E3-83-BC-E3-83-B3-E3-82-B7-E3-83-A7-E3-83-83-E3-83-88-202022-07-25-200-25-20_jpg.rf.967ef986a2e812d0c13ca8b8451b2139.jpg,44889,4cdb81a32f62d056cfdfde098d8c74b80a5d926a5edc8f63de0c592922a11a52
VADD(minmaldataset)/test/images/-E3-82-B9-E3-82-AF-E3-83-AA-E3-83-BC-E3-83-B3-E3-82-B7-E3-83-A7-E3-83-83-E3-83-88-202022-07-25-200-31-59_jpg.rf.2f017c947729541122a3e8cbbba51322.jpg,44217,6eaaccc67cd16d20d954d943c070676940cd799fd75c8dbcd5f0d3bd7faadba0
VADD(minmaldataset)/test/images/-E3-82-B9-E3-82-AF-E3-83-AA-E3-83-BC-E3-83-B3-E3-82-B7-E3-83-A7-E3-83-83-E3-83-88-202022-07-25-200-34-23_jpg.rf.384722c51b229f4baed1c0ffea653dbc.jpg,46127,0b2cb78c4fdac6515ee1c7c11a59a20f656a7a25ee2597614217f20246e25e96
VADD(minmaldataset)/test/images/-E3-82-B9-E3-82-AF-E3-83-AA-E3-83-BC-E3-83-B3-E3-82-B7-E3-83-A7-E3-83-83-E3-83-88-202022-07-25-200-34-23_jpg.rf.6ea19ee9137550c0729c1bcc05e4ba26.jpg,32237,1cd5a197d86152c45614be6f7c8ce2d975f04c50fc344e000260d1e1995dcb13
VADD(minmaldataset)/test/images/-E3-82-B9-E3-82-AF-E3-83-AA-E3-83-BC-E3-83-B3-E3-82-B7-E3-83-A7-E3-83-83-E3-83-88-202022-07-25-200-36-30_jpg.rf.0be0ed4784b42d2c66794b65a769b048.jpg,31581,7a047bbf9a8d8a7056b0081912ffa1682c9c790a706647c7f5e7455ef07ac717
VADD(minmaldataset)/test/images/-E3-82-B9-E3-82-AF-E3-83-AA-E3-83-BC-E3-83-B3-E3-82-B7-E3-83-A7-E3-83-83-E3-83-88-202022-07-25-200-37-06_jpg.rf.70081155cc108d95bcbb032e0206b81d.jpg,31550,27a95eaa6ed141028e26a39100d44a916baaf7984ea8144a6b3395c4f296b9a1
VADD(minmaldataset)/test/images/-E3-82-B9-E3-82-AF-E3-83-AA-E3-83-BC-E3-83-B3-E3-82-B7-E3-83-A7-E3-83-83-E3-83-88-202022-07-25-200-40-19_jpg.rf.59b17933ca15fd0ae4a00886e967f2df.jpg,31173,042fd8ca97c6d012977acc45c93160f83bd8274e1c2ca0c3be9c0daeb34de52e
VADD(minmaldataset)/test/images/-E3-82-B9-E3-82-AF-E3-83-AA-E3-83-BC-E3-83-B3-E3-82-B7-E3-83-A7-E3-83-83-E3-83-88-202022-07-25-200-44-39_jpg.rf.a33cb6b6311f13e40932995284cc1594.jpg,31134,073ac0f3a6da68b1e4b385b74b7db067da22bd6d391f2d1e6d006c7abb3a2aa8
VADD(minmaldataset)/test/images/-E3-82-B9-E3-82-AF-E3-83-AA-E3-83-BC-E3-83-B3-E3-82-B7-E3-83-A7-E3-83-83-E3-83-88-202022-07-25-200-44-39_jpg.rf.c176690f16b97db084395ad0df8b9ac4.jpg,59859,104416079859b559cf8a686270d7ed4da56623c14e4faef3ea462c08be880784
VADD(minmaldataset)/test/images/-E3-82-B9-E3-82-AF-E3-83-AA-E3-83-BC-E3-83-B3-E3-82-B7-E3-83-A7-E3-83-83-E3-83-88-202022-07-25-200-46-53_jpg.rf.4d0e8fb081db8815ee42096cc7efbb26.jpg,30244,3d7d00924b15e45a85f7260b9e682b2c9d41a5fed4bc763a66b5670a6324b2c0
VADD(minmaldataset)/test/images/-E3-82-B9-E3-82-AF-E3-83-AA-E3-83-BC-E3-83-B3-E3-82-B7-E3-83-A7-E3-83-83-E3-83-88-202022-07-25-200-48-19_jpg.rf.f2ac1f5402cd2f7731f172b60a4eb79d.jpg,58797,1f6f38a02af65eb7bb848925ca114300fe79ecee4ed33ede3d520ea51095d195
VADD(minmaldataset)/test/images/-E3-82-B9-E3-82-AF-E3-83-AA-E3-83-BC-E3-83-B3-E3-82-B7-E3-83-A7-E3-83-83-E3-83-88-202022-07-25-200-53-36_jpg.rf.1fe2e9bbc3d0a0512d7b6175b9a88688.jpg,43436,d911297e9af35d207948291f922bceea92ee02df2868232edee5a0933cd2da08
VADD(minmaldataset)/test/images/-E3-82-B9-E3-82-AF-E3-83-AA-E3-83-BC-E3-83-B3-E3-82-B7-E3-83-A7-E3-83-83-E3-83-88-202022-07-25-200-54-59_jpg.rf.ff4193e2cd72006b8940d44d51e11915.jpg,31931,b9bab88a427932c3253e1e1430738dc89b93bc8cc775ac2ad0c201fa4bd97756
VADD(minmaldataset)/test/images/-E3-82-B9-E3-82-AF-E3-83-AA-E3-83-BC-E3-83-B3-E3-82-B7-E3-83-A7-E3-83-83-E3-83-88-202022-07-25-200-55-36_jpg.rf.3e66b2390e8d2afa2546d6279f517a83.jpg,45473,3a337b755f54ec46171923ee22702f4c5036be3fa90c94a1bc10c4f512d3a49c
VADD(minmaldataset)/test/images/-E3-82-B9-E3-82-AF-E3-83-AA-E3-83-BC-E3-83-B3-E3-82-B7-E3-83-A7-E3-83-83-E3-83-88-202022-07-25-200-56-46_jpg.rf.550962f5c91901130e50f6e28a0461c2.jpg,58801,5636ff08adbd9e4f50353f97b357bf4183a19a5257631e54f6ef71a6d4b1e674
VADD(minmaldataset)/test/images/-E3-82-B9-E3-82-AF-E3-83-AA-E3-83-BC-E3-83-B3-E3-82-B7-E3-83-A7-E3-83-83-E3-83-88-202022-07-25-200-57-25_jpg.rf.99a6ff029ffad750f315a879ee8f5f73.jpg,32001,2fe7aba890d69c34de33126b23924666f29ac76aa8194ebc027fb74fd29c068c
VADD(minmaldataset)/test/images/-E3-82-B9-E3-82-AF-E3-83-AA-E3-83-BC-E3-83-B3-E3-82-B7-E3-83-A7-E3-83-83-E3-83-88-202022-07-25-201-03-33_jpg.rf.3e72690cb5ba3dc3b677a63cc3453209.jpg,30776,418f5e4a627335701472813c30cd611696d920d03d2138e08766803502d76a0d
VADD(minmaldataset)/test/images/-E3-82-B9-E3-82-AF-E3-83-AA-E3-83-BC-E3-83-B3-E3-82-B7-E3-83-A7-E3-83-83-E3-83-88-202022-07-25-201-05-29_jpg.rf.08bc54e2f698a4c1fc40816f821cfcf7.jpg,31563,b3c2b316d19147d55879314457cee2a5b6112266243136aa899ab0b03450c5f3
VADD(minmaldataset)/test/images/-E3-82-B9-E3-82-AF-E3-83-AA-E3-83-BC-E3-83-B3-E3-82-B7-E3-83-A7-E3-83-83-E3-83-88-202022-07-25-201-10-22_jpg.rf.47f964297ad6d76341699795e8ecf2fe.jpg,31562,26a9b1bd40c296cfc0fe353141443785c18f807469220999a1e0c26dcec8cbc0
VADD(minmaldataset)/test/images/-E3-82-B9-E3-82-AF-E3-83-AA-E3-83-BC-E3-83-B3-E3-82-B7-E3-83-A7-E3-83-83-E3-83-88-202022-07-25-201-11-19_jpg.rf.880326c81a11547e9ea42a48d0b76d58.jpg,57344,ba5ec80b8c20940f0ada5b33bc8607a00fd450789440c3adf8a5d4d9c67a5fbc
VADD(minmaldataset)/test/images/-E3-82-B9-E3-82-AF-E3-83-AA-E3-83-BC-E3-83-B3-E3-82-B7-E3-83-A7-E3-83-83-E3-83-88-202022-07-25-201-12-07_jpg.rf.1fc32a77c1425ec76ecd1c1d4cd16c99.jpg,29853,e607fb82671e3a16fe49734934aa9fef20eec8ab54d98b1ffd85a5b08700ccf6
VADD(minmaldataset)/test/images/-E3-82-B9-E3-82-AF-E3-83-AA-E3-83-BC-E3-83-B3-E3-82-B7-E3-83-A7-E3-83-83-E3-83-88-202022-07-25-201-21-32_jpg.rf.6fd750f980a3c73b5b7dbbe9d60d3c15.jpg,43648,084ad903d4a98992659b8783295e6b8429841272270b7a188ed901a8b0eeebcd
VADD(minmaldataset)/test/images/-E3-82-B9-E3-82-AF-E3-83-AA-E3-83-BC-E3-83-B3-E3-82-B7-E3-83-A7-E3-83-83-E3-83-88-202022-07-25-201-21-52_jpg.rf.afcb70cfb6355c7ebd80422f700586e1.jpg,31561,f289222836e458f3cb7b959c13ec69ac2b31a4eb6271ddef4420c9947319a766
VADD(minmaldataset)/test/images/-E3-82-B9-E3-82-AF-E3-83-AA-E3-83-BC-E3-83-B3-E3-82-B7-E3-83-A7-E3-83-83-E3-83-88-202022-07-25-201-22-23_jpg.rf.6d3b43dd6466b98191a1bcc732943fb2.jpg,31485,db4fe66734d1015f1af156ee776e44691932754c1e5f2ca76b1472e9c2957f13
VADD(minmaldataset)/test/images/-E3-82-B9-E3-82-AF-E3-83-AA-E3-83-BC-E3-83-B3-E3-82-B7-E3-83-A7-E3-83-83-E3-83-88-202022-07-25-201-22-37_jpg.rf.e55e0005615d877b7667ae1b0282289a.jpg,32436,bf3af1724bfa372b0da8accb296c6c5642d10fadefe90d424a3d1bdc9e3de452
VADD(minmaldataset)/test/images/-E3-82-B9-E3-82-AF-E3-83-AA-E3-83-BC-E3-83-B3-E3-82-B7-E3-83-A7-E3-83-83-E3-83-88-202022-07-25-2016-20-35_jpg.rf.153d7b7e654683eef14bab901440419d.jpg,28826,25771793af0823b0f98360116e9750fab42eb5025f30903f32c35e3604e4e092
VADD(minmaldataset)/test/images/-E3-82-B9-E3-82-AF-E3-83-AA-E3-83-BC-E3-83-B3-E3-82-B7-E3-83-A7-E3-83-83-E3-83-88-202022-07-25-2016-21-38_jpg.rf.ab963fdc0a21cc0cd06fbcd86465e239.jpg,28786,46a28995b58b717f5a13217a2f216e1c12cef39fe4cdffbb09841bed39373b14
VADD(minmaldataset)/test/images/-E3-82-B9-E3-82-AF-E3-83-AA-E3-83-BC-E3-83-B3-E3-82-B7-E3-83-A7-E3-83-83-E3-83-88-202022-07-25-2016-22-21_jpg.rf.08823ad83a40f7cee959a9f81aff4b33.jpg,29704,5974809a70a65de3bb4a5220329995295c9ad531a906c7fb310899f1d54388ac
VADD(minmaldataset)/test/images/-E3-82-B9-E3-82-AF-E3-83-AA-E3-83-BC-E3-83-B3-E3-82-B7-E3-83-A7-E3-83-83-E3-83-88-202022-07-25-2016-27-54_jpg.rf.2a19af469f509117ffa6d2618655d36a.jpg,29652,49e4132f4c90f51dea39a24c49bed943a3d0b5f3f96bb1d03dbb0d5b78dfddfd
VADD(minmaldataset)/test/images/-E3-82-B9-E3-82-AF-E3-83-AA-E3-83-BC-E3-83-B3-E3-82-B7-E3-83-A7-E3-83-83-E3-83-88-202022-07-25-2016-27-54_jpg.rf.93261e0d7b103700403b4cf991569037.jpg,29652,49e4132f4c90f51dea39a24c49bed943a3d0b5f3f96bb1d03dbb0d5b78dfddfd
VADD(minmaldataset)/test/images/-E3-82-B9-E3-82-AF-E3-83-AA-E3-83-BC-E3-83-B3-E3-82-B7-E3-83-A7-E3-83-83-E3-83-88-202022-07-25-2016-41-27_jpg.rf.2c23cf59dceff0d48bc958796d8ed132.jpg,54922,2b91980ac645f4a01f8fce3115d4f4cfbc9b87b6d06f281cb7ff75e4cce18a53
VADD(minmaldataset)/test/images/-E3-82-B9-E3-82-AF-E3-83-AA-E3-83-BC-E3-83-B3-E3-82-B7-E3-83-A7-E3-83-83-E3-83-88-202022-07-25-2016-46-01_jpg.rf.d791ce4ed5c3aa27b3a2f7eca1936faa.jpg,41350,caa811aaa5f8bf834603923d1362157db162975fefe36f3a0a97b5ef42b19d32
VADD(minmaldataset)/test/images/-E3-82-B9-E3-82-AF-E3-83-AA-E3-83-BC-E3-83-B3-E3-82-B7-E3-83-A7-E3-83-83-E3-83-88-202022-07-25-2016-51-03_jpg.rf.4a45df4524cf292a1c9c34d73dfe66d2.jpg,30152,4b9f4a26c40ffdf15cef6dc757ab4313e215412ecc37362f02d486836dc4e337
VADD(minmaldataset)/test/images/-E3-82-B9-E3-82-AF-E3-83-AA-E3-83-BC-E3-83-B3-E3-82-B7-E3-83-A7-E3-83-83-E3-83-88-202022-07-25-2016-52-16_jpg.rf.20f6df5181e164e9e89fc071b77c03d0.jpg,29147,1fe38babbe7bbba328c3be9de3b5616a8f2e3e280e4f6b354272fed1cd208eee
VADD(minmaldataset)/test/images/-E3-82-B9-E3-82-AF-E3-83-AA-E3-83-BC-E3-83-B3-E3-82-B7-E3-83-A7-E3-83-83-E3-83-88-202022-07-25-2017-06-50_jpg.rf.5539f0534ba62b1a42d56afef78dad3f.jpg,29480,f5104e7e1dbb374843116bc64962e946e1d85425898ea430d065ff3f181b480e
VADD(minmaldataset)/test/images/-E3-82-B9-E3-82-AF-E3-83-AA-E3-83-BC-E3-83-B3-E3-82-B7-E3-83-A7-E3-83-83-E3-83-88-202022-07-25-2017-09-15_jpg.rf.d5101b45a2e1b39d86f75d04bdb7ba61.jpg,56317,af647bb7082f6c373a7e2939d820cbbf2d137cd5f9fb9e85f89e66f363aff56a
VADD(minmaldataset)/test/images/-E3-82-B9-E3-82-AF-E3-83-AA-E3-83-BC-E3-83-B3-E3-82-B7-E3-83-A7-E3-83-83-E3-83-88-202022-07-25-2017-17-51_jpg.rf.3eb71500f3a038dbfb436daf3d41be10.jpg,28976,b7f98feb3a045545c826429f25f1b13bf5caa32de531c0d2916bb46c8f5ee591
VADD(minmaldataset)/test/images/-E3-82-B9-E3-82-AF-E3-83-AA-E3-83-BC-E3-83-B3-E3-82-B7-E3-83-A7-E3-83-83-E3-83-88-202022-07-25-2017-20-27_jpg.rf.193e62fb99e79ec42d2b9302b5a7dbd3.jpg,28822,7ff6114ed790cdacd478d93cc2d74628d8f25b266796e38573bd97eda8087f89
VADD(minmaldataset)/test/images/-E3-82-B9-E3-82-AF-E3-83-AA-E3-83-BC-E3-83-B3-E3-82-B7-E3-83-A7-E3-83-83-E3-83-88-202022-07-25-2017-21-34_jpg.rf.d2520c6cc512c171a48a6bc162472504.jpg,28319,098efb2c013db01dae6251014e36eef57425f26ac68a86dc55aba4b5d29476fe
VADD(minmaldataset)/test/images/-E3-82-B9-E3-82-AF-E3-83-AA-E3-83-BC-E3-83-B3-E3-82-B7-E3-83-A7-E3-83-83-E3-83-88-202022-07-25-2017-22-05_jpg.rf.329ef907eff4c8720f31f9515107dcf1.jpg,28238,2a1758623154c868bb5bab2a41f8e97e2008ab22349e3594df62dec2862063a9
VADD(minmaldataset)/test/images/-E3-82-B9-E3-82-AF-E3-83-AA-E3-83-BC-E3-83-B3-E3-82-B7-E3-83-A7-E3-83-83-E3-83-88-202022-07-25-2017-27-12_jpg.rf.754b0e47ea5be610af82b773adbdf758.jpg,54488,34d2bdc458dd5f3b560db2072cd73eadd13c238e560bfdcecb7488000637cdfa
VADD(minmaldataset)/test/images/-E3-82-B9-E3-82-AF-E3-83-AA-E3-83-BC-E3-83-B3-E3-82-B7-E3-83-A7-E3-83-83-E3-83-88-202022-07-25-2017-27-54_jpg.rf.8faf22b290cf1be86f287a6837888cd4.jpg,28368,728bc0b2109950b2e12fec55c60827dded883bac1ea3f3776be265200be54f67
VADD(minmaldataset)/test/images/-E3-82-B9-E3-82-AF-E3-83-AA-E3-83-BC-E3-83-B3-E3-82-B7-E3-83-A7-E3-83-83-E3-83-88-202022-08-11-2014-20-25_jpg.rf.95a7ea5d794eafeee96abbaad4510b49.jpg,30642,e0686c8dfaffa13659153530fc3ca5c6c4d3feeada34941a24deb22892b23f05
VADD(minmaldataset)/test/images/-E3-82-B9-E3-82-AF-E3-83-AA-E3-83-BC-E3-83-B3-E3-82-B7-E3-83-A7-E3-83-83-E3-83-88-202022-08-11-2014-22-29_jpg.rf.d69498f29fbcd2dd21b47db8cc76b5e8.jpg,29953,7ac3e8d93e6b8da2aa9c557921142de707c55c548ae6f9c249b0180111bd0252
VADD(minmaldataset)/test/images/-E3-82-B9-E3-82-AF-E3-83-AA-E3-83-BC-E3-83-B3-E3-82-B7-E3-83-A7-E3-83-83-E3-83-88-202022-08-11-2014-24-56_jpg.rf.5ebce500a60e99485ab44239df4edb2e.jpg,59245,5651f103d51a72962939a861ebbc9863af75bf6597b5eaacc84ec28f6d5cc928
VADD(minmaldataset)/test/images/-E3-82-B9-E3-82-AF-E3-83-AA-E3-83-BC-E3-83-B3-E3-82-B7-E3-83-A7-E3-83-83-E3-83-88-202022-08-11-2016-22-49_jpg.rf.3b14e8342639f414bf468d828990c70e.jpg,51656,ca690b80e2a852f23e974faf3e15ddc52b7df4756a220c80e558bdf907ecfc31
VADD(minmaldataset)/test/images/-E3-82-B9-E3-82-AF-E3-83-AA-E3-83-BC-E3-83-B3-E3-82-B7-E3-83-A7-E3-83-83-E3-83-88-202022-08-11-2016-23-28_jpg.rf.4d42d509a3e3caf78e553ab37ea0933b.jpg,35851,a5f9c88fc753930284f644f5c14e0e9d4a8136d960f198e7aee54726ff5b9915
VADD(minmaldataset)/test/images/-E3-82-B9-E3-82-AF-E3-83-AA-E3-83-BC-E3-83-B3-E3-82-B7-E3-83-A7-E3-83-83-E3-83-88-202022-08-11-2016-47-55_jpg.rf.c4a5c09500113f3c7d29f195bbc011d5.jpg,36644,f0dd61958c60499c48563b331025ee06a522e6b5283b8fffaf62e74563925d9d
VADD(minmaldataset)/test/images/-E3-82-B9-E3-82-AF-E3-83-AA-E3-83-BC-E3-83-B3-E3-82-B7-E3-83-A7-E3-83-83-E3-83-88-202022-08-11-2016-49-56_jpg.rf.1980446761fba8943167ae3f528583ac.jpg,35881,d29ddf4d552c7d2c524f8ede5e74c0d2039b473ccd70373b186217f72c9019b4
VADD(minmaldataset)/test/images/-E3-82-B9-E3-82-AF-E3-83-AA-E3-83-BC-E3-83-B3-E3-82-B7-E3-83-A7-E3-83-83-E3-83-88-202022-08-11-2016-51-30_jpg.rf.2b157fc810635d12bc2b05524cefee68.jpg,35855,75312bdc401bb587eec12be04d3155420d48246eb3e7fac4d7966bf129d85b1e
VADD(minmaldataset)/test/images/-E3-82-B9-E3-82-AF-E3-83-AA-E3-83-BC-E3-83-B3-E3-82-B7-E3-83-A7-E3-83-83-E3-83-88-202022-08-11-2016-56-28_jpg.rf.c4601bf95eef8ca7299c54fba2d8271b.jpg,51295,0f58fd5ee7a4de8b029d9fa3bb6dcf010d44d253f56311df11152809e05ec1b4
VADD(minmaldataset)/test/images/-E3-82-B9-E3-82-AF-E3-83-AA-E3-83-BC-E3-83-B3-E3-82-B7-E3-83-A7-E3-83-83-E3-83-88-202022-08-11-2022-33-50_jpg.rf.f249fc5190f435dd57423193649ea1e8.jpg,31343,931c1654bccd0fb273a6886e266e0418ba9089abe6f9a3c885c157ee7b2179a3
VADD(minmaldataset)/test/images/-E3-82-B9-E3-82-AF-E3-83-AA-E3-83-BC-E3-83-B3-E3-82-B7-E3-83-A7-E3-83-83-E3-83-88-202022-08-11-2022-38-59_jpg.rf.de92207225235833368dc85f29966a21.jpg,44675,1df95396bdd1f9553c12d3c0a29956a140d1e51b25316f0fcb27b310ee64b7ea
VADD(minmaldataset)/test/images/-E3-82-B9-E3-82-AF-E3-83-AA-E3-83-BC-E3-83-B3-E3-82-B7-E3-83-A7-E3-83-83-E3-83-88-202022-08-11-2022-42-26_jpg.rf.cd2cd3f43884b231f1e41f03948987fe.jpg,31148,a142ea246c8dbbfa9a0084d2da4f568f8f083dcc4c49da99d846a994bffc7329
VADD(minmaldataset)/test/images/-E3-82-B9-E3-82-AF-E3-83-AA-E3-83-BC-E3-83-B3-E3-82-B7-E3-83-A7-E3-83-83-E3-83-88-202022-08-11-2022-52-02_jpg.rf.b6f5682aa243d329a82a8ae6c35b4d71.jpg,58347,68f4e3f0ef117b10b675ddab7e9b2ab3332c0f50f8d9be0934ad93deecf41e15
VADD(minmaldataset)/test/images/-E3-82-B9-E3-82-AF-E3-83-AA-E3-83-BC-E3-83-B3-E3-82-B7-E3-83-A7-E3-83-83-E3-83-88-202022-08-11-2022-54-00_jpg.rf.03820b4d8795c3b2d10cb460cf30267b.jpg,31057,506c1fddba8b73d0b6a9ec254aa93a2abbd24a62c74171088785bb46d91c401f
VADD(minmaldataset)/test/images/-E3-82-B9-E3-82-AF-E3-83-AA-E3-83-BC-E3-83-B3-E3-82-B7-E3-83-A7-E3-83-83-E3-83-88-202022-08-12-2015-18-33_jpg.rf.023c158cd88988c599c5c4a94fef2f7e.jpg,31045,6b5b6e5aafb6cff0adb69800a335f27b9fa6d1715670aeaff757417a3587f3a9
VADD(minmaldataset)/test/images/-E3-82-B9-E3-82-AF-E3-83-AA-E3-83-BC-E3-83-B3-E3-82-B7-E3-83-A7-E3-83-83-E3-83-88-202022-08-12-2015-30-03_jpg.rf.e164ab792bd1ec0284c2658e5bfea7b5.jpg,31855,fa59d4bf872c3004f5e33296674536bfabdbefa90b2aca8a17a8743e0d556e19
VADD(minmaldataset)/test/images/-E3-82-B9-E3-82-AF-E3-83-AA-E3-83-BC-E3-83-B3-E3-82-B7-E3-83-A7-E3-83-83-E3-83-88-202022-08-22-2023-24-27_jpg.rf.9d6922cef24affd2e42320825abb5ea1.jpg,52515,e2bbf134337fe09e3ee37fd128c7702feef3743f2f60a6db5bf0198b0c4ded9b
VADD(minmaldataset)/test/images/-E3-82-B9-E3-82-AF-E3-83-AA-E3-83-BC-E3-83-B3-E3-82-B7-E3-83-A7-E3-83-83-E3-83-88-202022-08-22-2023-24-47_jpg.rf.0e916a0508ca45dcc7568178314906ab.jpg,73387,a5b4ad4fc68e239edc5ad18c535af73e180d31bbd8675512e81feb7c7692c84e
VADD(minmaldataset)/test/images/-E3-82-B9-E3-82-AF-E3-83-AA-E3-83-BC-E3-83-B3-E3-82-B7-E3-83-A7-E3-83-83-E3-83-88-202022-08-22-2023-51-36_jpg.rf.67490c470e00cd402ac716ada1645d3d.jpg,32779,ad4a2c3192b9cce01cff9309eb967f283fbe7b6341e50cb92be539b3e0d1a4c7
VADD(minmaldataset)/test/images/-E3-82-B9-E3-82-AF-E3-83-AA-E3-83-BC-E3-83-B3-E3-82-B7-E3-83-A7-E3-83-83-E3-83-88-202022-08-23-200-19-23_jpg.rf.f5904bf3f38b1d29f8df55da60dd36ec.jpg,32545,af35e743c42c8884d6861f16c7599ada541603adb64c49e8df9b264737b1c504
VADD(minmaldataset)/test/images/-E3-82-B9-E3-82-AF-E3-83-AA-E3-83-BC-E3-83-B3-E3-82-B7-E3-83-A7-E3-83-83-E3-83-88-202022-08-23-200-23-26_jpg.rf.e7261106cfde48b5d3ae8c71722cc832.jpg,32345,0d7c36a2a9f594e28ba0b948b0ccdff06e72b42f806c68f339a80b00256a463d
VADD(minmaldataset)/test/images/-E3-82-B9-E3-82-AF-E3-83-AA-E3-83-BC-E3-83-B3-E3-82-B7-E3-83-A7-E3-83-83-E3-83-88-202022-08-23-200-37-52_jpg.rf.5448beaacc413a9aa73639024bd2f648.jpg,32557,4ad9c947f05b563f5485de38d24f80aa3981cee75edcce7ec62ff8d48c430ee2
VADD(minmaldataset)/test/images/-E3-82-B9-E3-82-AF-E3-83-AA-E3-83-BC-E3-83-B3-E3-82-B7-E3-83-A7-E3-83-83-E3-83-88-202022-08-23-200-45-25_jpg.rf.d1c88cfce9e72f7cc322e3ee698ee523.jpg,33416,d50c94ab6ee7b6b530b1b5e5c32f733c92091d645866128f182b0fb1546a8e40
VADD(minmaldataset)/test/images/-E3-82-B9-E3-82-AF-E3-83-AA-E3-83-BC-E3-83-B3-E3-82-B7-E3-83-A7-E3-83-83-E3-83-88-202022-08-27-2015-36-48_jpg.rf.4c63dc751de803e321865589d4af84f1.jpg,33692,609daeaeeaa0f830bcab6e5250f671feb44b848532c3170af95f65ec1b0d9d82
VADD(minmaldataset)/test/images/-E3-82-B9-E3-82-AF-E3-83-AA-E3-83-BC-E3-83-B3-E3-82-B7-E3-83-A7-E3-83-83-E3-83-88-202022-08-27-2015-47-12_jpg.rf.9c006db83bde0ba4314d0f8a04c4b826.jpg,33826,5ce88a2858f18282041346fcc1956929fe85125dea954ef737e25f52ecfc4478
VADD(minmaldataset)/test/images/-E3-82-B9-E3-82-AF-E3-83-AA-E3-83-BC-E3-83-B3-E3-82-B7-E3-83-A7-E3-83-83-E3-83-88-202022-08-27-2015-58-59_jpg.rf.4b059a4bb3735f8dfda96cc6c3796994.jpg,66234,26cf425cc43ab001683c707973e8acc22930df1c96600c111a689e7c71ce731e
VADD(minmaldataset)/test/images/-E3-82-B9-E3-82-AF-E3-83-AA-E3-83-BC-E3-83-B3-E3-82-B7-E3-83-A7-E3-83-83-E3-83-88-202022-08-27-2016-13-38_jpg.rf.b581c233d2fe8bf8c0f648e249521a14.jpg,32889,2d76b45accb167f5499d25fbb8701b02e417fb8b4aaf4b15804e420ec9683668
VADD(minmaldataset)/test/images/-E3-82-B9-E3-82-AF-E3-83-AA-E3-83-BC-E3-83-B3-E3-82-B7-E3-83-A7-E3-83-83-E3-83-88-202022-08-27-2016-21-42_jpg.rf.75bddad777c8ae8770b14b232883d829.jpg,32845,1a3352739b79d2f9a94e1496e591583b4c2474cc5fb15bfac8fb831a946c9737
VADD(minmaldataset)/test/images/-E3-82-B9-E3-82-AF-E3-83-AA-E3-83-BC-E3-83-B3-E3-82-B7-E3-83-A7-E3-83-83-E3-83-88-202022-08-28-2022-16-28_jpg.rf.3da325836af3496f99cab503d69c7181.jpg,46246,50ba80468949ba81b7e15dfd8926a88140469bcb084d00e0d75d5e50350fbfb7
VADD(minmaldataset)/test/images/-E3-82-B9-E3-82-AF-E3-83-AA-E3-83-BC-E3-83-B3-E3-82-B7-E3-83-A7-E3-83-83-E3-83-88-202022-08-28-2022-22-21_jpg.rf.5aff8022c91f56e4dab797864d4d40a9.jpg,33275,769a05535a23171b51f612e52bd91a044ee93877dfd6a24f1e3bbb703d707145
VADD(minmaldataset)/test/images/-E3-82-B9-E3-82-AF-E3-83-AA-E3-83-BC-E3-83-B3-E3-82-B7-E3-83-A7-E3-83-83-E3-83-88-202022-08-28-2022-26-42_jpg.rf.dcdd0dc5a6d70145db33ccf20742a8ed.jpg,32933,612048f88d4675e77b8b94e5e85b17c7a8dfe2c0e552e35cceb14626ff0df2ee
VADD(minmaldataset)/test/images/-E3-82-B9-E3-82-AF-E3-83-AA-E3-83-BC-E3-83-B3-E3-82-B7-E3-83-A7-E3-83-83-E3-83-88-202022-08-28-2022-28-41_jpg.rf.4d341f989ffc2fc2fac7fb2c4fe3edd9.jpg,33663,14aa3d5f4174628ad87c2c31c374f3c4d05a5d8838360f563aa45715296be5f0
VADD(minmaldataset)/test/images/-E3-82-B9-E3-82-AF-E3-83-AA-E3-83-BC-E3-83-B3-E3-82-B7-E3-83-A7-E3-83-83-E3-83-88-202022-08-28-2022-38-30_jpg.rf.8cf054ca2c3729f5a7a8b3a56c95ffef.jpg,64160,2b39976f6e12d496f5526f3fadc02cc3c81663971e5e4a1643cdb05b191f3101
VADD(minmaldataset)/test/images/-E3-82-B9-E3-82-AF-E3-83-AA-E3-83-BC-E3-83-B3-E3-82-B7-E3-83-A7-E3-83-83-E3-83-88-202022-08-28-2022-42-43_jpg.rf.9c325c22ec8e90acf777654e4f1a7576.jpg,47377,93659763cbbb10a0c963cbb9e0d214e61bd838fbfe742c497e8906d80281a686
VADD(minmaldataset)/test/images/-E3-82-B9-E3-82-AF-E3-83-AA-E3-83-BC-E3-83-B3-E3-82-B7-E3-83-A7-E3-83-83-E3-83-88-202022-08-31-2021-23-47_jpg.rf.165cb22b70be66e13b684b55b91c7102.jpg,43016,41d6bb469062350a78d214ecd392170705cb06f42ad68341992a03e1ae302973
VADD(minmaldataset)/test/images/-E3-82-B9-E3-82-AF-E3-83-AA-E3-83-BC-E3-83-B3-E3-82-B7-E3-83-A7-E3-83-83-E3-83-88-202022-08-31-2021-23-47_jpg.rf.ec0d9c1e93293a0128e79d0d2987a6a8.jpg,30426,9a1e755560d8417df23b615d05934023053c4ea4e6a781a68218e72ed55069aa
VADD(minmaldataset)/test/images/-E3-82-B9-E3-82-AF-E3-83-AA-E3-83-BC-E3-83-B3-E3-82-B7-E3-83-A7-E3-83-83-E3-83-88-202022-08-31-2021-25-08_jpg.rf.c10860454bb06862f706738ca7dc41af.jpg,32286,aab12aef508f3621714e4a4df97910318cef8d47548daeab48cb451967a83a3c
VADD(minmaldataset)/test/images/-E3-82-B9-E3-82-AF-E3-83-AA-E3-83-BC-E3-83-B3-E3-82-B7-E3-83-A7-E3-83-83-E3-83-88-202022-08-31-2021-25-08_jpg.rf.e05305c99a728341d67ee04a688d9595.jpg,32286,aab12aef508f3621714e4a4df97910318cef8d47548daeab48cb451967a83a3c
VADD(minmaldataset)/test/images/-E3-82-B9-E3-82-AF-E3-83-AA-E3-83-BC-E3-83-B3-E3-82-B7-E3-83-A7-E3-83-83-E3-83-88-202022-08-31-2021-29-55_jpg.rf.26cd9a5c6054eda8832cabb087ff9ebb.jpg,60916,b40012c57b36e9f39860aea495bb3d31c202db2a2a9ae90ed70aa216ccb6d931
VADD(minmaldataset)/test/images/-E3-82-B9-E3-82-AF-E3-83-AA-E3-83-BC-E3-83-B3-E3-82-B7-E3-83-A7-E3-83-83-E3-83-88-202022-08-31-2021-38-51_jpg.rf.a11cfe09bae9378721d6c585422e0a20.jpg,31808,85a4b43b8802bb941169cdd0362845f4a39ad22ebfd926dd4ea47331a8917760
VADD(minmaldataset)/test/images/-E3-82-B9-E3-82-AF-E3-83-AA-E3-83-BC-E3-83-B3-E3-82-B7-E3-83-A7-E3-83-83-E3-83-88-202022-08-31-2021-48-05_jpg.rf.3d8595d733ff0ed8173adb5659b39a39.jpg,29113,8b9cc351f6a572b98dfb843f14b5e75c54e0071e5ada1dab650905cde93f1a72
VADD(minmaldataset)/test/images/-E3-82-B9-E3-82-AF-E3-83-AA-E3-83-BC-E3-83-B3-E3-82-B7-E3-83-A7-E3-83-83-E3-83-88-202022-08-31-2021-54-29_jpg.rf.48c8f8cec7f80b5aee3ceb364215d580.jpg,31207,78f1644e63d436da9070ccbadb8e5ed12fdcc61f23e6d2c78a6e9c2293394df9
VADD(minmaldataset)/test/images/-E3-82-B9-E3-82-AF-E3-83-AA-E3-83-BC-E3-83-B3-E3-82-B7-E3-83-A7-E3-83-83-E3-83-88-202022-08-31-2021-58-21_jpg.rf.40f4070a80ac8b3e5dc14cd0c11e4018.jpg,48394,eacecb73b0703a7e8246740ef380f6be37338822e499777c20bbc2b416b1e85a
VADD(minmaldataset)/test/images/-E3-82-B9-E3-82-AF-E3-83-AA-E3-83-BC-E3-83-B3-E3-82-B7-E3-83-A7-E3-83-83-E3-83-88-202022-08-31-2021-58-21_jpg.rf.86794363ead65b2926e368c64ce40522.jpg,27198,75b161e1029cf446bdc2e967ea8b21307890eab245283847a9d9f6d20024a2a5
VADD(minmaldataset)/test/images/-E3-82-B9-E3-82-AF-E3-83-AA-E3-83-BC-E3-83-B3-E3-82-B7-E3-83-A7-E3-83-83-E3-83-88-202022-08-31-2021-58-21_jpg.rf.b698c8a649b34adfe90f6edcc1375bc8.jpg,37440,1f86eaf9f683408ae696a24bdb925fb0c52c29b6985c886985a676a1362ad75f
VADD(minmaldataset)/test/images/-E3-82-B9-E3-82-AF-E3-83-AA-E3-83-BC-E3-83-B3-E3-82-B7-E3-83-A7-E3-83-83-E3-83-88-202022-08-31-2021-58-43_jpg.rf.647b28c2bd252b30cc638ff89487c70e.jpg,28383,dcc730d7c78e1ea21eb9c1d966a3e6ef998a261c4cd8f0c7faa48285af9dc1fb
VADD(minmaldataset)/test/images/-E3-82-B9-E3-82-AF-E3-83-AA-E3-83-BC-E3-83-B3-E3-82-B7-E3-83-A7-E3-83-83-E3-83-88-202022-08-31-2022-04-28_jpg.rf.4885fd47fa165edd6765a7bc2fe9d590.jpg,50839,25ce214b413914999594ae87ebc40a47a45282dc0286349eedecc31b46392990
VADD(minmaldataset)/test/images/-E3-82-B9-E3-82-AF-E3-83-AA-E3-83-BC-E3-83-B3-E3-82-B7-E3-83-A7-E3-83-83-E3-83-88-202022-08-31-2022-04-28_jpg.rf.ccfc145f8ffed2f18215283926c33276.jpg,28124,70d8d5f05027b41c6f89c9b4b4565c5a884d4cd50fbd0ec005d8ad759aa3025f
VADD(minmaldataset)/test/images/-E3-82-B9-E3-82-AF-E3-83-AA-E3-83-BC-E3-83-B3-E3-82-B7-E3-83-A7-E3-83-83-E3-83-88-202022-08-31-2022-05-36_jpg.rf.0114ea89c9c069764ffa87991d44903e.jpg,28512,49d86199e0cd0e02f32464c0418bfac6cdeff0dc87c0ac62d039be032e3438bd
VADD(minmaldataset)/test/images/-E3-82-B9-E3-82-AF-E3-83-AA-E3-83-BC-E3-83-B3-E3-82-B7-E3-83-A7-E3-83-83-E3-83-88-202022-08-31-2022-15-16_jpg.rf.111366b3ea75465c7221958895475803.jpg,30761,166b5bae3853130da18c892b474edee96de9a092b7fd7855d762558c7ad2e213
VADD(minmaldataset)/test/images/-E3-82-B9-E3-82-AF-E3-83-AA-E3-83-BC-E3-83-B3-E3-82-B7-E3-83-A7-E3-83-83-E3-83-88-202022-08-31-2022-15-16_jpg.rf.834ceecf07081adb1cd14e874f26637b.jpg,30761,166b5bae3853130da18c892b474edee96de9a092b7fd7855d762558c7ad2e213
VADD(minmaldataset)/test/images/-E3-82-B9-E3-82-AF-E3-83-AA-E3-83-BC-E3-83-B3-E3-82-B7-E3-83-A7-E3-83-83-E3-83-88-202022-08-31-2022-17-27_jpg.rf.d87c9eec726c290e8cfea6ba5dbbd009.jpg,42066,833749d571de3088499eb2e547df756ccb395c83d664bada44c494771ad495a8
VADD(minmaldataset)/test/images/-E3-82-B9-E3-82-AF-E3-83-AA-E3-83-BC-E3-83-B3-E3-82-B7-E3-83-A7-E3-83-83-E3-83-88-202022-08-31-2022-18-33_jpg.rf.36f9dcb74400257c395990b5a00587e4.jpg,43661,91ddccf2295d0fb5892bb592f6e28a87b6c2e885118cfd2b919756542f9ed48d
VADD(minmaldataset)/test/images/-E3-82-B9-E3-82-AF-E3-83-AA-E3-83-BC-E3-83-B3-E3-82-B7-E3-83-A7-E3-83-83-E3-83-88-202022-08-31-2022-19-57_jpg.rf.f4718643294835f841f65e805fa1e2ad.jpg,31086,147b3de3dcbcfa61112d5baed4d05c1602acfb035d69e6277d583411933eefbf
VADD(minmaldataset)/test/images/-E3-82-B9-E3-82-AF-E3-83-AA-E3-83-BC-E3-83-B3-E3-82-B7-E3-83-A7-E3-83-83-E3-83-88-202022-08-31-2022-22-25_jpg.rf.fde96e731a5c8da9cbcb9f210246bf8e.jpg,30361,e0e70bc8cb7a0f6429f3f8b7e9a86d1a8e50296a6eaf6307c1a958e6de962300
VADD(minmaldataset)/test/images/-E3-82-B9-E3-82-AF-E3-83-AA-E3-83-BC-E3-83-B3-E3-82-B7-E3-83-A7-E3-83-83-E3-83-88-202022-08-31-2022-22-38_jpg.rf.380f3bf8f23182be860b2e85bb1354cf.jpg,30263,ca60cef687f362d31f1b2106b1bfec930a17c19c0b8b9a00a4f2d17f53328885
VADD(minmaldataset)/test/images/-E3-82-B9-E3-82-AF-E3-83-AA-E3-83-BC-E3-83-B3-E3-82-B7-E3-83-A7-E3-83-83-E3-83-88-202022-08-31-2022-26-47_jpg.rf.06734ac591460ddabc60fede215b3cdb.jpg,43680,e639f28d3668033407c7b007d92c45cb03d39e1a93289e17c876ed7f184cae6d
VADD(minmaldataset)/test/images/-E3-82-B9-E3-82-AF-E3-83-AA-E3-83-BC-E3-83-B3-E3-82-B7-E3-83-A7-E3-83-83-E3-83-88-202022-08-31-2022-29-10_jpg.rf.1d465ac117bcccb43f0ef5e4e7064704.jpg,30240,8ae4ad46d3ae23d4a175722c42b68eb4225852b6983720631943435edd65ef09
VADD(minmaldataset)/test/images/-E3-82-B9-E3-82-AF-E3-83-AA-E3-83-BC-E3-83-B3-E3-82-B7-E3-83-A7-E3-83-83-E3-83-88-202022-08-31-2022-46-24_jpg.rf.231c78f8aa70f428702f43b828ef91d6.jpg,84562,efe533297409a55a3b38e54af08c9338e9ed0a81b2e85d1199e3b9bc72d50144
VADD(minmaldataset)/test/images/-E3-82-B9-E3-82-AF-E3-83-AA-E3-83-BC-E3-83-B3-E3-82-B7-E3-83-A7-E3-83-83-E3-83-88-202022-08-31-2022-46-24_jpg.rf.d5807b71ca5f0b4eaba90b5c81fa478b.jpg,42811,5e20ec384b51b48b6bd260e107d2f237127a07765f343754895dfce0162154e5
VADD(minmaldataset)/test/images/-E3-82-B9-E3-82-AF-E3-83-AA-E3-83-BC-E3-83-B3-E3-82-B7-E3-83-A7-E3-83-83-E3-83-88-202022-08-31-2022-47-52_jpg.rf.5ddab5bb78ce043ec0536d76e9442523.jpg,61154,dd5f9e0812f91eec0b0a7d87cc50cf9da9060490b06f3efe88dc474c9b680134
VADD(minmaldataset)/test/images/-E3-82-B9-E3-82-AF-E3-83-AA-E3-83-BC-E3-83-B3-E3-82-B7-E3-83-A7-E3-83-83-E3-83-88-202022-08-31-2022-50-19_jpg.rf.1db1899a6d89e0e1c79e1ad04f269d15.jpg,30201,5ad26a59c8a78e3118a855c467aedb5a5f68728bb05f8bc7dd17e4c429d8c38e
VADD(minmaldataset)/test/images/-E3-82-B9-E3-82-AF-E3-83-AA-E3-83-BC-E3-83-B3-E3-82-B7-E3-83-A7-E3-83-83-E3-83-88-202022-08-31-2023-04-19_jpg.rf.0c3ce58503f1c5305e8bd122abfcda31.jpg,41837,ff5eac994470a14fda527a64010729debf3548f0857816a67ad16879e71a18c3
VADD(minmaldataset)/test/images/-E3-82-B9-E3-82-AF-E3-83-AA-E3-83-BC-E3-83-B3-E3-82-B7-E3-83-A7-E3-83-83-E3-83-88-202022-08-31-2023-08-13_jpg.rf.3b82cd1a84f5f82c1324de3092071b58.jpg,28012,0d21f14190f8d95a9a3ba2e7ce4190edf2c6fe7e0819ee4d2514403662dc2064
VADD(minmaldataset)/test/images/-E3-82-B9-E3-82-AF-E3-83-AA-E3-83-BC-E3-83-B3-E3-82-B7-E3-83-A7-E3-83-83-E3-83-88-202022-08-31-2023-27-22_jpg.rf.7f74b24d24bceb594f1bdd096e778c5f.jpg,54678,a3a7121eae7c787822e3183f661fd69dffdf741e20503ad1677dde7a62e40902
VADD(minmaldataset)/test/images/-E3-82-B9-E3-82-AF-E3-83-AA-E3-83-BC-E3-83-B3-E3-82-B7-E3-83-A7-E3-83-83-E3-83-88-202022-08-31-2023-27-30_jpg.rf.158c67da7da3055ad6faf158bfe22752.jpg,28099,1c9d191c0d6546ebb642afc93fafdfc58883f59642fe35d68545f78550a92379
VADD(minmaldataset)/test/images/-E3-82-B9-E3-82-AF-E3-83-AA-E3-83-BC-E3-83-B3-E3-82-B7-E3-83-A7-E3-83-83-E3-83-88-202022-08-31-2023-29-55_jpg.rf.dfcdf51088ff7a45bd21a1548efd3802.jpg,28081,5ce8df900d5204649951ba27286f9391d247636bccfd8077a152b70ea0fa1faf
VADD(minmaldataset)/test/images/-E3-82-B9-E3-82-AF-E3-83-AA-E3-83-BC-E3-83-B3-E3-82-B7-E3-83-A7-E3-83-83-E3-83-88-202022-08-31-2023-38-08_jpg.rf.eaa241db124f25dedb1b0e0a6d43c88e.jpg,27837,2f6fe94b39af27149bf6da3eb6c1e3328799eda65a2252a394ede5be945dfe5a
VADD(minmaldataset)/test/images/-E3-82-B9-E3-82-AF-E3-83-AA-E3-83-BC-E3-83-B3-E3-82-B7-E3-83-A7-E3-83-83-E3-83-88-202022-08-31-2023-52-50_jpg.rf.0f2b06d8bbdf064834144e35f7b9249b.jpg,28628,383834713a9458856f409861275a6ad5baa9bf86f8c83d633eba37b988bc14e5
VADD(minmaldataset)/test/images/-E3-82-B9-E3-82-AF-E3-83-AA-E3-83-BC-E3-83-B3-E3-82-B7-E3-83-A7-E3-83-83-E3-83-88-202022-08-31-2023-55-54_jpg.rf.6f594b8605786e1697d145d3bdbdc63e.jpg,40005,c21e9a84d57764b314283e885b42888065f5e8c0dc3c340d7985ea8ded9c3c00
VADD(minmaldataset)/test/images/-E3-82-B9-E3-82-AF-E3-83-AA-E3-83-BC-E3-83-B3-E3-82-B7-E3-83-A7-E3-83-83-E3-83-88-202022-08-31-2023-57-30_jpg.rf.3490be8e2517b1dec7e65669fe14c50c.jpg,28542,20929bcc12fc7b52078dc1f14396909ea95eefe72d5f42620f32af1395f3514a
VADD(minmaldataset)/test/images/-E3-82-B9-E3-82-AF-E3-83-AA-E3-83-BC-E3-83-B3-E3-82-B7-E3-83-A7-E3-83-83-E3-83-88-202022-09-01-200-00-25_jpg.rf.0dac2fa5adce9cb79f53e84222e04a7c.jpg,31189,3787283bedfd16a7ae7e929f393829cbf87d41ebd38a3c17dd0e178fb3cd7e2f
VADD(minmaldataset)/test/images/-E3-82-B9-E3-82-AF-E3-83-AA-E3-83-BC-E3-83-B3-E3-82-B7-E3-83-A7-E3-83-83-E3-83-88-202022-09-01-200-02-40_jpg.rf.328e3bf5dbb43826da69e7a047b29ab0.jpg,31681,dfe5c8153662d29578678064938be03cf9be22c70478a3e285ee52ac8af54f6a
VADD(minmaldataset)/test/images/-E3-82-B9-E3-82-AF-E3-83-AA-E3-83-BC-E3-83-B3-E3-82-B7-E3-83-A7-E3-83-83-E3-83-88-202022-09-01-200-27-11_jpg.rf.1f3a14d521265f0a8047c67367bd57f3.jpg,47130,cbb00967a87f6ebe3f49f1846523cf1eb9d7313df4382fe9943a495a31d8a7e2
VADD(minmaldataset)/test/images/-E3-82-B9-E3-82-AF-E3-83-AA-E3-83-BC-E3-83-B3-E3-82-B7-E3-83-A7-E3-83-83-E3-83-88-202022-09-01-200-28-38_jpg.rf.06aa422aba4b12eae0f1360097f3d972.jpg,67135,41c955c01f9668ac3f22795ce46d5c31a011f93cecd2c469f1221ce92ec74206
VADD(minmaldataset)/test/images/-E3-82-B9-E3-82-AF-E3-83-AA-E3-83-BC-E3-83-B3-E3-82-B7-E3-83-A7-E3-83-83-E3-83-88-202022-09-01-200-28-38_jpg.rf.6c7430aebb909f33b67257a35d5cb83c.jpg,34057,838db4205ff57001bfa6b61e0b40732f958194bee07193fd2e26b09248f07539
VADD(minmaldataset)/test/images/-E3-82-B9-E3-82-AF-E3-83-AA-E3-83-BC-E3-83-B3-E3-82-B7-E3-83-A7-E3-83-83-E3-83-88-202022-09-01-200-29-03_jpg.rf.a2a30edd15b2609032958195d28ef51b.jpg,46647,b9d8fb8a402e90885d7455aac9369268c0285005c944c1788dab13057b1cc0e1
VADD(minmaldataset)/test/images/-E3-82-B9-E3-82-AF-E3-83-AA-E3-83-BC-E3-83-B3-E3-82-B7-E3-83-A7-E3-83-83-E3-83-88-202022-09-01-200-31-58_jpg.rf.c0470af6da17bdd9ff9314ae1540a689.jpg,66706,93b5198504662252fa0436259336a8900f05570471961bcb21a1b892caecfba5
VADD(minmaldataset)/test/images/-E3-82-B9-E3-82-AF-E3-83-AA-E3-83-BC-E3-83-B3-E3-82-B7-E3-83-A7-E3-83-83-E3-83-88-202022-09-01-200-32-15_jpg.rf.ce31a04eb56acd52f4fd4258654ee2cc.jpg,33448,f75b787b0f03155aac773f8f1f0fa3a86b904ce332580d84e9376ae54dfde0a5
VADD(minmaldataset)/test/images/-E3-82-B9-E3-82-AF-E3-83-AA-E3-83-BC-E3-83-B3-E3-82-B7-E3-83-A7-E3-83-83-E3-83-88-202022-09-01-200-32-37_jpg.rf.428b0c5dd66f28339634fb5995a1308b.jpg,33635,f0922da757e3ac9726f147ef9205850a30a3d62e418c41e213ce0ad41a0e40b2
VADD(minmaldataset)/test/images/-E3-82-B9-E3-82-AF-E3-83-AA-E3-83-BC-E3-83-B3-E3-82-B7-E3-83-A7-E3-83-83-E3-83-88-202022-09-01-200-33-47_jpg.rf.8138539232702289e7d96e71c020445e.jpg,34156,e36a0cbad09e430a84101eaa479bf0265ae6eaedcbc3d5c9488e0663e237cc14
VADD(minmaldataset)/test/images/-E3-82-B9-E3-82-AF-E3-83-AA-E3-83-BC-E3-83-B3-E3-82-B7-E3-83-A7-E3-83-83-E3-83-88-202022-09-01-200-34-00_jpg.rf.bb56ac2b7c18210969b8297d0dc89971.jpg,33311,4cc425da7ded1632545ca1c7496ae8bb3cfbebdb0c27e33af4df74c9d011f012
VADD(minmaldataset)/test/images/-E3-82-B9-E3-82-AF-E3-83-AA-E3-83-BC-E3-83-B3-E3-82-B7-E3-83-A7-E3-83-83-E3-83-88-202022-09-01-200-37-05_jpg.rf.751fe1dcd7e7ff0b7b2b9a098839f07c.jpg,45997,abf2e7d3c58b5f667763b4d811737c2ffc398fecda6377bb0037bdd3a87cd6f7
VADD(minmaldataset)/test/images/-E3-82-B9-E3-82-AF-E3-83-AA-E3-83-BC-E3-83-B3-E3-82-B7-E3-83-A7-E3-83-83-E3-83-88-202022-09-01-200-45-55_jpg.rf.7c13ab36b8f2a6ba1b907be33f693d52.jpg,36277,7dcc4480f030e6f49a48fac0306b1ed1edc90d486599c4560d3655a623cb8e0f
VADD(minmaldataset)/test/images/-E3-82-B9-E3-82-AF-E3-83-AA-E3-83-BC-E3-83-B3-E3-82-B7-E3-83-A7-E3-83-83-E3-83-88-202022-09-01-200-46-44_jpg.rf.1c5a5e1fa631df96c1b5c0df1740ed56.jpg,72730,640d87e90fe5d0bc35de1ad3cca738fb007b2b1e2ded786deda69405c1077b05
VADD(minmaldataset)/test/images/-E3-82-B9-E3-82-AF-E3-83-AA-E3-83-BC-E3-83-B3-E3-82-B7-E3-83-A7-E3-83-83-E3-83-88-202022-09-01-200-47-43_jpg.rf.54b70f0aeecff8bcc56be84bbc033b92.jpg,35915,bcb7b44a8125d0cc30511c6268992c23c10bae0c73556681ea42c8e64d2b232f
VADD(minmaldataset)/test/images/-E3-82-B9-E3-82-AF-E3-83-AA-E3-83-BC-E3-83-B3-E3-82-B7-E3-83-A7-E3-83-83-E3-83-88-202022-09-01-200-50-03_jpg.rf.529d590f03f395761438782e21b2dc0f.jpg,36363,b2c284570990093a844a1c86a6ddbe1261c43136d92307b0029490939269ba47
VADD(minmaldataset)/test/images/-E3-82-B9-E3-82-AF-E3-83-AA-E3-83-BC-E3-83-B3-E3-82-B7-E3-83-A7-E3-83-83-E3-83-88-202022-09-01-200-50-32_jpg.rf.55f399ad4ea416e840b53bad4ce98d11.jpg,51998,68995e12b7492b746f537573e3ea04937477e453cded4f574726e84d0004e0e7
VADD(minmaldataset)/test/images/-E3-82-B9-E3-82-AF-E3-83-AA-E3-83-BC-E3-83-B3-E3-82-B7-E3-83-A7-E3-83-83-E3-83-88-202022-09-01-2015-54-40_jpg.rf.18beb25c3585f4fa489cfbea72f92b95.jpg,58001,621137b894e6f7203a8df20c09bb7113d7ff184b563ea0cb2cb3da0d4134411b
VADD(minmaldataset)/test/images/-E3-82-B9-E3-82-AF-E3-83-AA-E3-83-BC-E3-83-B3-E3-82-B7-E3-83-A7-E3-83-83-E3-83-88-202022-09-01-2015-54-40_jpg.rf.c1d167968654c6c83d105c7d77379fc6.jpg,30453,9c588714a25b99a1213f6c9e3fddab85de5208186d0b5398a0ebe726b67ee5e2
VADD(minmaldataset)/test/images/-E3-82-B9-E3-82-AF-E3-83-AA-E3-83-BC-E3-83-B3-E3-82-B7-E3-83-A7-E3-83-83-E3-83-88-202022-09-01-2015-57-45_jpg.rf.ef362eac6c35f055444df3bb705746aa.jpg,41320,d9e48766808aedfd7af8b962525a8462a5b030ae9f3158e124ec645fe1b1b1dd
VADD(minmaldataset)/test/images/-E3-82-B9-E3-82-AF-E3-83-AA-E3-83-BC-E3-83-B3-E3-82-B7-E3-83-A7-E3-83-83-E3-83-88-202022-09-01-2015-59-20_jpg.rf.5344d8b8399fee59a9940968724dc69a.jpg,30166,62c164de58f49042fc7a3ed7e8d7dd51ec318057134c33fe4f5012d30eea6c1c
VADD(minmaldataset)/test/images/-E3-82-B9-E3-82-AF-E3-83-AA-E3-83-BC-E3-83-B3-E3-82-B7-E3-83-A7-E3-83-83-E3-83-88-202022-09-01-2016-01-43_jpg.rf.907691ad2781fa686ff54feace78cc69.jpg,30149,3471fcf2af01f99dfe18b368ea2ba26a1baf57dbea32aea654d85b09f8c3dcea
VADD(minmaldataset)/test/images/-E3-82-B9-E3-82-AF-E3-83-AA-E3-83-BC-E3-83-B3-E3-82-B7-E3-83-A7-E3-83-83-E3-83-88-202022-09-01-2016-06-48_jpg.rf.458d67c349e8d090448b96d9a4d2fee9.jpg,42829,4c84ae95b2387c6f4657adede0612986b1e0bb7fab85353369820dce6336c5ac
VADD(minmaldataset)/test/images/-E3-82-B9-E3-82-AF-E3-83-AA-E3-83-BC-E3-83-B3-E3-82-B7-E3-83-A7-E3-83-83-E3-83-88-202022-09-01-2016-26-14_jpg.rf.b2720d3b706b8437f93f02f27a7d7bb7.jpg,29730,ddbdfd138adb36966d551ca2b566c839237a88ea061e4c8a8d29ed3b5ccb9cc2
VADD(minmaldataset)/test/images/-E3-82-B9-E3-82-AF-E3-83-AA-E3-83-BC-E3-83-B3-E3-82-B7-E3-83-A7-E3-83-83-E3-83-88-202022-09-01-2016-39-00_jpg.rf.9126cdba0862be9c8890ab9c13053def.jpg,41401,882400f999b24c7b52c952a902770fca55b8ab70222fa6b325a45d677cacb0af
VADD(minmaldataset)/test/images/-E3-82-B9-E3-82-AF-E3-83-AA-E3-83-BC-E3-83-B3-E3-82-B7-E3-83-A7-E3-83-83-E3-83-88-202022-09-01-2016-41-14_jpg.rf.61c868d5aef0ae51e1d70743499666db.jpg,29681,c717805c061c48d1bd2c67e9daa43bb4e8fcacbadf645f334535f6ba88edfeb7
VADD(minmaldataset)/test/images/-E3-82-B9-E3-82-AF-E3-83-AA-E3-83-BC-E3-83-B3-E3-82-B7-E3-83-A7-E3-83-83-E3-83-88-202022-09-01-2016-56-07_jpg.rf.02a441fb6678e999246fa06151eb7231.jpg,29366,e1cc5f6e4c3a255d7bf91b747202b4fa70bfaa1252744d0ac3301aa4c12b7cea
VADD(minmaldataset)/test/images/-E3-82-B9-E3-82-AF-E3-83-AA-E3-83-BC-E3-83-B3-E3-82-B7-E3-83-A7-E3-83-83-E3-83-88-202022-09-01-2016-59-47_jpg.rf.c7db6c3180f9dfe84db23ee884de0067.jpg,41142,fba7bb2f17f7966dfd82c4bf5744cd33ab522893493fe4fd0ee34a89a6c27fc8
VADD(minmaldataset)/test/images/-E3-82-B9-E3-82-AF-E3-83-AA-E3-83-BC-E3-83-B3-E3-82-B7-E3-83-A7-E3-83-83-E3-83-88-202022-09-01-2017-07-57_jpg.rf.5e97650664000dfafee9931a0dd75184.jpg,29125,b4da1f9939684298fa9934c2115085071f4cdf6419476eba63bd7965142f7368
VADD(minmaldataset)/test/images/-E3-82-B9-E3-82-AF-E3-83-AA-E3-83-BC-E3-83-B3-E3-82-B7-E3-83-A7-E3-83-83-E3-83-88-202022-09-01-202-02-45_jpg.rf.c9e77d8bd3c9cb8fc7fe6367c8c8be51.jpg,73372,758c27ba7edf4e60254cb188c2de79898b0872b0b7445873e10ff84797f20be1
VADD(minmaldataset)/test/images/-E3-82-B9-E3-82-AF-E3-83-AA-E3-83-BC-E3-83-B3-E3-82-B7-E3-83-A7-E3-83-83-E3-83-88-202022-09-01-202-14-44_jpg.rf.a15ebc1254d758411298550de50dec86.jpg,72714,804398e76e6e0652492adbc860a2301259efb3ac4affd9d772561a9353a242b0
VADD(minmaldataset)/test/images/-E3-82-B9-E3-82-AF-E3-83-AA-E3-83-BC-E3-83-B3-E3-82-B7-E3-83-A7-E3-83-83-E3-83-88-202022-09-01-202-23-45_jpg.rf.be1f1c43a7fcb8cc24573f17732f019c.jpg,35320,5adc25935650b5775f4b52cacfdeb91651d62f39a10397c3928c7cc768369347
VADD(minmaldataset)/test/images/-E3-82-B9-E3-82-AF-E3-83-AA-E3-83-BC-E3-83-B3-E3-82-B7-E3-83-A7-E3-83-83-E3-83-88-202022-09-02-2016-48-43_jpg.rf.c4e7e576446b8e60ee8e8e5f6786fe19.jpg,46107,12b28fb572bb3234d8db15517b26401fea68dac7451221b0ce1e952bbb525f04
VADD(minmaldataset)/test/images/-E3-82-B9-E3-82-AF-E3-83-AA-E3-83-BC-E3-83-B3-E3-82-B7-E3-83-A7-E3-83-83-E3-83-88-202022-09-02-2017-01-29_jpg.rf.248887db491af63aaccec5cd0ce7670c.jpg,37524,908625782943c89691725ce90ebc1067907131e59bd620287285b9fb4f1a236d
VADD(minmaldataset)/test/images/-E3-82-B9-E3-82-AF-E3-83-AA-E3-83-BC-E3-83-B3-E3-82-B7-E3-83-A7-E3-83-83-E3-83-88-202022-09-03-200-55-29_jpg.rf.a7e05e4e5717770bd31a593127b25f50.jpg,35872,c544a3bf28c78b0eb6e21cd791911ecbafc860b66e3053d116223b6c0ed220ba
VADD(minmaldataset)/test/images/-E3-82-B9-E3-82-AF-E3-83-AA-E3-83-BC-E3-83-B3-E3-82-B7-E3-83-A7-E3-83-83-E3-83-88-202022-09-03-201-20-57_jpg.rf.009be1e2ca5380f06da5c190c1de5704.jpg,41312,4c979d8c2326383d175a723fecf07830768d5fccecb82deed43dccc3a172077d
VADD(minmaldataset)/test/images/-E3-82-B9-E3-82-AF-E3-83-AA-E3-83-BC-E3-83-B3-E3-82-B7-E3-83-A7-E3-83-83-E3-83-88-202022-09-03-201-24-32_jpg.rf.cf69b5f6d7f85e983cabc9ea8b72774a.jpg,82554,b387b8e0a27f76684a22d56d9aa189a27effd0c7ffbb14f3bf893e1bbb8feb02
VADD(minmaldataset)/test/images/-E3-82-B9-E3-82-AF-E3-83-AA-E3-83-BC-E3-83-B3-E3-82-B7-E3-83-A7-E3-83-83-E3-83-88-202022-09-03-2016-30-17_jpg.rf.c6809d1efa794a172c755dd60173f0e2.jpg,87810,9c16dfad764f6d19e96d3ea5e778b864cc656c383aeac56ce6fd279da206a247
VADD(minmaldataset)/test/images/-E3-82-B9-E3-82-AF-E3-83-AA-E3-83-BC-E3-83-B3-E3-82-B7-E3-83-A7-E3-83-83-E3-83-88-202022-09-03-2017-11-28_jpg.rf.e19e6a8db3a36056a158f82dbc662fcf.jpg,42442,39622c6b4fd4979dc799ab9f0a159cb81b607e914ad322221255b306bd723a21
VADD(minmaldataset)/test/images/-E3-82-B9-E3-82-AF-E3-83-AA-E3-83-BC-E3-83-B3-E3-82-B7-E3-83-A7-E3-83-83-E3-83-88-202022-09-03-2017-23-51_jpg.rf.9df34aa6d51c3207c9f91f8c05c6841b.jpg,41681,6ddd40ef87291e4dbf56fbe20d9dfa23fe922f9ba7f254b581e10cc803a3f216
VADD(minmaldataset)/test/images/-E3-82-B9-E3-82-AF-E3-83-AA-E3-83-BC-E3-83-B3-E3-82-B7-E3-83-A7-E3-83-83-E3-83-88-202022-09-03-2017-26-20_jpg.rf.9d1fe8210d9c0b4374bd0c0048c05619.jpg,61377,66aa746ee3e4dceb9887fffc29a251547e12ff0bb99b0fcb84d4a84581807a5b
VADD(minmaldataset)/test/images/-E3-82-B9-E3-82-AF-E3-83-AA-E3-83-BC-E3-83-B3-E3-82-B7-E3-83-A7-E3-83-83-E3-83-88-202022-09-03-2017-34-43_jpg.rf.11fd1e4ec89441bb9f42d59fc91ab240.jpg,87882,8bd1c7c584829ce6f1fb4747fa191f3c0bc90ad71c936320f303522e20239470
VADD(minmaldataset)/test/images/-E3-82-B9-E3-82-AF-E3-83-AA-E3-83-BC-E3-83-B3-E3-82-B7-E3-83-A7-E3-83-83-E3-83-88-202022-09-03-2017-35-15_jpg.rf.6e35b8590a87aba148acd3820cd822c6.jpg,41814,9a10c0c957f6781351b9148dfe93decaa3cd0331cc59e28224f4cf160164b9f1
VADD(minmaldataset)/test/images/-E3-82-B9-E3-82-AF-E3-83-AA-E3-83-BC-E3-83-B3-E3-82-B7-E3-83-A7-E3-83-83-E3-83-88-202022-09-03-202-24-30_jpg.rf.7782ecb2e7b83fa9d0435bd810296071.jpg,41569,5d8ed1df1931ba6b15e106080f90caf242790aba1e6e26fabcc363b2ea528390
VADD(minmaldataset)/test/images/-E3-82-B9-E3-82-AF-E3-83-AA-E3-83-BC-E3-83-B3-E3-82-B7-E3-83-A7-E3-83-83-E3-83-88-202022-09-03-203-09-52_jpg.rf.5500773013c459ae6bcdf4cbdb8557bf.jpg,42062,b97cb05a74f1ed9d505690900634ff1dc62a22f7d40be50765174bdae5dcade4
VADD(minmaldataset)/test/images/-E3-82-B9-E3-82-AF-E3-83-AA-E3-83-BC-E3-83-B3-E3-82-B7-E3-83-A7-E3-83-83-E3-83-88-202022-09-03-203-11-11_jpg.rf.b2ea71b95affb2c5b730fc33ee0287cd.jpg,41922,96d2c4c21fd3135e0cef65c87e54ba22c03f3f80f6e1706fd3eaccefab957772
VADD(minmaldataset)/test/images/-E3-82-B9-E3-82-AF-E3-83-AA-E3-83-BC-E3-83-B3-E3-82-B7-E3-83-A7-E3-83-83-E3-83-88-202022-09-03-203-11-53_jpg.rf.f9bf48d4adde2f1a7806fe69f4a8041e.jpg,61581,1f83648e00ac032dc32456f7172e96a64035a19b71f1e3234587ba42d631c7ce
VADD(minmaldataset)/test/images/-E3-82-B9-E3-82-AF-E3-83-AA-E3-83-BC-E3-83-B3-E3-82-B7-E3-83-A7-E3-83-83-E3-83-88-202022-09-05-2022-42-01_jpg.rf.c11c27d0ac578621a5a5e8fa7b6160b5.jpg,88338,bbaba4cc3a573c7b2b4515f2598295ba8960b1ef2a8da10d4d3a0caab5ccae53
VADD(minmaldataset)/test/images/-E3-82-B9-E3-82-AF-E3-83-AA-E3-83-BC-E3-83-B3-E3-82-B7-E3-83-A7-E3-83-83-E3-83-88-202022-09-05-2022-47-03_jpg.rf.9f316e4395f6644c7a061dc67d1c5d87.jpg,38229,ec378cbc28e531e119259437b8c0c2b56dee4326ed89c911a6af0ae253f2a884
VADD(minmaldataset)/test/images/-E3-82-B9-E3-82-AF-E3-83-AA-E3-83-BC-E3-83-B3-E3-82-B7-E3-83-A7-E3-83-83-E3-83-88-202022-09-05-2023-15-18_jpg.rf.5c320ab11692fb0f1d5b7fd2f8139aca.jpg,58457,7d49c22e6477e0a597f34ba50556f41ad4186b7c78a716467788431a53b151a0
VADD(minmaldataset)/test/images/-E3-82-B9-E3-82-AF-E3-83-AA-E3-83-BC-E3-83-B3-E3-82-B7-E3-83-A7-E3-83-83-E3-83-88-202022-09-05-2023-17-38_jpg.rf.b438e5d4393e2963941c7a238ade79cc.jpg,40930,4e739279f851b53d046e56bc5ace3955117be1c12abd58c06ae94755288d07fa
VADD(minmaldataset)/test/images/-E3-82-B9-E3-82-AF-E3-83-AA-E3-83-BC-E3-83-B3-E3-82-B7-E3-83-A7-E3-83-83-E3-83-88-202022-09-05-2023-18-56_jpg.rf.2d3670fd397454130e17f747e4a95e18.jpg,81327,ba601966efcf403edc9eced059a07827bf2b44825fe9ac3b12b5d234f546cf8b
VADD(minmaldataset)/test/images/-E3-82-B9-E3-82-AF-E3-83-AA-E3-83-BC-E3-83-B3-E3-82-B7-E3-83-A7-E3-83-83-E3-83-88-202022-09-05-2023-19-11_jpg.rf.6ade12d9e72fb4223d5668cd0c46052f.jpg,80584,f9d04f14db0c64746759eeef3a28801baea32b9e845a955b999a25e5ad2414bf
VADD(minmaldataset)/test/images/-E3-82-B9-E3-82-AF-E3-83-AA-E3-83-BC-E3-83-B3-E3-82-B7-E3-83-A7-E3-83-83-E3-83-88-202022-09-05-2023-19-45_jpg.rf.5e0be33d701161beac8e9ee0c37118ec.jpg,81772,8a12e75371b3605667b37f73a046f2bca1d6870c3477228ec06fc4e0c8339005
VADD(minmaldataset)/test/images/-E3-82-B9-E3-82-AF-E3-83-AA-E3-83-BC-E3-83-B3-E3-82-B7-E3-83-A7-E3-83-83-E3-83-88-202022-09-05-2023-20-55_jpg.rf.c6528d25fba8ae2df26fe27aefbcd83b.jpg,41271,674e7eb15dc017f7c0148ce4882cd2822fb921fcbe375de2a11b4b16b6b7394b
VADD(minmaldataset)/test/images/-E3-82-B9-E3-82-AF-E3-83-AA-E3-83-BC-E3-83-B3-E3-82-B7-E3-83-A7-E3-83-83-E3-83-88-202022-09-05-2023-21-31_jpg.rf.44e946b41a502ce2deaf6d4f86cc05be.jpg,81931,a606563152acd92d7899b9c3b5c4e2cb4a48e257ea3cfd20b145d48035f1c9ba
VADD(minmaldataset)/test/images/-E3-82-B9-E3-82-AF-E3-83-AA-E3-83-BC-E3-83-B3-E3-82-B7-E3-83-A7-E3-83-83-E3-83-88-202022-09-05-2023-21-31_jpg.rf.77cf05799e65166d2d0c38c3caf44204.jpg,59782,2c21c19b5bbb10665ca88b49aca68af28de66dc1d0822e8eb3e6f195a3cf5af9
VADD(minmaldataset)/test/images/-E3-82-B9-E3-82-AF-E3-83-AA-E3-83-BC-E3-83-B3-E3-82-B7-E3-83-A7-E3-83-83-E3-83-88-202022-09-05-2023-42-28_jpg.rf.83c8b0bf805164bbc0cd6810e2fb5276.jpg,42454,562d70755c58663356959b5d76993390a8a7c4c2cab8a6ff6f949c7206b6efe2
VADD(minmaldataset)/test/images/-E3-82-B9-E3-82-AF-E3-83-AA-E3-83-BC-E3-83-B3-E3-82-B7-E3-83-A7-E3-83-83-E3-83-88-202022-09-05-2023-42-44_jpg.rf.dc9c8237085e89c5b6173ca7113c8250.jpg,86212,6a87dfd68d161abd55f55c8ccfaad463d542aea53be186651e158a6232be7e5c
VADD(minmaldataset)/test/images/-E3-82-B9-E3-82-AF-E3-83-AA-E3-83-BC-E3-83-B3-E3-82-B7-E3-83-A7-E3-83-83-E3-83-88-202022-09-09-2022-26-10_jpg.rf.d3da733ea1015aed1afbc161e15189d2.jpg,37588,406f03bf33bcfdf935356c8a289e422c3856f7600e6047eb6d3aaa7ee25fa2bc
VADD(minmaldataset)/test/images/-E3-82-B9-E3-82-AF-E3-83-AA-E3-83-BC-E3-83-B3-E3-82-B7-E3-83-A7-E3-83-83-E3-83-88-202022-09-09-2022-30-48_jpg.rf.7bd1571e3f8529ec98e33110205f844f.jpg,38961,ef902c6d9b6be480d2b100981b95c270a20022f2086978c3170697e852cc3a13
VADD(minmaldataset)/test/images/-E3-82-B9-E3-82-AF-E3-83-AA-E3-83-BC-E3-83-B3-E3-82-B7-E3-83-A7-E3-83-83-E3-83-88-202022-09-09-2022-31-08_jpg.rf.9deae807709767210a31c86e74cd118d.jpg,74686,d7eda8f049a3a683b9723ffd9b7532c387f7de04ebba895a6e639f060a7e3ed7
VADD(minmaldataset)/test/images/-E3-82-B9-E3-82-AF-E3-83-AA-E3-83-BC-E3-83-B3-E3-82-B7-E3-83-A7-E3-83-83-E3-83-88-202022-09-09-2022-34-39_jpg.rf.c90e4b76403a6f3e60163f174c2d9520.jpg,38857,39c7aee7b449cfc37421ee308343748ce4e8fd871313eefd0fa44368e7fe306d
VADD(minmaldataset)/test/images/-E3-82-B9-E3-82-AF-E3-83-AA-E3-83-BC-E3-83-B3-E3-82-B7-E3-83-A7-E3-83-83-E3-83-88-202022-09-12-2018-04-06_jpg.rf.6e6df412d37c32a56aa008623b5e5ce7.jpg,55538,69698db899c632c888025f9eb62af126572f5640688eabd092a4728cb8e6abd5
VADD(minmaldataset)/test/images/-E3-82-B9-E3-82-AF-E3-83-AA-E3-83-BC-E3-83-B3-E3-82-B7-E3-83-A7-E3-83-83-E3-83-88-202022-09-12-2018-05-18_jpg.rf.106b30f61cf1abdffda9e53ef3d903d2.jpg,32213,9c20992252ea131f75b369fc3d593e6b150f2ffbececc33adee6d5caa57e3664
VADD(minmaldataset)/test/images/-E3-82-B9-E3-82-AF-E3-83-AA-E3-83-BC-E3-83-B3-E3-82-B7-E3-83-A7-E3-83-83-E3-83-88-202022-09-12-2018-07-55_jpg.rf.fbde7d501592c58b3a968be34d889a04.jpg,44832,aa47003cfbb3dd73bf69612be753dc52ce8e6b8334ce4f042a08d8c72669d624
VADD(minmaldataset)/test/images/-E3-82-B9-E3-82-AF-E3-83-AA-E3-83-BC-E3-83-B3-E3-82-B7-E3-83-A7-E3-83-83-E3-83-88-202022-09-12-2023-28-59_jpg.rf.b1b939cb362f547bccc220a0ba17caf8.jpg,44987,42899e4751a17a35cb0253d21fa0022813a9d27a9b2d55d6c0c3ce762f88db96
VADD(minmaldataset)/test/images/-E3-82-B9-E3-82-AF-E3-83-AA-E3-83-BC-E3-83-B3-E3-82-B7-E3-83-A7-E3-83-83-E3-83-88-202022-09-13-200-05-57_jpg.rf.8d4e99f1878bf2f79979970f9bb225fc.jpg,59372,e7f533781103b9beaf31e1bdfd109679ece12e4733d479999f7e6729fd9d07ff
VADD(minmaldataset)/test/images/-E3-82-B9-E3-82-AF-E3-83-AA-E3-83-BC-E3-83-B3-E3-82-B7-E3-83-A7-E3-83-83-E3-83-88-202022-09-13-200-17-13_jpg.rf.56f59353852ca16c31e2b6b6fa6d2187.jpg,59291,acb95206f8a61145155fc766d1aca52a4a53638d608cc2aff717d47b51d22ca8
VADD(minmaldataset)/test/images/-E3-82-B9-E3-82-AF-E3-83-AA-E3-83-BC-E3-83-B3-E3-82-B7-E3-83-A7-E3-83-83-E3-83-88-202022-09-13-200-32-17_jpg.rf.91f3bcb6cbbfb785bbee638d4445aab3.jpg,58324,ed74154434a150ddaa96dc8219894dcd6c12eb544a5162c3d154fde321c19dd4
VADD(minmaldataset)/test/images/-E3-82-B9-E3-82-AF-E3-83-AA-E3-83-BC-E3-83-B3-E3-82-B7-E3-83-A7-E3-83-83-E3-83-88-202022-09-13-200-34-06_jpg.rf.debc23ae48cb54d04323d40f3f13e376.jpg,32429,5634458ef34ce8601f22e9b550e036ff63ca3ed04a7e25e3a8c33b925672b701
VADD(minmaldataset)/test/images/-E3-82-B9-E3-82-AF-E3-83-AA-E3-83-BC-E3-83-B3-E3-82-B7-E3-83-A7-E3-83-83-E3-83-88-202022-09-13-200-36-46_jpg.rf.258fec75e1316f8929d333aa9eaa3e6d.jpg,34251,eabf14e4e2e8640b400b9140d6c806fbece1389e2e8c9dc3c39ad1ef800fb275
VADD(minmaldataset)/test/images/-E3-82-B9-E3-82-AF-E3-83-AA-E3-83-BC-E3-83-B3-E3-82-B7-E3-83-A7-E3-83-83-E3-83-88-202022-09-13-200-37-37_jpg.rf.7fa9b9b6564eae66140b0593d8cd7b87.jpg,59353,efecedab14199f626c19ba71a96e71c86e020afe7e4d3f14705b0b2c1775af36
VADD(minmaldataset)/test/images/-E3-82-B9-E3-82-AF-E3-83-AA-E3-83-BC-E3-83-B3-E3-82-B7-E3-83-A7-E3-83-83-E3-83-88-202022-09-13-200-49-43_jpg.rf.7c60635b5828ad1efcecceeab083c367.jpg,29339,4be16099e7171ccb28f194e1bb86c618b93d35bf20c4ad9d19d648f94789462d
VADD(minmaldataset)/test/images/-E3-82-B9-E3-82-AF-E3-83-AA-E3-83-BC-E3-83-B3-E3-82-B7-E3-83-A7-E3-83-83-E3-83-88-202022-09-13-200-53-02_jpg.rf.a5a90fabc7722fa5f216d3e0db2fd65c.jpg,29591,69053adb97532d23a57f8f825f3c5b9e97106ddfbe835aa53a2335013ac8be8b
VADD(minmaldataset)/test/images/-E3-82-B9-E3-82-AF-E3-83-AA-E3-83-BC-E3-83-B3-E3-82-B7-E3-83-A7-E3-83-83-E3-83-88-202022-09-13-200-53-37_jpg.rf.1b0e4b62a74b37eb5a9ec90334857f02.jpg,30902,3dff1ff00331ba0a3a03b1b37f34db1a6541c749a54842b95c6330b2e47c52b5
VADD(minmaldataset)/test/images/-E3-82-B9-E3-82-AF-E3-83-AA-E3-83-BC-E3-83-B3-E3-82-B7-E3-83-A7-E3-83-83-E3-83-88-202022-09-13-201-04-21_jpg.rf.67cc519ef69be2eeed7e8c13a62b05d5.jpg,30279,e4a40e1101073a97c2b7c3db534c4d8784e3b882b3c1615371835511e4853786
VADD(minmaldataset)/test/images/-E3-82-B9-E3-82-AF-E3-83-AA-E3-83-BC-E3-83-B3-E3-82-B7-E3-83-A7-E3-83-83-E3-83-88-202022-09-13-202-07-24_jpg.rf.fc5418af974a9591078224e7dec18674.jpg,60857,afda7b2a6b9df8c530337606359cd8fafaa03bca99b0d50908b55edebef36ded
VADD(minmaldataset)/test/images/-E3-82-B9-E3-82-AF-E3-83-AA-E3-83-BC-E3-83-B3-E3-82-B7-E3-83-A7-E3-83-83-E3-83-88-202022-09-13-202-08-19_jpg.rf.f31be995312acb473747e72d95f30712.jpg,60996,3e34e5a35d1541be59a8d7c48a7658279b8c7006f5a45fc8b4a5ee0cda09c64b
VADD(minmaldataset)/test/images/-E3-82-B9-E3-82-AF-E3-83-AA-E3-83-BC-E3-83-B3-E3-82-B7-E3-83-A7-E3-83-83-E3-83-88-202022-09-15-201-23-11_jpg.rf.275181c1d87722aa88bc8751f83009e3.jpg,59555,d8db34626cc17d21645793f0110408060e9af8c74075fe763fefa042a2775d6c
VADD(minmaldataset)/test/images/-E3-82-B9-E3-82-AF-E3-83-AA-E3-83-BC-E3-83-B3-E3-82-B7-E3-83-A7-E3-83-83-E3-83-88-202022-09-15-201-29-05_jpg.rf.9d7a7009f5cb2736f4693683d8267058.jpg,34563,a6b01402ac60f1bea93826877e2b6117bb8e114850bc05cf92bbcb3d1ec9b20b
VADD(minmaldataset)/test/images/-E3-82-B9-E3-82-AF-E3-83-AA-E3-83-BC-E3-83-B3-E3-82-B7-E3-83-A7-E3-83-83-E3-83-88-202022-09-15-201-30-18_jpg.rf.0b948edff4e3eca6ef0ff9be4feac576.jpg,31526,419d5ffebe6e22c6783f52ac4351b5befb3179544b05efd7844985d76d6b0a9c
VADD(minmaldataset)/test/images/-E3-82-B9-E3-82-AF-E3-83-AA-E3-83-BC-E3-83-B3-E3-82-B7-E3-83-A7-E3-83-83-E3-83-88-202022-09-15-201-38-44_jpg.rf.f85c64c880929610cfc3c3b9b0173caf.jpg,45582,e39eb7874447c96ca59d47bd30e301a609d00e663f1eb2cfe41332e41f250fa4
VADD(minmaldataset)/test/images/-E3-82-B9-E3-82-AF-E3-83-AA-E3-83-BC-E3-83-B3-E3-82-B7-E3-83-A7-E3-83-83-E3-83-88-202022-09-15-201-44-02_jpg.rf.54e894ec5a5f236541a93cf1c3060257.jpg,31450,345c87f0a72e99c254cade8025cbe8a2ea7cba3a53a4e534d68bcd99ee333ff0
VADD(minmaldataset)/test/images/-E3-82-B9-E3-82-AF-E3-83-AA-E3-83-BC-E3-83-B3-E3-82-B7-E3-83-A7-E3-83-83-E3-83-88-202022-09-15-201-45-24_jpg.rf.0ea8410bf99b2ea3f87e43522016b7a1.jpg,60628,9a95f3f1d2cc93a742766b9e90b3a1b2c892d1a7f7cb1fabd17cee4a1b987509
VADD(minmaldataset)/test/images/-E3-82-B9-E3-82-AF-E3-83-AA-E3-83-BC-E3-83-B3-E3-82-B7-E3-83-A7-E3-83-83-E3-83-88-202022-09-15-201-47-56_jpg.rf.2464919a2853f3832e6790ab529f046a.jpg,33218,4eda15398fe0066429717411d7216410f8caa3b847b9ef3f2aefb6a4ca7d5ab6
VADD(minmaldataset)/test/images/-E3-82-B9-E3-82-AF-E3-83-AA-E3-83-BC-E3-83-B3-E3-82-B7-E3-83-A7-E3-83-83-E3-83-88-202022-09-15-201-51-39_jpg.rf.2b4908502664798182257b7f75315459.jpg,31863,f03808f6043227aabaa0ee921d88d7d1efdd76115e9886f54222282e309f8561
VADD(minmaldataset)/test/images/-E3-82-B9-E3-82-AF-E3-83-AA-E3-83-BC-E3-83-B3-E3-82-B7-E3-83-A7-E3-83-83-E3-83-88-202022-09-15-202-19-07_jpg.rf.5c1e509428bcea05060b3fdd5bb27fa2.jpg,41244,ef8eac90f71314ec892553ad5d39d9319b866f326219acda63bf7e942de6f70b
VADD(minmaldataset)/test/images/-E3-82-B9-E3-82-AF-E3-83-AA-E3-83-BC-E3-83-B3-E3-82-B7-E3-83-A7-E3-83-83-E3-83-88-202022-09-16-200-00-19_jpg.rf.e679b081dc8305b5101bfe2486e19ad9.jpg,57220,13f5ecb26aa934ea83acab31dc60a249a61de8087e60d123268ee5c0c9735027
VADD(minmaldataset)/test/images/-E3-82-B9-E3-82-AF-E3-83-AA-E3-83-BC-E3-83-B3-E3-82-B7-E3-83-A7-E3-83-83-E3-83-88-202022-09-16-200-07-08_jpg.rf.fff8860d80b3a030b8e910fee44b65b2.jpg,57666,182561426e892f50a2336a4af45dccc5c26a50b9fe34ff8bda59976386bbd1a6
VADD(minmaldataset)/test/images/-E3-82-B9-E3-82-AF-E3-83-AA-E3-83-BC-E3-83-B3-E3-82-B7-E3-83-A7-E3-83-83-E3-83-88-202022-09-16-200-13-45_jpg.rf.5a45b20df3c663cf2b56144543438a7a.jpg,30346,1ef1d99a62518ee493d5268b0b770d7eb878f40fffbbba3cfd86f6e264f689f1
VADD(minmaldataset)/test/images/-E3-82-B9-E3-82-AF-E3-83-AA-E3-83-BC-E3-83-B3-E3-82-B7-E3-83-A7-E3-83-83-E3-83-88-202022-09-16-200-14-03_jpg.rf.d6f1070e7bab4e9e2cf64cfb253a0cde.jpg,30116,4564c7f02006735c7702151f2ba211f14439f51dcf2feb90e66c8dede4711464
VADD(minmaldataset)/test/images/-E3-82-B9-E3-82-AF-E3-83-AA-E3-83-BC-E3-83-B3-E3-82-B7-E3-83-A7-E3-83-83-E3-83-88-202022-09-16-200-28-15_jpg.rf.273a1bad6866517639aa52eec0447e1d.jpg,59599,c5561b1fdd3ca8e6ccf1a2f2cacf98c6917d15df7f0b50d06f4f01173dc8079d
VADD(minmaldataset)/test/images/-E3-82-B9-E3-82-AF-E3-83-AA-E3-83-BC-E3-83-B3-E3-82-B7-E3-83-A7-E3-83-83-E3-83-88-202022-09-16-200-32-20_jpg.rf.4c0e7e56131fca768ca3a3786608770e.jpg,33558,6822a0beaf0cc9c0ecd84d2d587bdcddc4405ac81602976563787231c93334b6
VADD(minmaldataset)/test/images/-E3-82-B9-E3-82-AF-E3-83-AA-E3-83-BC-E3-83-B3-E3-82-B7-E3-83-A7-E3-83-83-E3-83-88-202022-09-16-200-41-03_jpg.rf.c9d225e311e62025a44cea0a484230dd.jpg,66752,3bf539d876e24344334f936a44c6e9767ddbf32c8e2df86cd23bf7b7e982f4c8
VADD(minmaldataset)/test/images/-E3-82-B9-E3-82-AF-E3-83-AA-E3-83-BC-E3-83-B3-E3-82-B7-E3-83-A7-E3-83-83-E3-83-88-202022-09-16-200-55-28_jpg.rf.f85599e2852993cd9dcfc3a380a37f01.jpg,67253,494bdb14f9c9bc4d694e505d21f72b92e908497cb1979bc6e0043f3cabc7d218
VADD(minmaldataset)/test/images/-E3-82-B9-E3-82-AF-E3-83-AA-E3-83-BC-E3-83-B3-E3-82-B7-E3-83-A7-E3-83-83-E3-83-88-202022-09-16-200-55-55_jpg.rf.a31be143376e3e019b519af86ea317d6.jpg,33725,cbe8291dc92c56229dddb6f7b546590c2526972ce5c5c49be0b3b4071b1e079b
VADD(minmaldataset)/test/images/-E3-82-B9-E3-82-AF-E3-83-AA-E3-83-BC-E3-83-B3-E3-82-B7-E3-83-A7-E3-83-83-E3-83-88-202022-09-16-200-56-33_jpg.rf.5c85a53da8ba72949afb01a72e7fb585.jpg,34684,4d067f2e5f567b752f473b8cdeae3163520f7bdc10cf997d4dee54eafcf5603d
VADD(minmaldataset)/test/images/-E3-82-B9-E3-82-AF-E3-83-AA-E3-83-BC-E3-83-B3-E3-82-B7-E3-83-A7-E3-83-83-E3-83-88-202022-09-16-201-01-11_jpg.rf.6dd50f59baffbba187ea593a226ad9e9.jpg,33141,6f617a4030a6c3598bbc71ba200d34ee148153c97edd7193b41f1731409f4e0b
VADD(minmaldataset)/test/images/-E3-82-B9-E3-82-AF-E3-83-AA-E3-83-BC-E3-83-B3-E3-82-B7-E3-83-A7-E3-83-83-E3-83-88-202022-09-16-201-29-51_jpg.rf.c3d12abe7b14339318f1f6f269d6f6cb.jpg,66326,61c908d773e8219694b7d3ebc23ddbca1201cb3716dc1529cc62716f7169150b
VADD(minmaldataset)/test/images/-E3-82-B9-E3-82-AF-E3-83-AA-E3-83-BC-E3-83-B3-E3-82-B7-E3-83-A7-E3-83-83-E3-83-88-202022-09-16-2017-03-33_jpg.rf.03da44cb90d0df4b1deff357916c43a3.jpg,42534,0d0c446f59c161e0b30975bd9b28878c42de344c07baf20bece69c92e52dfdd7
VADD(minmaldataset)/test/images/-E3-82-B9-E3-82-AF-E3-83-AA-E3-83-BC-E3-83-B3-E3-82-B7-E3-83-A7-E3-83-83-E3-83-88-202022-09-16-2017-04-46_jpg.rf.f425f9601c94846fde9ac4dae0bdc3a3.jpg,30143,d5f263791372720eabfa3fe9249aecc5bb571a06ae9effbab36252fb25a76820
VADD(minmaldataset)/test/images/-E3-82-B9-E3-82-AF-E3-83-AA-E3-83-BC-E3-83-B3-E3-82-B7-E3-83-A7-E3-83-83-E3-83-88-202022-09-16-2017-08-43_jpg.rf.9137307b89b26d0ac4a525ce845e3974.jpg,57439,cb5d95c2203925fc93d14d2c0ee762c40c0872c2f1c58e7e4edff363a6323d81
VADD(minmaldataset)/test/images/-E3-82-B9-E3-82-AF-E3-83-AA-E3-83-BC-E3-83-B3-E3-82-B7-E3-83-A7-E3-83-83-E3-83-88-202022-09-16-2017-11-44_jpg.rf.4a0ff5bb2da5fcb24ba9a92d3e40a2dd.jpg,30250,3c4840190fc65c2832b75eb01d7e040e4ffe40eada30790a53d64e1318e61dcc
VADD(minmaldataset)/test/images/-E3-82-B9-E3-82-AF-E3-83-AA-E3-83-BC-E3-83-B3-E3-82-B7-E3-83-A7-E3-83-83-E3-83-88-202022-09-16-2017-28-46_jpg.rf.3c723e34089282d6a39c79efe46035ca.jpg,56727,811f83e00b15eb043bb868441b25c14e46b90a8d220a860bf30c6e2385eb39c7
VADD(minmaldataset)/test/images/-E3-82-B9-E3-82-AF-E3-83-AA-E3-83-BC-E3-83-B3-E3-82-B7-E3-83-A7-E3-83-83-E3-83-88-202022-09-16-2017-30-34_jpg.rf.55af4217260701fe3f35d8ae8c144cb9.jpg,30683,1e764dd0cc205cdddbe13dffd518297565031b50e40017dadbc50b93a02ca5ca
VADD(minmaldataset)/test/images/-E3-82-B9-E3-82-AF-E3-83-AA-E3-83-BC-E3-83-B3-E3-82-B7-E3-83-A7-E3-83-83-E3-83-88-202022-09-16-2017-31-49_jpg.rf.fa2fc4c911c06e068c5ce0e143a3c7b7.jpg,29321,46d410aa94bc94ec59f754da59dab7135755e6cbc09fb9bbac84ce6bf18ce4cc
VADD(minmaldataset)/test/images/-E3-82-B9-E3-82-AF-E3-83-AA-E3-83-BC-E3-83-B3-E3-82-B7-E3-83-A7-E3-83-83-E3-83-88-202022-09-16-2017-33-04_jpg.rf.7e2a01b79c20248e34d165179de12675.jpg,30458,093e1c26742352d0c6ee00d7b2140165ca1fd800f05b760b38d8911af1509931
VADD(minmaldataset)/test/images/-E3-82-B9-E3-82-AF-E3-83-AA-E3-83-BC-E3-83-B3-E3-82-B7-E3-83-A7-E3-83-83-E3-83-88-202022-09-16-2017-34-50_jpg.rf.25a6047ad75303c246e580b1792d8f4e.jpg,29210,bef392e1b66fb8291069084ee6c800a4672c887c0f5af1536168c5e32c76d57d
VADD(minmaldataset)/test/images/-E3-82-B9-E3-82-AF-E3-83-AA-E3-83-BC-E3-83-B3-E3-82-B7-E3-83-A7-E3-83-83-E3-83-88-202022-09-16-2017-35-02_jpg.rf.580a75a596592650524731ec3023069e.jpg,30346,91fb4683bb9527addb48c6050f4216f8805bf955d40b7b192431847fef5f0bee
VADD(minmaldataset)/test/images/-E3-82-B9-E3-82-AF-E3-83-AA-E3-83-BC-E3-83-B3-E3-82-B7-E3-83-A7-E3-83-83-E3-83-88-202022-09-16-2017-35-18_jpg.rf.bad4fce20536877fdd4dae9640224bdd.jpg,30494,cbd287cd5ef25d3fe091c0b64bd26c79fe64a0e497507a4cc916c4b1d23b25cb
VADD(minmaldataset)/test/images/-E3-82-B9-E3-82-AF-E3-83-AA-E3-83-BC-E3-83-B3-E3-82-B7-E3-83-A7-E3-83-83-E3-83-88-202022-09-16-2017-38-50_jpg.rf.87a6a90f8acd3430d01e6ece3943b319.jpg,58621,a397c55eee4eb002f548b6b10708f97a93a6fb9fd81e181ae251b81e25b4e8e6
VADD(minmaldataset)/test/images/-E3-82-B9-E3-82-AF-E3-83-AA-E3-83-BC-E3-83-B3-E3-82-B7-E3-83-A7-E3-83-83-E3-83-88-202022-09-16-2017-39-28_jpg.rf.d965f8ddb1801f341749d0ae8b15165c.jpg,58709,8e270d67066ce0b2487281fe927eb1e1d2cd3cdf276d784456926e0ef15a7e77
VADD(minmaldataset)/test/images/-E3-82-B9-E3-82-AF-E3-83-AA-E3-83-BC-E3-83-B3-E3-82-B7-E3-83-A7-E3-83-83-E3-83-88-202022-09-16-202-02-18_jpg.rf.ff2cf657f2a6d205776bc594c4e7990f.jpg,47458,b7b0d1951baa7f646bde7f43a2d43c636449a566694c760b19abe694e8bf5db2
VADD(minmaldataset)/test/images/-E3-82-B9-E3-82-AF-E3-83-AA-E3-83-BC-E3-83-B3-E3-82-B7-E3-83-A7-E3-83-83-E3-83-88-202022-09-16-202-18-07_jpg.rf.6fa922ae3f6003941af14ba26fc9db62.jpg,66067,649c7689d8d51b31903167ac38c4311d6050e3748c9c07e84f64e689b68f8d04
VADD(minmaldataset)/test/images/-E3-82-B9-E3-82-AF-E3-83-AA-E3-83-BC-E3-83-B3-E3-82-B7-E3-83-A7-E3-83-83-E3-83-88-202022-09-16-202-19-45_jpg.rf.72465ce8026d6f26ecbc27a15ab0cb2f.jpg,46895,a5bbece6c7f39c5a3c2796254f66d836d364a55388a0c48db45a449a8ed920fb
VADD(minmaldataset)/test/images/-E3-82-B9-E3-82-AF-E3-83-AA-E3-83-BC-E3-83-B3-E3-82-B7-E3-83-A7-E3-83-83-E3-83-88-202022-09-16-202-20-49_jpg.rf.8ae9b4828e00ceafe2d3c58443e6bc15.jpg,64828,3c741f7a3a0bd4382526a231928b2d3ffad34035d760fee692250ce961025acd
VADD(minmaldataset)/test/images/-E3-82-B9-E3-82-AF-E3-83-AA-E3-83-BC-E3-83-B3-E3-82-B7-E3-83-A7-E3-83-83-E3-83-88-202022-09-16-2022-32-36_jpg.rf.7aea312467e221c1640ed7a7e52023bc.jpg,42376,11f8eb9812714a18f96c54b63d119ed661b9812dc4b5989e6aaf9bb5c171e375
VADD(minmaldataset)/test/images/-E3-82-B9-E3-82-AF-E3-83-AA-E3-83-BC-E3-83-B3-E3-82-B7-E3-83-A7-E3-83-83-E3-83-88-202022-09-16-2022-36-17_jpg.rf.b8a2e78b25835a82718a5181bbfca808.jpg,42591,0d49ebacc7ef3869321c161ec5c6e66deb60ba63fbcb414c1f485c2643ad1f75
VADD(minmaldataset)/test/images/-E3-82-B9-E3-82-AF-E3-83-AA-E3-83-BC-E3-83-B3-E3-82-B7-E3-83-A7-E3-83-83-E3-83-88-202022-09-16-2022-41-47_jpg.rf.759d8acee90617ce7780a67ba9d39eb8.jpg,41736,51e822ac25746fecfb837467c3ae0d004fbf91260773fb758e0f9d562cf35609
VADD(minmaldataset)/test/images/-E3-82-B9-E3-82-AF-E3-83-AA-E3-83-BC-E3-83-B3-E3-82-B7-E3-83-A7-E3-83-83-E3-83-88-202022-09-16-2022-41-47_jpg.rf.cd06cef7d82943633c3918b387615fdf.jpg,57355,284b939ccd3fa06096aace37eafe37b091f84eba4d0438d4b99180b756649e39
VADD(minmaldataset)/test/images/-E3-82-B9-E3-82-AF-E3-83-AA-E3-83-BC-E3-83-B3-E3-82-B7-E3-83-A7-E3-83-83-E3-83-88-202022-09-16-2022-43-51_jpg.rf.f07e4c9364f7d25bd3db4a6fd5e365f7.jpg,42786,affb9e2e71fed669ebe2287f044c72f457942a364680926e33dfdabbed5f8493
VADD(minmaldataset)/test/images/-E3-82-B9-E3-82-AF-E3-83-AA-E3-83-BC-E3-83-B3-E3-82-B7-E3-83-A7-E3-83-83-E3-83-88-202022-09-16-2022-49-01_jpg.rf.1f34d47febfa62c6e3fad8cc7d93845c.jpg,29185,191cb47102f6d2baed4852bb68a715fe4c0ab0dd4643fc2278b70f1e1cab58d6
VADD(minmaldataset)/test/images/-E3-82-B9-E3-82-AF-E3-83-AA-E3-83-BC-E3-83-B3-E3-82-B7-E3-83-A7-E3-83-83-E3-83-88-202022-09-16-2022-49-01_jpg.rf.d224e83ab13670e82107ff76347efb00.jpg,55880,f52a9544c7e7c48ebdf025c77cd19083fa400dc428dca070b6c90424ac4da01f
VADD(minmaldataset)/test/images/-E3-82-B9-E3-82-AF-E3-83-AA-E3-83-BC-E3-83-B3-E3-82-B7-E3-83-A7-E3-83-83-E3-83-88-202022-09-16-2022-49-51_jpg.rf.1705d40211d790f3b7a74996421c82ab.jpg,29487,0973b79edde7c3745bbb15875ce03e65f8faea20a40a81a7ff14853c6090ef80
VADD(minmaldataset)/test/images/-E3-82-B9-E3-82-AF-E3-83-AA-E3-83-BC-E3-83-B3-E3-82-B7-E3-83-A7-E3-83-83-E3-83-88-202022-09-16-2022-55-34_jpg.rf.bbff6205bf34e10438c791d1b5a2240f.jpg,28831,e3413fecab9dac060cfae69ac283605d7921215487a0a7aa80b5f99974b7c3cb
VADD(minmaldataset)/test/images/-E3-82-B9-E3-82-AF-E3-83-AA-E3-83-BC-E3-83-B3-E3-82-B7-E3-83-A7-E3-83-83-E3-83-88-202022-09-16-2022-56-53_jpg.rf.3d1ca38755b3d33383b70acab1f3a81f.jpg,41992,9b8c7e9163961d5e71f3b7ab30e217d928fef1f2f31486088a8d050be23720bb
VADD(minmaldataset)/test/images/-E3-82-B9-E3-82-AF-E3-83-AA-E3-83-BC-E3-83-B3-E3-82-B7-E3-83-A7-E3-83-83-E3-83-88-202022-10-03-2023-47-08_jpg.rf.f22c7300eddf810a108ce5d27b81f0b4.jpg,48189,7d93a93e148c72f0442f6b076e32d1e5701c5897ce16c8ba788ec60c26112ee1
VADD(minmaldataset)/test/images/-E3-82-B9-E3-82-AF-E3-83-AA-E3-83-BC-E3-83-B3-E3-82-B7-E3-83-A7-E3-83-83-E3-83-88-202022-10-03-2023-47-18_jpg.rf.0c34ca3a142fdaa5c6e9e7cecc676b61.jpg,66940,c0263a6a491c798ef60f93cd181128071b876c1ab1ed27ceda4fd0fbd83ec7e2
VADD(minmaldataset)/test/images/-E3-82-B9-E3-82-AF-E3-83-AA-E3-83-BC-E3-83-B3-E3-82-B7-E3-83-A7-E3-83-83-E3-83-88-202022-10-03-2023-52-58_jpg.rf.2c5d2c38510244d28eecfdf6d95a7848.jpg,47149,b3a762cee6b123a01e792c572faaa4ad4b2ed51dc8fd5b101f563392556d9a53
VADD(minmaldataset)/test/images/-E3-82-B9-E3-82-AF-E3-83-AA-E3-83-BC-E3-83-B3-E3-82-B7-E3-83-A7-E3-83-83-E3-83-88-202022-10-03-2023-53-20_jpg.rf.aa8b79a3ab93e4588eb07629157ffb47.jpg,65558,6023de6508ef006ea11db692468ff9cc494761cf513ea41cdf259383d5a37026
VADD(minmaldataset)/test/images/-E3-82-B9-E3-82-AF-E3-83-AA-E3-83-BC-E3-83-B3-E3-82-B7-E3-83-A7-E3-83-83-E3-83-88-202022-10-03-2023-53-53_jpg.rf.1ed45d16003b6819cff0547369d39cfc.jpg,67432,22ef0b5fd23f1334160c815ffa14c206f65ad42165c601c87ca16ade5bfd2506
VADD(minmaldataset)/test/images/-E3-82-B9-E3-82-AF-E3-83-AA-E3-83-BC-E3-83-B3-E3-82-B7-E3-83-A7-E3-83-83-E3-83-88-202022-10-03-2023-59-31_jpg.rf.9c19a135b0401478216edaf7c8c28a4d.jpg,32808,03fd5d09e2f673c320ea2ada03bd3b36b09655fc33b55d284b769a0375f96ddf
VADD(minmaldataset)/test/images/-E3-82-B9-E3-82-AF-E3-83-AA-E3-83-BC-E3-83-B3-E3-82-B7-E3-83-A7-E3-83-83-E3-83-88-202022-10-04-200-09-05_jpg.rf.ee192e7dc332f73c04fdc4ce90e2f58a.jpg,46586,20049e07f73bb981510e074373815d6483d1229e432dbbb00fb4bd30276796f9
VADD(minmaldataset)/test/images/-E3-82-B9-E3-82-AF-E3-83-AA-E3-83-BC-E3-83-B3-E3-82-B7-E3-83-A7-E3-83-83-E3-83-88-202022-10-04-200-10-22_jpg.rf.da5f9ecf3bcdc3d86f854f64aab98046.jpg,32905,47dc98f35f06e1e095b7c601a9196cd51ea65b961178741ad96ba860b3a2c30e
VADD(minmaldataset)/test/images/-E3-82-B9-E3-82-AF-E3-83-AA-E3-83-BC-E3-83-B3-E3-82-B7-E3-83-A7-E3-83-83-E3-83-88-202022-10-04-200-10-43_jpg.rf.e38ebb5974d0f752644dc371d03a969f.jpg,64497,1de1b5822331194d81a80c5b07bce8a2a3b908f9aa7ba012c0443890433a44b4
VADD(minmaldataset)/test/images/-E3-82-B9-E3-82-AF-E3-83-AA-E3-83-BC-E3-83-B3-E3-82-B7-E3-83-A7-E3-83-83-E3-83-88-202022-10-04-200-15-24_jpg.rf.ccf38ec6ae9a5bc1cde1a4f6b14d779a.jpg,46790,3eafd9b761460e7e25f0147b3afce30cb05d3fe05c9b462e32859dd82a233fe8
VADD(minmaldataset)/test/images/-E3-82-B9-E3-82-AF-E3-83-AA-E3-83-BC-E3-83-B3-E3-82-B7-E3-83-A7-E3-83-83-E3-83-88-202022-10-04-200-15-32_jpg.rf.510f0bd8306859a5951ca494807cfe58.jpg,33383,af2d60853cde0622c525f214992f0f92d66cf2904f3d7970f4de01b70a7fa790
VADD(minmaldataset)/test/images/-E3-82-B9-E3-82-AF-E3-83-AA-E3-83-BC-E3-83-B3-E3-82-B7-E3-83-A7-E3-83-83-E3-83-88-202022-10-04-200-16-19_jpg.rf.96418c949f895f96f56f3711d92a6bdc.jpg,33380,e110860b5d16d13cc6cc1326eccf8e88074a68c585e058b9db4bf2e7a10f9038
VADD(minmaldataset)/test/images/-E3-82-B9-E3-82-AF-E3-83-AA-E3-83-BC-E3-83-B3-E3-82-B7-E3-83-A7-E3-83-83-E3-83-88-202022-10-04-200-16-29_jpg.rf.2946126db8450c8b4e297d5f06c92c60.jpg,62284,e667beb3a874ffcb478c0f20427accde21eb1146ea2733741c20e05f2199e86b
VADD(minmaldataset)/test/images/-E3-82-B9-E3-82-AF-E3-83-AA-E3-83-BC-E3-83-B3-E3-82-B7-E3-83-A7-E3-83-83-E3-83-88-202022-10-04-200-17-57_jpg.rf.637554a31df630ce267e4d666be144df.jpg,47051,eea0ecd46d32eb9b389c5af6077e32fce70f0b128595a9dd822f122361f34540
VADD(minmaldataset)/test/images/-E3-82-B9-E3-82-AF-E3-83-AA-E3-83-BC-E3-83-B3-E3-82-B7-E3-83-A7-E3-83-83-E3-83-88-202022-10-04-200-19-12_jpg.rf.20b4118169da4d851af7f3ceffe13d73.jpg,64808,828e8419b2551a107ad007078ccf5c075ba84172ce76700d8dd2243b2223835c
VADD(minmaldataset)/test/images/-E3-82-B9-E3-82-AF-E3-83-AA-E3-83-BC-E3-83-B3-E3-82-B7-E3-83-A7-E3-83-83-E3-83-88-202022-10-04-200-24-29_jpg.rf.ff366bc09af2aa6734b797e4a06c8fc3.jpg,62802,504991f5f498866dad6b957ca7a635b59f6a955497d9b74147505233cc75b097
VADD(minmaldataset)/test/images/-E3-82-B9-E3-82-AF-E3-83-AA-E3-83-BC-E3-83-B3-E3-82-B7-E3-83-A7-E3-83-83-E3-83-88-202022-10-04-200-31-18_jpg.rf.48f4e6f94e2f66de84cac9308a85d09a.jpg,35829,dd9a5fcf39e7ee9dd61651d3b28705d3583975b83b8396eb2a72b86791608ecc
VADD(minmaldataset)/test/images/-E3-82-B9-E3-82-AF-E3-83-AA-E3-83-BC-E3-83-B3-E3-82-B7-E3-83-A7-E3-83-83-E3-83-88-202022-10-04-200-32-22_jpg.rf.ba5e9bc2ca20bd56f1853e8530b649b9.jpg,37179,795101347530774540bb486dbb18db0e921cc763bc50f05c75eea82cb0a652c3
VADD(minmaldataset)/test/images/-E3-82-B9-E3-82-AF-E3-83-AA-E3-83-BC-E3-83-B3-E3-82-B7-E3-83-A7-E3-83-83-E3-83-88-202022-10-04-200-34-25_jpg.rf.d428184d1d4ee065e8f581101f6ee05a.jpg,51731,07950e67be6fbc02aea94e06e7b0144c0d0393ddf094f5e45c6e5d1d0553d118
VADD(minmaldataset)/test/images/-E3-82-B9-E3-82-AF-E3-83-AA-E3-83-BC-E3-83-B3-E3-82-B7-E3-83-A7-E3-83-83-E3-83-88-202022-10-04-200-51-21_jpg.rf.be4722abfaac9639f5fa287f4501cfe4.jpg,35561,21bee290e43865c2637f3c768a0afcdbbc2a15b1ab545eb2d688e5774bffe66b
VADD(minmaldataset)/test/images/-E3-82-B9-E3-82-AF-E3-83-AA-E3-83-BC-E3-83-B3-E3-82-B7-E3-83-A7-E3-83-83-E3-83-88-202022-10-04-200-54-31_jpg.rf.37277abe0c5abc5fd4282d4c5c937a18.jpg,68228,3527f9a60c536fab9302d3aedd57a8a5f51a19ceea0302882185c4e9555a0896
VADD(minmaldataset)/test/images/-E3-82-B9-E3-82-AF-E3-83-AA-E3-83-BC-E3-83-B3-E3-82-B7-E3-83-A7-E3-83-83-E3-83-88-202022-10-04-200-55-29_jpg.rf.b9dc214ce9ed77bd69a7b2b9e2808769.jpg,69107,33414d6c4a1b0cc46c653a362585b557741248e76933a1b7ec2e0f632157fbce
VADD(minmaldataset)/test/images/-E3-82-B9-E3-82-AF-E3-83-AA-E3-83-BC-E3-83-B3-E3-82-B7-E3-83-A7-E3-83-83-E3-83-88-202022-10-04-201-11-42_jpg.rf.cd477e4ffc97c4c218c165f30a81bfd2.jpg,67694,501787b2aed2166c1e178d3066b1b5be513a1cf57c0f43f043dc5ca76932f6a9
VADD(minmaldataset)/test/images/-E3-82-B9-E3-82-AF-E3-83-AA-E3-83-BC-E3-83-B3-E3-82-B7-E3-83-A7-E3-83-83-E3-83-88-202022-10-04-201-12-15_jpg.rf.9d41105a948e471504eeed146a4e3adc.jpg,51037,e03bb4ac16ee4a5e374d0dd2f102045beb9fd543bf26eb7c1e64d68f9c07c7bb
VADD(minmaldataset)/test/images/-E3-82-B9-E3-82-AF-E3-83-AA-E3-83-BC-E3-83-B3-E3-82-B7-E3-83-A7-E3-83-83-E3-83-88-202022-10-04-201-17-59_jpg.rf.fb19cbda64d27bc2a38812139b6ff47a.jpg,67866,4fa98bffea85beb2434f4aa550f30f9ed507843389e1f6ecf4b21b229e3b5e4e
VADD(minmaldataset)/test/images/-E3-82-B9-E3-82-AF-E3-83-AA-E3-83-BC-E3-83-B3-E3-82-B7-E3-83-A7-E3-83-83-E3-83-88-202022-10-04-201-25-01_jpg.rf.449f6d9529853e15eacc0f47630ea144.jpg,35812,af0977151f4c65fc96c2b60de57f834bdb1cf6deb81d94ecab23a92cdfaa49a2
VADD(minmaldataset)/test/images/-E3-82-B9-E3-82-AF-E3-83-AA-E3-83-BC-E3-83-B3-E3-82-B7-E3-83-A7-E3-83-83-E3-83-88-202022-10-04-201-25-57_jpg.rf.0249905831c5b5caffa149f183f41b14.jpg,67492,46c7ed083c163eaf98a93563f6f2b6e0ba172903686773b64def8b4db4e747ea
VADD(minmaldataset)/test/images/-E3-82-B9-E3-82-AF-E3-83-AA-E3-83-BC-E3-83-B3-E3-82-B7-E3-83-A7-E3-83-83-E3-83-88-202022-10-04-201-26-10_jpg.rf.a3e1e1d5b2c3f14a946d2ac16b1f605b.jpg,36565,626af55971c9dc913681f4300558ea699f4d26110f645514028f2304b509bce6
VADD(minmaldataset)/test/images/-E3-82-B9-E3-82-AF-E3-83-AA-E3-83-BC-E3-83-B3-E3-82-B7-E3-83-A7-E3-83-83-E3-83-88-202022-10-04-2023-34-18_jpg.rf.8c19497f33c0f7df9ca7e9da5830220a.jpg,70609,2853fee0f3292fde2036b88ecf5d82d70499b73caaf79f310194827424363814
VADD(minmaldataset)/test/images/-E3-82-B9-E3-82-AF-E3-83-AA-E3-83-BC-E3-83-B3-E3-82-B7-E3-83-A7-E3-83-83-E3-83-88-202022-10-04-2023-37-37_jpg.rf.b489875343ead2ce3f40254136b9ce78.jpg,34674,4f53665afec676ab815e63926cb073c00b119f9911e34f69e8fb2e912f4bf8d9
VADD(minmaldataset)/test/images/-E3-82-B9-E3-82-AF-E3-83-AA-E3-83-BC-E3-83-B3-E3-82-B7-E3-83-A7-E3-83-83-E3-83-88-202022-10-04-2023-45-12_jpg.rf.c16a6506ae8596f795b327dd481efa1e.jpg,50981,dc05ae133d385a6c8a3e050350274af128ab16bda1b22ad786d30881707a0bb0
VADD(minmaldataset)/test/images/-E3-82-B9-E3-82-AF-E3-83-AA-E3-83-BC-E3-83-B3-E3-82-B7-E3-83-A7-E3-83-83-E3-83-88-202022-10-04-2023-47-19_jpg.rf.367bb8650626a241ce942be5551f10df.jpg,35423,abebd2e3ed1a04f6f30362cd77ae9e89953916cde1690b5a7b50a2be58aaf8e6
VADD(minmaldataset)/test/images/-E3-82-B9-E3-82-AF-E3-83-AA-E3-83-BC-E3-83-B3-E3-82-B7-E3-83-A7-E3-83-83-E3-83-88-202022-10-04-2023-47-38_jpg.rf.dbb383a1c592825eb61bc1a4d036b9ad.jpg,50592,27c854b07265866f9a8f1764316ed7fed6f58da21188abbde8f8974e91f853f5
VADD(minmaldataset)/test/images/-E3-82-B9-E3-82-AF-E3-83-AA-E3-83-BC-E3-83-B3-E3-82-B7-E3-83-A7-E3-83-83-E3-83-88-202022-10-04-2023-48-40_jpg.rf.01764d19cad12758e422ea437f44ab1a.jpg,70512,5aabe67833872d83d6182d317e4551751d1b5663ca5e3e8ab8899ef0ecd98685
VADD(minmaldataset)/test/images/-E3-82-B9-E3-82-AF-E3-83-AA-E3-83-BC-E3-83-B3-E3-82-B7-E3-83-A7-E3-83-83-E3-83-88-202022-10-04-2023-51-57_jpg.rf.bcac1d795a682aaf001900deb92775e1.jpg,34688,ae178aff459effc92c24d2831da762527dfd0102aa0ec02c66b820fa7f8e0d63
VADD(minmaldataset)/test/images/-E3-82-B9-E3-82-AF-E3-83-AA-E3-83-BC-E3-83-B3-E3-82-B7-E3-83-A7-E3-83-83-E3-83-88-202022-10-04-2023-55-43_jpg.rf.d3768f0dff4789d90b64d47f4eae4394.jpg,70274,48222366c141f3e53d8a64f21f69815dc53ad23a50895d275bb420f71172f797
VADD(minmaldataset)/test/images/-E3-82-B9-E3-82-AF-E3-83-AA-E3-83-BC-E3-83-B3-E3-82-B7-E3-83-A7-E3-83-83-E3-83-88-202022-10-04-2023-57-17_jpg.rf.6e504641c8c220eb2cc3f8f8ce6abd0f.jpg,69857,76b74956e77cf90c5a35f53859ea8feaca2afd07f8a5b15592ef4a545b86840e
VADD(minmaldataset)/test/images/-E3-82-B9-E3-82-AF-E3-83-AA-E3-83-BC-E3-83-B3-E3-82-B7-E3-83-A7-E3-83-83-E3-83-88-202022-10-04-2023-57-17_jpg.rf.f92c4ebdd29e06018fe0b1e79d85e862.jpg,35224,537ac0f495ac832e0a859fd6129be77ac18a5a58375d97a238970cec7c79adb2
VADD(minmaldataset)/test/images/-E3-82-B9-E3-82-AF-E3-83-AA-E3-83-BC-E3-83-B3-E3-82-B7-E3-83-A7-E3-83-83-E3-83-88-202022-10-04-2023-59-15_jpg.rf.b593de545740a305ca0ccdfd3f7bc32c.jpg,70749,fa50e04f4d3f824701789189046b02389abdad2e24aa4dc266963589eef68a27
VADD(minmaldataset)/test/images/-E3-82-B9-E3-82-AF-E3-83-AA-E3-83-BC-E3-83-B3-E3-82-B7-E3-83-A7-E3-83-83-E3-83-88-202022-10-04-2023-59-27_jpg.rf.eb91f821fe6f0b1446d305e87c004849.jpg,72273,d5e1c276d0c2641f24ffe36f1173cd4c9a9eaacb319a3dfd5b87a67ff4372966
VADD(minmaldataset)/test/images/-E3-82-B9-E3-82-AF-E3-83-AA-E3-83-BC-E3-83-B3-E3-82-B7-E3-83-A7-E3-83-83-E3-83-88-202022-10-05-200-01-00_jpg.rf.378bb3fe66b43f92ce4f3a0875ec7af3.jpg,70416,96fcab076e76862b3287def356b33c4dadf090f935bfdc1e5c7b0d4acfc384bb
VADD(minmaldataset)/test/images/-E3-82-B9-E3-82-AF-E3-83-AA-E3-83-BC-E3-83-B3-E3-82-B7-E3-83-A7-E3-83-83-E3-83-88-202022-10-05-200-10-57_jpg.rf.537dd9611bd491caf9753263555d29fb.jpg,50483,65eb6e099022c913c68d370f4be8d0d1b32895b42af2454d7f63e6db6f9a5596
VADD(minmaldataset)/test/images/-E3-82-B9-E3-82-AF-E3-83-AA-E3-83-BC-E3-83-B3-E3-82-B7-E3-83-A7-E3-83-83-E3-83-88-202022-10-05-200-13-15_jpg.rf.b985c87e471ec7a5d0063f8dec270fc5.jpg,34887,c416cd623ff82db1158e5a8a146b2727333d56c53f9caf4ea5d415f03c4ca6b0
VADD(minmaldataset)/test/images/-E3-82-B9-E3-82-AF-E3-83-AA-E3-83-BC-E3-83-B3-E3-82-B7-E3-83-A7-E3-83-83-E3-83-88-202022-10-05-200-23-01_jpg.rf.4c4d66693ffdbb5aee8056ffe0963352.jpg,32019,c61d628c0e4829d0115ad01ca1e52ba29273ae09adef3f6e2b4dc7aadff6cbbe
VADD(minmaldataset)/test/images/-E3-82-B9-E3-82-AF-E3-83-AA-E3-83-BC-E3-83-B3-E3-82-B7-E3-83-A7-E3-83-83-E3-83-88-202022-10-05-200-24-54_jpg.rf.b5311b083ab01ff40d6224c1bf3cc14b.jpg,64892,b3f564265222763434e1894c5c71ff30f5f784b1872228a8785b877b41256e94
VADD(minmaldataset)/test/images/-E3-82-B9-E3-82-AF-E3-83-AA-E3-83-BC-E3-83-B3-E3-82-B7-E3-83-A7-E3-83-83-E3-83-88-202022-10-05-201-06-01_jpg.rf.1a87d484b35eb6c7b42bc5fdef8de401.jpg,32128,a92dfd4936c9d48fdf520ce1363ec50842a06f6dc74c93683732b88e43adce60
VADD(minmaldataset)/test/images/-E3-82-B9-E3-82-AF-E3-83-AA-E3-83-BC-E3-83-B3-E3-82-B7-E3-83-A7-E3-83-83-E3-83-88-202022-10-05-201-09-27_jpg.rf.c17d5aa0e021f0c5292a6ec54f328962.jpg,31665,34ca075506e5c2776f6126dbb5e232ac18d89f83b765fef4c3ab2b4e939a30f6
VADD(minmaldataset)/test/images/-E3-82-B9-E3-82-AF-E3-83-AA-E3-83-BC-E3-83-B3-E3-82-B7-E3-83-A7-E3-83-83-E3-83-88-202022-10-05-201-09-44_jpg.rf.4ed6241b7f0f155c1b8a98ae256240be.jpg,47820,5b554d832a19597027fc3469fec662331402a8f286d1a100e4a6e47238326987
VADD(minmaldataset)/test/images/-E3-82-B9-E3-82-AF-E3-83-AA-E3-83-BC-E3-83-B3-E3-82-B7-E3-83-A7-E3-83-83-E3-83-88-202022-10-05-201-10-18_jpg.rf.987ca1544642033a8cff228ecc42b6ad.jpg,63485,2e05f4bc3a4f8e3ebd4b33b4d860154c1929f32a0c08cf16924505cc785c9574
VADD(minmaldataset)/test/images/-E3-82-B9-E3-82-AF-E3-83-AA-E3-83-BC-E3-83-B3-E3-82-B7-E3-83-A7-E3-83-83-E3-83-88-202022-10-05-201-11-24_jpg.rf.8e60613af1f5462dfc45647aff4e026a.jpg,64446,e53d9e1cf559716ee12ccb46babd63ed7da3c1185e03bf758733285c2d6aa03c
VADD(minmaldataset)/test/images/-E3-82-B9-E3-82-AF-E3-83-AA-E3-83-BC-E3-83-B3-E3-82-B7-E3-83-A7-E3-83-83-E3-83-88-202022-10-05-201-15-01_jpg.rf.1aed161342c04877f26757f3de113f8d.jpg,46990,ab710d90f93b6dfababa18a4d55f41e81e149ec391780416de0bb7bf31145dab
VADD(minmaldataset)/test/images/-E3-82-B9-E3-82-AF-E3-83-AA-E3-83-BC-E3-83-B3-E3-82-B7-E3-83-A7-E3-83-83-E3-83-88-202022-10-05-201-15-43_jpg.rf.6a83f8fd09cea4be47eb9b0ce7ca54c9.jpg,46375,18a1a0f0f797828f443067537412b91c5d7b288bc5c3ed616b776880a1b9e822
VADD(minmaldataset)/test/images/-E3-82-B9-E3-82-AF-E3-83-AA-E3-83-BC-E3-83-B3-E3-82-B7-E3-83-A7-E3-83-83-E3-83-88-202022-10-05-201-16-46_jpg.rf.72e2788736c75e980f0b2f06999fdc6a.jpg,64549,002cf68ed2060b34e6ccb10a1847d618d7bf0942331d529fec186dcb59c11a56
VADD(minmaldataset)/test/images/-E3-82-B9-E3-82-AF-E3-83-AA-E3-83-BC-E3-83-B3-E3-82-B7-E3-83-A7-E3-83-83-E3-83-88-202022-10-05-201-17-03_jpg.rf.368481c012eabd6bd182e4d7f00d3a4c.jpg,49104,9eacafb3d5ee114c94fb14856f6531ee015762a34de51ec27cd5e66102fa2c46
VADD(minmaldataset)/test/images/-E3-82-B9-E3-82-AF-E3-83-AA-E3-83-BC-E3-83-B3-E3-82-B7-E3-83-A7-E3-83-83-E3-83-88-202022-10-05-201-18-07_jpg.rf.d8e347e881ce1592eef06f2936712ef8.jpg,47124,da39d889d5f897e916d0344c7132c2bd7e6a277c8ec4cdf3fbfe34e0f175d83f
VADD(minmaldataset)/test/images/-E3-82-B9-E3-82-AF-E3-83-AA-E3-83-BC-E3-83-B3-E3-82-B7-E3-83-A7-E3-83-83-E3-83-88-202022-10-05-201-19-37_jpg.rf.20667391d4531624daa359758bb89616.jpg,64454,c95038be636cd02996d786f5dd27ceb5238d9db4f3763822f5a40431b0ef9f59
VADD(minmaldataset)/test/images/-E3-82-B9-E3-82-AF-E3-83-AA-E3-83-BC-E3-83-B3-E3-82-B7-E3-83-A7-E3-83-83-E3-83-88-202022-10-05-201-19-37_jpg.rf.2545f4acceb899c4d371d3bb7b5654d2.jpg,46550,23b14c2f08d3203e7fd32d2516a83ca8c05103350cee02ae1c29367779f497b1
VADD(minmaldataset)/test/images/-E3-82-B9-E3-82-AF-E3-83-AA-E3-83-BC-E3-83-B3-E3-82-B7-E3-83-A7-E3-83-83-E3-83-88-202022-10-05-201-19-37_jpg.rf.b432496bae1513ee13a67fe3645bcdbd.jpg,32341,dfd1af330dfddf22ef3de33c1be7dd055127d3ea35168424252be7a260cbfbb2
VADD(minmaldataset)/test/images/-E3-82-B9-E3-82-AF-E3-83-AA-E3-83-BC-E3-83-B3-E3-82-B7-E3-83-A7-E3-83-83-E3-83-88-202022-10-05-201-20-08_jpg.rf.20fc3c9ed5bfb9cb1e66aa256e27d3f9.jpg,33194,29f5cf66cb34bd9196f145bee1f3cb96942947bf7cae31d35680fcce17eb4b76
VADD(minmaldataset)/test/images/-E3-82-B9-E3-82-AF-E3-83-AA-E3-83-BC-E3-83-B3-E3-82-B7-E3-83-A7-E3-83-83-E3-83-88-202022-10-05-201-30-29_jpg.rf.5eebadabf598a88d71e439ada7015efe.jpg,33534,696987921229baac7b34f3751509f1c1f8afe1d7f9d5c181ea7db4bde35a28cd
VADD(minmaldataset)/test/images/-E3-82-B9-E3-82-AF-E3-83-AA-E3-83-BC-E3-83-B3-E3-82-B7-E3-83-A7-E3-83-83-E3-83-88-202022-10-05-201-30-49_jpg.rf.a8e1f0b3bcfc730040b8158f22afe609.jpg,66376,802cd26e15dca19999ce62bdb3d60a0cf042e918ebf944a6aec9034047a051c9
VADD(minmaldataset)/test/images/-E3-82-B9-E3-82-AF-E3-83-AA-E3-83-BC-E3-83-B3-E3-82-B7-E3-83-A7-E3-83-83-E3-83-88-202022-10-05-201-33-33_jpg.rf.f770c02fd4bbfc87c6bf58db04abbff1.jpg,33089,777fe36969ebf6a1171e60a8dcb1c8b5f24c42c0c0b9d58e167d406340efbc6c
VADD(minmaldataset)/test/images/-E3-82-B9-E3-82-AF-E3-83-AA-E3-83-BC-E3-83-B3-E3-82-B7-E3-83-A7-E3-83-83-E3-83-88-202022-10-05-201-42-47_jpg.rf.2c5d9b5242781605872401831220eade.jpg,67552,1dd5157488e823d8ac3007f4636a7e9640279ab59751b0077e3ab0fac47b4036
VADD(minmaldataset)/test/images/-E3-82-B9-E3-82-AF-E3-83-AA-E3-83-BC-E3-83-B3-E3-82-B7-E3-83-A7-E3-83-83-E3-83-88-202022-10-06-207-25-06_jpg.rf.d21c9650f7688dc595f6ec2ad6c68e3d.jpg,56570,bbb91307c8aaea26c35090ddb786d0103725c798af60e1fec6ea51f96329cc44
VADD(minmaldataset)/test/images/-E3-82-B9-E3-82-AF-E3-83-AA-E3-83-BC-E3-83-B3-E3-82-B7-E3-83-A7-E3-83-83-E3-83-88-202022-10-06-207-25-47_jpg.rf.e660f8fd3c1b95d5185177b3f608cd15.jpg,55472,8a86d7065160d39431e34e6bee4927adc5d034e752681840340d11b9a4479afb
VADD(minmaldataset)/test/images/-E3-82-B9-E3-82-AF-E3-83-AA-E3-83-BC-E3-83-B3-E3-82-B7-E3-83-A7-E3-83-83-E3-83-88-202022-10-06-207-37-22_jpg.rf.3f9f117c880b67e25c273846386e9e66.jpg,77897,0e41769c2ea5342ade9d5b2ed9be569da20f92022152a8f0b312f510c8c9070d
VADD(minmaldataset)/test/images/-E3-82-B9-E3-82-AF-E3-83-AA-E3-83-BC-E3-83-B3-E3-82-B7-E3-83-A7-E3-83-83-E3-83-88-202022-10-06-207-37-45_jpg.rf.767b59a376da9dc91a956760ce268c36.jpg,38778,ec7af815e194e8f04d6cd69a8eae40415f1271ba8a2f871672efa33e5cc6a47f
VADD(minmaldataset)/test/images/-E3-82-B9-E3-82-AF-E3-83-AA-E3-83-BC-E3-83-B3-E3-82-B7-E3-83-A7-E3-83-83-E3-83-88-202022-10-06-207-39-07_jpg.rf.437c378de9441a778ad787f07d6949d0.jpg,55659,0467d3836ff70bfd9553a15ec24ecd9b0ed8094776ba63234547f785d6001d37
VADD(minmaldataset)/test/images/-E3-82-B9-E3-82-AF-E3-83-AA-E3-83-BC-E3-83-B3-E3-82-B7-E3-83-A7-E3-83-83-E3-83-88-202022-10-06-207-42-47_jpg.rf.92e2bb2100111e198dfce09618a4aa58.jpg,77822,78a7d37e71b9f6bb31fb1d3f06ce39a242769c6e70a78f7aca952671d5f23101
VADD(minmaldataset)/test/images/-E3-82-B9-E3-82-AF-E3-83-AA-E3-83-BC-E3-83-B3-E3-82-B7-E3-83-A7-E3-83-83-E3-83-88-202022-10-06-207-43-51_jpg.rf.92deaaa1348d27e9c6a9d5507e71fd24.jpg,38173,09779d7398275608af99a482d41bde6f42596c6da3e2d8477898c396f2e44cd8
VADD(minmaldataset)/test/images/-E3-82-B9-E3-82-AF-E3-83-AA-E3-83-BC-E3-83-B3-E3-82-B7-E3-83-A7-E3-83-83-E3-83-88-202022-10-06-207-44-01_jpg.rf.541692402dfe29d860a67cddd46718bd.jpg,56055,effef861c9ac685637d309ae7d69c78d58617c2e74b8f66be9862db9c2ea41f6
VADD(minmaldataset)/test/images/-E3-82-B9-E3-82-AF-E3-83-AA-E3-83-BC-E3-83-B3-E3-82-B7-E3-83-A7-E3-83-83-E3-83-88-202022-10-06-207-45-22_jpg.rf.3e8c8c30b032a21cb9ee17e0f4fd866b.jpg,39409,04b3215f25d22b34b425bced6904cc390a846ba4199fadd2f9174161690dcf79
VADD(minmaldataset)/test/images/-E3-82-B9-E3-82-AF-E3-83-AA-E3-83-BC-E3-83-B3-E3-82-B7-E3-83-A7-E3-83-83-E3-83-88-202022-10-06-207-46-10_jpg.rf.b5d4430da003ae6170fbe8b9be2f1a49.jpg,77204,eb0089346d8cdec94712d8526c1653991d9861e37cb67d1d9033d7f1f95bf3b7
VADD(minmaldataset)/test/images/-E3-82-B9-E3-82-AF-E3-83-AA-E3-83-BC-E3-83-B3-E3-82-B7-E3-83-A7-E3-83-83-E3-83-88-202022-10-06-207-46-49_jpg.rf.262f86992e21e87607e2f3a55d2dc5ff.jpg,38034,f40d0372534999b9c9167c2b3da46a45e07ba5367220e7b18c75ae89adc09056
VADD(minmaldataset)/test/images/-E3-82-B9-E3-82-AF-E3-83-AA-E3-83-BC-E3-83-B3-E3-82-B7-E3-83-A7-E3-83-83-E3-83-88-202022-10-06-207-47-00_jpg.rf.2fccac9b0dad1d04c905a617a2b98f58.jpg,54992,7653d8660da7e6915cce163cb7111f295ca7fa58b67fc8998b4c151c16709b9e
VADD(minmaldataset)/test/images/-E3-82-B9-E3-82-AF-E3-83-AA-E3-83-BC-E3-83-B3-E3-82-B7-E3-83-A7-E3-83-83-E3-83-88-202022-10-10-200-23-41_jpg.rf.f7487ec9817496140b456f866325bfbb.jpg,30825,df33bd1415fd57586c1916d8138611315da2dc1c9c5f96c6845a263f4d407a41
VADD(minmaldataset)/test/images/-E3-82-B9-E3-82-AF-E3-83-AA-E3-83-BC-E3-83-B3-E3-82-B7-E3-83-A7-E3-83-83-E3-83-88-202022-10-11-2017-30-23_jpg.rf.56ef762378e3f45ee30cd34e64cce6cd.jpg,33217,11949322c16e9388431f94a260d6c08aa2710efc81fd1fddb4bb503e9c200dde
VADD(minmaldataset)/test/images/-E3-82-B9-E3-82-AF-E3-83-AA-E3-83-BC-E3-83-B3-E3-82-B7-E3-83-A7-E3-83-83-E3-83-88-202022-10-11-2017-31-57_jpg.rf.57571c1079409a8a737fabcea42243ad.jpg,57002,74e90e5e1a7f49b41f5d190d794b4cc793cdee67d48b96fb6d3a00080bd75366
VADD(minmaldataset)/test/images/-E3-82-B9-E3-82-AF-E3-83-AA-E3-83-BC-E3-83-B3-E3-82-B7-E3-83-A7-E3-83-83-E3-83-88-202022-10-11-2017-49-00_jpg.rf.cecd0618269c95de57d5471af2fb95ac.jpg,27332,d6adf19ac931b72ebc5576d5452068b25a2f2f5cfdd01622244d026d372780e1
VADD(minmaldataset)/test/images/-E3-82-B9-E3-82-AF-E3-83-AA-E3-83-BC-E3-83-B3-E3-82-B7-E3-83-A7-E3-83-83-E3-83-88-202022-10-12-2010-14-05_jpg.rf.d8704f53c37efb21bd55c82f9803ed55.jpg,28867,e5230f0d6138f6a983c66a929bcca55e5587e3cedab4c9e04a0d782a683171bc
VADD(minmaldataset)/test/images/-E3-82-B9-E3-82-AF-E3-83-AA-E3-83-BC-E3-83-B3-E3-82-B7-E3-83-A7-E3-83-83-E3-83-88-202022-10-12-2010-19-00_jpg.rf.f5abfec350b67434b04d7e915334a5fc.jpg,31228,1e09cc1172cc66f19d96ddcbe5342f4abff29d35c7158385ede8bff9d693c328
VADD(minmaldataset)/test/images/-E3-82-B9-E3-82-AF-E3-83-AA-E3-83-BC-E3-83-B3-E3-82-B7-E3-83-A7-E3-83-83-E3-83-88-202022-10-12-2010-19-34_jpg.rf.cdc4f14d82939de87a361ebbb8759ca7.jpg,32915,6935ac01def24185e5d1ee749bdcf628f383c5d39da8edef68846c382c044671
VADD(minmaldataset)/test/images/-E3-82-B9-E3-82-AF-E3-83-AA-E3-83-BC-E3-83-B3-E3-82-B7-E3-83-A7-E3-83-83-E3-83-88-202022-10-12-2010-35-32_jpg.rf.af2d791e1d7400bace244b0adad3f343.jpg,65711,0d004cafe1d0947defa1e5a49660c0ff04ed9f4833d4244ea13b807eac3eb9e1
VADD(minmaldataset)/test/images/-E3-82-B9-E3-82-AF-E3-83-AA-E3-83-BC-E3-83-B3-E3-82-B7-E3-83-A7-E3-83-83-E3-83-88-202022-10-12-2010-36-54_jpg.rf.3b755322996cb2377ba80ae90951df15.jpg,32960,c874dc81b1648353b7e912fca6a193a18c37d3d18e095e612257f93f3ae3de5c
VADD(minmaldataset)/test/images/-E3-82-B9-E3-82-AF-E3-83-AA-E3-83-BC-E3-83-B3-E3-82-B7-E3-83-A7-E3-83-83-E3-83-88-202022-10-12-2010-55-53_jpg.rf.455e5c1e124d584fb42b38fbfe4cf6c7.jpg,40477,1d9b3d2a6bfba17b531c630c2b40a1e304edf2dca1d4e50d93adfe108eb72207
VADD(minmaldataset)/test/images/-E3-82-B9-E3-82-AF-E3-83-AA-E3-83-BC-E3-83-B3-E3-82-B7-E3-83-A7-E3-83-83-E3-83-88-202022-10-12-2010-59-01_jpg.rf.59717b2e6be10548008369f4fc0b829d.jpg,41418,cea7d7ea6ea5e3ca5bebef8c9bcebd61499e0d2626e72d02761fcaaa9fa0859d
VADD(minmaldataset)/test/images/-E3-82-B9-E3-82-AF-E3-83-AA-E3-83-BC-E3-83-B3-E3-82-B7-E3-83-A7-E3-83-83-E3-83-88-202022-10-12-2010-59-01_jpg.rf.74b89432f78fd7d59c11b51cc143b271.jpg,82274,0bb61479239e29d9c27926bca3b2e7293fa1ff027e962ed42002a741f919df83
VADD(minmaldataset)/test/images/-E3-82-B9-E3-82-AF-E3-83-AA-E3-83-BC-E3-83-B3-E3-82-B7-E3-83-A7-E3-83-83-E3-83-88-202022-10-12-2013-54-57_jpg.rf.5ebe5956dd78f7cbc7075e56ee177f44.jpg,43258,d75226b60d0d1aa8335017b31b61e3d7a00f957335b8a8a745ba1d31f6525332
VADD(minmaldataset)/test/images/-E3-82-B9-E3-82-AF-E3-83-AA-E3-83-BC-E3-83-B3-E3-82-B7-E3-83-A7-E3-83-83-E3-83-88-202022-10-12-2015-00-16_jpg.rf.15e0d3b27a310317375e289cef14d6ad.jpg,31860,8aa476c635d6c031ad38c378ba423635c2bdea614b2bcddfde464f8ee1560681
VADD(minmaldataset)/test/images/-E3-82-B9-E3-82-AF-E3-83-AA-E3-83-BC-E3-83-B3-E3-82-B7-E3-83-A7-E3-83-83-E3-83-88-202022-10-12-2015-19-50_jpg.rf.9f56168f00813176e3900928f7247cef.jpg,30739,c6bc7fb7c8e5eb32a0a332061d0bf1aa9289fcb6dc63abf45516b27f2ce7dde1
VADD(minmaldataset)/test/images/-E3-82-B9-E3-82-AF-E3-83-AA-E3-83-BC-E3-83-B3-E3-82-B7-E3-83-A7-E3-83-83-E3-83-88-202022-10-12-2015-20-11_jpg.rf.0daf9c9fc592f58cc932d4eaed094d2e.jpg,57004,7c43e75efa6b59c435ffbaa14b33adda6f0a1f84d9f56a9d5ffc12d59b6aa36b
VADD(minmaldataset)/test/images/-E3-82-B9-E3-82-AF-E3-83-AA-E3-83-BC-E3-83-B3-E3-82-B7-E3-83-A7-E3-83-83-E3-83-88-202022-10-12-2015-21-58_jpg.rf.2c327a7411a9c7189dfabfd5072e14c0.jpg,60396,b76a188f41fdf8ce7d9840790a86ef772b8a677acc5c7599c0c8dc014cabdaad
VADD(minmaldataset)/test/images/-E3-82-B9-E3-82-AF-E3-83-AA-E3-83-BC-E3-83-B3-E3-82-B7-E3-83-A7-E3-83-83-E3-83-88-202022-10-12-2015-33-48_jpg.rf.614d8d72c32359de95f5c444a7560db6.jpg,32230,d6a4760fe2179135e81a0bae0023b74e5113e11e017e0c7e1774394f4be4054f
VADD(minmaldataset)/test/images/-E3-82-B9-E3-82-AF-E3-83-AA-E3-83-BC-E3-83-B3-E3-82-B7-E3-83-A7-E3-83-83-E3-83-88-202022-10-12-2015-42-52_jpg.rf.25fc566e0e435c563ce8e2c689080e9f.jpg,64653,1334df8462023c81cb865ee7ad9d7ee62221411454d0bdcf65e428b8e05fa5b2
VADD(minmaldataset)/test/images/-E3-82-B9-E3-82-AF-E3-83-AA-E3-83-BC-E3-83-B3-E3-82-B7-E3-83-A7-E3-83-83-E3-83-88-202022-10-12-2015-45-50_jpg.rf.afb7463dde297af7f386b799bb502456.jpg,63387,bab204c8447da60534bd5575ee624fda149563bc8a4d62cd869ccd99a15be7ad
VADD(minmaldataset)/test/images/-E3-82-B9-E3-82-AF-E3-83-AA-E3-83-BC-E3-83-B3-E3-82-B7-E3-83-A7-E3-83-83-E3-83-88-202022-10-12-2015-53-17_jpg.rf.a9eac0454e29a20559473c8e731a932a.jpg,64793,11690bcb57c271ff1a86a4e24c03b6028147757b15734e93020a6c35b9f484b1
VADD(minmaldataset)/test/images/-E3-82-B9-E3-82-AF-E3-83-AA-E3-83-BC-E3-83-B3-E3-82-B7-E3-83-A7-E3-83-83-E3-83-88-202022-10-12-2016-14-15_jpg.rf.a00ecd510262429e24134dc9c964bf14.jpg,33648,2fbb4e0fc6ae30cac0da77a02629959707a8911b7df4e6f0fec96a6263f6e735
VADD(minmaldataset)/test/images/-E3-82-B9-E3-82-AF-E3-83-AA-E3-83-BC-E3-83-B3-E3-82-B7-E3-83-A7-E3-83-83-E3-83-88-202022-10-12-2016-24-08_jpg.rf.4a01e32c0aa8f25cbc71969f6582efb8.jpg,59967,528b4b914cef9258808f1ad53dcc5c06cb42240bc1c7a3edc41d92acbe69a02e
VADD(minmaldataset)/test/images/-E3-82-B9-E3-82-AF-E3-83-AA-E3-83-BC-E3-83-B3-E3-82-B7-E3-83-A7-E3-83-83-E3-83-88-202022-10-12-2016-38-58_jpg.rf.cf00a47bc72cbf5a80c1333827af28e7.jpg,59356,8377879ef9d232319265283e52c44c0b67e89f8c6370844a655bb071fbef9dc2
VADD(minmaldataset)/test/images/-E3-82-B9-E3-82-AF-E3-83-AA-E3-83-BC-E3-83-B3-E3-82-B7-E3-83-A7-E3-83-83-E3-83-88-202022-10-12-2016-39-37_jpg.rf.e99e6abc12c5e3dbd42b145c5c8323e6.jpg,60043,6631428a3362f3c55807f161bbb20a527af71ce7ee0c89162f1ded09108e75f7
VADD(minmaldataset)/test/images/-E3-82-B9-E3-82-AF-E3-83-AA-E3-83-BC-E3-83-B3-E3-82-B7-E3-83-A7-E3-83-83-E3-83-88-202022-10-12-2016-43-12_jpg.rf.76cbaf456b2b25f0e8c0d4fd2a2dbc91.jpg,62507,0bd40da0a17640935b106a714c93372529fceae82719efb72e3a78f89529ba26
VADD(minmaldataset)/test/images/-E3-82-B9-E3-82-AF-E3-83-AA-E3-83-BC-E3-83-B3-E3-82-B7-E3-83-A7-E3-83-83-E3-83-88-202022-10-12-2016-44-09_jpg.rf.9116f534c3bf3ffb9f5d825db5f72605.jpg,29186,7813a0dac31f6df139839492abf5402aa5a83f1b4d727a7488e8459216103925
VADD(minmaldataset)/test/images/-E3-82-B9-E3-82-AF-E3-83-AA-E3-83-BC-E3-83-B3-E3-82-B7-E3-83-A7-E3-83-83-E3-83-88-202022-10-12-2016-53-06_jpg.rf.9cf40415dde87db0ebe9ef7d5d8f29a7.jpg,29597,0ce0b18674def703164791766db27ff05dedb9cae3a7262696666cb0be715dd4
VADD(minmaldataset)/test/images/-E3-82-B9-E3-82-AF-E3-83-AA-E3-83-BC-E3-83-B3-E3-82-B7-E3-83-A7-E3-83-83-E3-83-88-202022-10-19-201-11-12_jpg.rf.5aaf2e72bef1eee267822886d7e969e3.jpg,74350,3bf35c7f3b51a4bb37159afd670508d02d276e1fcf1ee5c96f5cef718e851ca7
VADD(minmaldataset)/test/images/-E3-82-B9-E3-82-AF-E3-83-AA-E3-83-BC-E3-83-B3-E3-82-B7-E3-83-A7-E3-83-83-E3-83-88-202022-10-19-201-15-29_jpg.rf.a805241451b8d3ffd545eef99b01eb8e.jpg,72788,c79c03a8faa0f53f2d3244a71b00bf5b80537a31e375c712fa1c1096892539df
VADD(minmaldataset)/test/images/-E3-82-B9-E3-82-AF-E3-83-AA-E3-83-BC-E3-83-B3-E3-82-B7-E3-83-A7-E3-83-83-E3-83-88-202022-10-19-2016-47-07_jpg.rf.bb476ba350d851e8042e26f618716e04.jpg,67538,3bc05f2b86970cd5adfa5bba34c61de437f159115a343d4092d396f219a004d9
VADD(minmaldataset)/test/images/-E3-82-B9-E3-82-AF-E3-83-AA-E3-83-BC-E3-83-B3-E3-82-B7-E3-83-A7-E3-83-83-E3-83-88-202022-10-19-2017-26-14_jpg.rf.ef3ca05f5fdf69bb7902154a814193d4.jpg,63296,bfd8257307139235d3375f6ef2215a038969aff19af37d142d2203a90528c591
VADD(minmaldataset)/test/images/-E3-82-B9-E3-82-AF-E3-83-AA-E3-83-BC-E3-83-B3-E3-82-B7-E3-83-A7-E3-83-83-E3-83-88-202022-10-19-2018-28-07_jpg.rf.49b2945a3a5c21128de48cb48bf0c543.jpg,69894,ad8cf9039334bd128c9d3cc702f3689d5cd17bfe9f02f6ea8942030bfa2cc4ea
VADD(minmaldataset)/test/images/-E3-82-B9-E3-82-AF-E3-83-AA-E3-83-BC-E3-83-B3-E3-82-B7-E3-83-A7-E3-83-83-E3-83-88-202022-10-19-2018-29-47_jpg.rf.fbfeec4013919c02dc4265f5249e0c6c.jpg,66922,8e56305cf866036025b19f0f4c40aee50a19e28138654a1f6ddea20687e4905d
VADD(minmaldataset)/test/images/-E3-82-B9-E3-82-AF-E3-83-AA-E3-83-BC-E3-83-B3-E3-82-B7-E3-83-A7-E3-83-83-E3-83-88-202022-10-19-202-05-13_jpg.rf.f7b36613c0bb6532697fff58fac8e5a3.jpg,72863,45a5b68b8d4c334318acb2cfb10037a06e6536fdbd650be5bbee295dae3deb0f
VADD(minmaldataset)/test/images/-E3-82-B9-E3-82-AF-E3-83-AA-E3-83-BC-E3-83-B3-E3-82-B7-E3-83-A7-E3-83-83-E3-83-88-202022-10-19-202-22-37_jpg.rf.ad87632b68414b07f0873e316041f849.jpg,74193,4969904309777d8710f8f3d07227bd6e33be6a1b6eb6b9610037c8ce21009338
VADD(minmaldataset)/test/images/-E3-82-B9-E3-82-AF-E3-83-AA-E3-83-BC-E3-83-B3-E3-82-B7-E3-83-A7-E3-83-83-E3-83-88-202022-10-19-202-30-28_jpg.rf.b2df71c27715410d2cb3468201158ec4.jpg,72651,471d85b7d3b3b6018832808693636ce6074950a79e977ac695c884165770e434
VADD(minmaldataset)/test/images/-E3-82-B9-E3-82-AF-E3-83-AA-E3-83-BC-E3-83-B3-E3-82-B7-E3-83-A7-E3-83-83-E3-83-88-202022-10-19-2021-58-28_jpg.rf.2222659194deb50af421aeef5392d416.jpg,83741,c9154172d0bc5ccae5a156fd296cb2a541d742f2d2d511cda97afa8a30263aa4
VADD(minmaldataset)/test/images/-E3-82-B9-E3-82-AF-E3-83-AA-E3-83-BC-E3-83-B3-E3-82-B7-E3-83-A7-E3-83-83-E3-83-88-202022-10-19-2022-00-38_jpg.rf.ab5b34d928e4f6ebe2098ec7a13682b4.jpg,84643,bc086753d116b42b50cd356c40e3ebfb7ad9872cea366ace0a2fb5fc989f6749
VADD(minmaldataset)/test/images/-E3-82-B9-E3-82-AF-E3-83-AA-E3-83-BC-E3-83-B3-E3-82-B7-E3-83-A7-E3-83-83-E3-83-88-202022-10-19-2022-14-51_jpg.rf.ca69d5f377e8b51d4e21a2873b481c9b.jpg,85033,c68bf5c63c012e58c140e1f9965bf24a58db05983c450e6113379556e219a6f4
VADD(minmaldataset)/test/images/-E3-82-B9-E3-82-AF-E3-83-AA-E3-83-BC-E3-83-B3-E3-82-B7-E3-83-A7-E3-83-83-E3-83-88-202022-10-19-2022-33-46_jpg.rf.d7192d9b4a19f7e7dbad935fda5eed79.jpg,82890,3515e778cca8ec385b17c3dfa334fa4dc2dbcffdba0fe811153f79951d314a5e
VADD(minmaldataset)/test/images/-E3-82-B9-E3-82-AF-E3-83-AA-E3-83-BC-E3-83-B3-E3-82-B7-E3-83-A7-E3-83-83-E3-83-88-202022-10-19-2022-34-17_jpg.rf.9e43b188c5fba37ef7544e0412ece306.jpg,85516,eb8abe78edc8ede030e34820f384fc998013d0279474dfed659f5c744c093453
VADD(minmaldataset)/test/images/-E3-82-B9-E3-82-AF-E3-83-AA-E3-83-BC-E3-83-B3-E3-82-B7-E3-83-A7-E3-83-83-E3-83-88-202022-12-04-201-05-32_jpg.rf.98e8b0afda67a0f2e073c4b8c2788bff.jpg,61379,8ee6490ac66f3cb4da12b92e7c8b72e9bf5b7b1ddedfff226f464477236eb863
VADD(minmaldataset)/test/images/-E3-82-B9-E3-82-AF-E3-83-AA-E3-83-BC-E3-83-B3-E3-82-B7-E3-83-A7-E3-83-83-E3-83-88-202022-12-04-202-23-45_jpg.rf.54dfe3854bbe92ff3940aa37583d4e43.jpg,58272,5ea00d4af5ee248d8be4c5118f2cbbe4aa8e1b153741d17436bc702eb42d3141
VADD(minmaldataset)/test/images/-E3-82-B9-E3-82-AF-E3-83-AA-E3-83-BC-E3-83-B3-E3-82-B7-E3-83-A7-E3-83-83-E3-83-88-202022-12-04-202-44-21_jpg.rf.9224e45a49e7c1aadf6394384dcd4db7.jpg,59714,73ceaa84ce505e8dd2ce2c3d7dc9adba1f1fb41088eba3f19d1f0f8050bf66e6
VADD(minmaldataset)/test/images/-E3-82-B9-E3-82-AF-E3-83-AA-E3-83-BC-E3-83-B3-E3-82-B7-E3-83-A7-E3-83-83-E3-83-88-202022-12-04-2023-42-33_jpg.rf.1030af1c8a0f4f1d3f20ed2075cf175b.jpg,56093,8c99226e2a2ddb0499c3853b5c3490cac0f864ad294a4faaf0eebb86d3af92fe
VADD(minmaldataset)/test/images/-E3-82-B9-E3-82-AF-E3-83-AA-E3-83-BC-E3-83-B3-E3-82-B7-E3-83-A7-E3-83-83-E3-83-88-202022-12-04-2023-45-00_jpg.rf.2a26ed9ca15a4c7a0f905294c47f4f8c.jpg,72583,8556340dfdc40e66fbb081b85f872a82d5be9c1f111546498f23543d3468944a
VADD(minmaldataset)/test/images/-E3-82-B9-E3-82-AF-E3-83-AA-E3-83-BC-E3-83-B3-E3-82-B7-E3-83-A7-E3-83-83-E3-83-88-202022-12-04-2023-46-33_jpg.rf.0eb465da3fdff4f0ded8cbad9f26b333.jpg,69597,c77f31045a5ff941997bc16541cb9ff07e098799e59aca13e5d4f81191c0d76b
VADD(minmaldataset)/test/images/-E3-82-B9-E3-82-AF-E3-83-AA-E3-83-BC-E3-83-B3-E3-82-B7-E3-83-A7-E3-83-83-E3-83-88-202022-12-04-2023-52-01_jpg.rf.2531118e6bec9ce13413f47d0b1baf39.jpg,72014,b0e57e6dce8e32f48699d6abca80288ef8f0bf078bd3d51151d920a9bd5444a8
VADD(minmaldataset)/test/images/-E3-82-B9-E3-82-AF-E3-83-AA-E3-83-BC-E3-83-B3-E3-82-B7-E3-83-A7-E3-83-83-E3-83-88-202022-12-05-200-15-08_jpg.rf.ea42935c9878ff956e9d441520b6de37.jpg,66236,25f8a0d2d55c77b684cd7118cf6b8b46046cd715272d527bdf5ebcbe8580267f
VADD(minmaldataset)/test/images/-E3-82-B9-E3-82-AF-E3-83-AA-E3-83-BC-E3-83-B3-E3-82-B7-E3-83-A7-E3-83-83-E3-83-88-202022-12-05-200-29-03_jpg.rf.f0be614e73b9798685e7e992838d2c58.jpg,68367,73371d9f848d40dbf86cec4856ea2358c70d6be95a250bdfb6cfa2b72651ac91
VADD(minmaldataset)/test/images/-E3-82-B9-E3-82-AF-E3-83-AA-E3-83-BC-E3-83-B3-E3-82-B7-E3-83-A7-E3-83-83-E3-83-88-202022-12-05-201-12-53_jpg.rf.e2988ef72076d1182073e6d0e34e9b33.jpg,66737,e74deb0d3ae3c78e6460454aafcaafe72b7e03e57c5faa25c415956a26c3ee0f
VADD(minmaldataset)/test/images/-E3-82-B9-E3-82-AF-E3-83-AA-E3-83-BC-E3-83-B3-E3-82-B7-E3-83-A7-E3-83-83-E3-83-88-202022-12-05-201-46-50_jpg.rf.ff01bc6be9cb2781941684213ea3c68a.jpg,67955,5d1dfc2577c9f45113a4cb50186ed5022a6861c2229c43ca950c56a7e1af118a
VADD(minmaldataset)/test/images/-E3-82-B9-E3-82-AF-E3-83-AA-E3-83-BC-E3-83-B3-E3-82-B7-E3-83-A7-E3-83-83-E3-83-88-202022-12-05-202-43-34_jpg.rf.6d008749c9daed6c30c741e23109c1a0.jpg,67758,6f88b53c908ce58b1dcb8f7a01abd8633b1d92bcd60dfe959ff72aa0e20601e7
VADD(minmaldataset)/test/images/-E3-82-B9-E3-82-AF-E3-83-AA-E3-83-BC-E3-83-B3-E3-82-B7-E3-83-A7-E3-83-83-E3-83-88-202022-12-05-202-50-03_jpg.rf.9e1237a75df641a7f415fe3800a853c6.jpg,67238,1d6fe09b0a635502a973a030185a7f8592ec336f4727c5c2139550a722d7ca9e
VADD(minmaldataset)/test/images/-E3-82-B9-E3-82-AF-E3-83-AA-E3-83-BC-E3-83-B3-E3-82-B7-E3-83-A7-E3-83-83-E3-83-88-202022-12-05-202-51-48_jpg.rf.3fae87697038e68f16bcdd9b7a190614.jpg,65793,b65a120c8d06fe9d638a36aecad5b2299cca6d6fd72f9b199827b4310371336d
VADD(minmaldataset)/test/images/-E3-82-B9-E3-82-AF-E3-83-AA-E3-83-BC-E3-83-B3-E3-82-B7-E3-83-A7-E3-83-83-E3-83-88-202022-12-05-2022-33-40_jpg.rf.eb43d401ef7480266a7480b37db700cf.jpg,68611,d423ea19bc535209020d78d6b3b4d3e55219e5baeeeb29b4925c0fec3907aabe
VADD(minmaldataset)/test/images/-E3-82-B9-E3-82-AF-E3-83-AA-E3-83-BC-E3-83-B3-E3-82-B7-E3-83-A7-E3-83-83-E3-83-88-202022-12-05-2023-03-03_jpg.rf.12f5cd916ae540ae274f2dee94dd469c.jpg,67013,70086bf9cbb84fa9214972e2f86e307c2ed9945c9c41e8e2671b634b8e5964d8
VADD(minmaldataset)/test/images/-E3-82-B9-E3-82-AF-E3-83-AA-E3-83-BC-E3-83-B3-E3-82-B7-E3-83-A7-E3-83-83-E3-83-88-202022-12-05-2023-20-34_jpg.rf.f2a1cdfb7bb8d27426a222bca33b71a6.jpg,66487,f7ccf71f24430c7cb241c016fc23bcd99e9706ad52a8e01f5ac168f913349dac
VADD(minmaldataset)/test/images/-E3-82-B9-E3-82-AF-E3-83-AA-E3-83-BC-E3-83-B3-E3-82-B7-E3-83-A7-E3-83-83-E3-83-88-202022-12-05-203-10-57_jpg.rf.94956e1c02f0186cf2e79dfd44860e83.jpg,67776,66749f68b2c45cd8c650b23ff95650b3555692dcf44bbb9e7bf924d37533bb0f
VADD(minmaldataset)/test/images/-E3-82-B9-E3-82-AF-E3-83-AA-E3-83-BC-E3-83-B3-E3-82-B7-E3-83-A7-E3-83-83-E3-83-88-202022-12-05-203-16-39_jpg.rf.1152acc8b320a17175ce91031ec986a3.jpg,68103,c80e390e7597bd53b4a36f092540b530bb6de4ac513d804ce193920a2d264932
VADD(minmaldataset)/test/images/-E3-82-B9-E3-82-AF-E3-83-AA-E3-83-BC-E3-83-B3-E3-82-B7-E3-83-A7-E3-83-83-E3-83-88-202022-12-05-203-17-36_jpg.rf.85ae4efd546520bc847634313f6e6270.jpg,67749,eb07277fe1f1873950269701d291b1d9b2317a6bbfa3ae1a0dd99ed8a6106e16
VADD(minmaldataset)/test/images/-E3-82-B9-E3-82-AF-E3-83-AA-E3-83-BC-E3-83-B3-E3-82-B7-E3-83-A7-E3-83-83-E3-83-88-202022-12-05-203-40-23_jpg.rf.2cd3a9a627fc6d3222b5c45fe6869949.jpg,65159,e48e6af1e810c8861adfa1578448b8f10642b5b5e986303c149165e8f5ac94a1
VADD(minmaldataset)/test/images/53_18703_jpg.rf.f5bb6f4a8e619c2635ee62c1842c2389.jpg,117845,6addc13f2b07b9797966625fc207d0ad6686217c15a2f1df41a0f1836f963a6d
VADD(minmaldataset)/test/images/53_18916_jpg.rf.666925ea02d3f5b29aa4adca1be74062.jpg,127703,062a0bc5c90e798eafd0a4086c75bc415f8f4d153192c76e2dd8795e267dee8c
VADD(minmaldataset)/test/images/modena_tour_mp4-102_jpg.rf.d78671e7481bd5074bee331b8bb858d1.jpg,127550,0ac358d7bd9db474819fb4cd5f254e8774d235f834f8341b16332a819c84b47e
VADD(minmaldataset)/test/images/modena_tour_mp4-1067_jpg.rf.9769344318634a21e25c26375b87c612.jpg,130332,2d5aa6290f6fd9f70b664f095e842fe73e2ee0da619bcb4aba7f03db85ec6d9c
VADD(minmaldataset)/test/images/modena_tour_mp4-1102_jpg.rf.6edc2912235256f453676dd1ade425dc.jpg,122960,65ee3b1f635477b61565fcf1c5399c720215dfec5aa35ceea333622536b494e3
VADD(minmaldataset)/test/images/modena_tour_mp4-113_jpg.rf.75ebf5a3fff30dafe1635488830cb83e.jpg,126284,3c0152e96cba622b1deb349ccfcc688abefd6492770b3e593545eb1d376826f7
VADD(minmaldataset)/test/images/modena_tour_mp4-1160_jpg.rf.9574e943fc017ad101c9238c29dc107d.jpg,131537,625f61edeab9f0c418ba342cca5f8e153c7fba6e266919a5fae6532676f864bd
VADD(minmaldataset)/test/images/modena_tour_mp4-1161_jpg.rf.2d86a6196456ab57fbaf73a41c3147c2.jpg,131795,3a8e56f35cbcba1abc5af7a8e3cbb58c01bbc430153a808e3a561aebd566dee6
VADD(minmaldataset)/test/images/modena_tour_mp4-1177_jpg.rf.fcd1336f9199f14724e4cd21a74c88d2.jpg,127099,abba147558d4a132667421825ecdba6ba92f68c5da3272bc5688ec40d8bc226f
VADD(minmaldataset)/test/images/modena_tour_mp4-1216_jpg.rf.cfea035daedb54a3f00380b96204360d.jpg,130397,9118c7a271d9b197d4717b3d53097232129afd4b76e5faa7e87a27b9496996f3
VADD(minmaldataset)/test/images/modena_tour_mp4-1227_jpg.rf.063431dc518cb4c983c6f5cd62de0bec.jpg,123524,f50c5aece7be1e97ec74d6e171de16106c82a7eb81da5f348d362fab01bbe666
VADD(minmaldataset)/test/images/modena_tour_mp4-1289_jpg.rf.24cd1c7f7fa959e780f8e88533ea6aad.jpg,131397,8440bfb592dc8cd404c815503daa222ad2c98537669f4223686e1035d0f3b52a
VADD(minmaldataset)/test/images/modena_tour_mp4-1326_jpg.rf.1250aa5c4f1fff2a09a0f357b3225a74.jpg,130537,b4720b70d70bb4952e27e78dcd5d816a1b7730f2200637e920f9a560247ed050
VADD(minmaldataset)/test/images/modena_tour_mp4-1369_jpg.rf.9ca383a47c3bfa5d6822f27554f59dbf.jpg,130986,b9c70af080a2e610c2a3652d2c1749332906fcffd20f7b9cf0050f297a759a7a
VADD(minmaldataset)/test/images/modena_tour_mp4-1374_jpg.rf.a3dc165c07fb2b8ae07417b359745dbe.jpg,126455,c8b97ed8fa59be8a3e5c57f8e05035e1b40faf6a5c1aee62f0aed08e61bb31b0
VADD(minmaldataset)/test/images/modena_tour_mp4-138_jpg.rf.f4c6db6d8ad373eb18e2cff208557a5e.jpg,119995,4f04a004228d51c74383c25db2c195312fc0f2832de2a807c83dcbe17067f160
VADD(minmaldataset)/test/images/modena_tour_mp4-1434_jpg.rf.6896201cef212007c6b1f6bbf580a3b9.jpg,132148,1a543f71a5695a15c570c0ebe576754cdcfefdb293d0516f0b283f65dc3f4e54
VADD(minmaldataset)/test/images/modena_tour_mp4-1503_jpg.rf.7eea0a2c072b21f25d3f3bfb0ce77801.jpg,130270,8ed7065ebf218ee9ddb45a6d09e1148e1ef0140945eea8ccb4009f9f9f42e614
VADD(minmaldataset)/test/images/modena_tour_mp4-1510_jpg.rf.7f79ec61ae5bd27a37d5294abb1a0763.jpg,131259,c25f6441ef3979892fc30fe020717d189b2d37c63f78db2765b721f61bcc8dea
VADD(minmaldataset)/test/images/modena_tour_mp4-1557_jpg.rf.174ce69e9b581ae2331d03f8100165ab.jpg,133087,a4f37d748fa7a7aac54820def1241b179e8aa26f6e0faea3ff66ae70bd623443
VADD(minmaldataset)/test/images/modena_tour_mp4-1883_jpg.rf.b53a1df8a3d5fc64ae0aa9786e21e884.jpg,126364,d1128a9fe206f88add6a730df0eadc99b7acdda5a14162c9b10045d1666d99f0
VADD(minmaldataset)/test/images/modena_tour_mp4-1886_jpg.rf.48932ff193af60e6584c3300258c0320.jpg,126859,8db8f7c289746718a1fb4c5bcb2e5649a33e32815064fcc6e7b671d9e3e9a2ce
VADD(minmaldataset)/test/images/modena_tour_mp4-1889_jpg.rf.ea9b07e2879209df01dc8c1cad60357c.jpg,128700,209adf40292fb641fe2ad4c67f9cec19f01085673205045d5c685f2e06b4c0ac
VADD(minmaldataset)/test/images/modena_tour_mp4-1944_jpg.rf.0428e5acf2613623927bc1ca31db05e8.jpg,130843,f0a0a43c5892dbcdc3dbf680856a5f5d39778173255183aace8cd3ba266ff392
VADD(minmaldataset)/test/images/modena_tour_mp4-196_jpg.rf.202b7b99f927f950e8c905fd45358406.jpg,128989,e0eba781f58eb2cb412c6a30ca65d97005cf5bb2b783240a1cbc94b4e57606be
VADD(minmaldataset)/test/images/modena_tour_mp4-2182_jpg.rf.d412c0bc6c68bfab8eae14880ffe1433.jpg,130663,da9d0fe471111b6637cea23c2e2a9289c6d96f2e105437b9ebd8eb4c027a37c4
VADD(minmaldataset)/test/images/modena_tour_mp4-2184_jpg.rf.ee0f4cefc1d8c3a8f32f3e31d2769f1a.jpg,127355,8697c8e8050e7cce2acfbf136f2b8ba99fa455c93b0546a5399600f3310505f3
VADD(minmaldataset)/test/images/modena_tour_mp4-2237_jpg.rf.37993d01e79cfa8e6d077196fc7d7b91.jpg,132888,b2623c0bbf73b2023a2c249aa54bd34a135c19188895052fb5db50d078dfa693
VADD(minmaldataset)/test/images/modena_tour_mp4-2310_jpg.rf.99e00ab5c36af6d2a533fdcca59f37d8.jpg,128559,3a668dce127b89111dc2ed05058f195aec2b025ca84faead1bcf78902e36b745
VADD(minmaldataset)/test/images/modena_tour_mp4-2329_jpg.rf.122bae6b8a91be8a75b13971748ca0fb.jpg,129992,8fe2fd6968bbea85fc43424734949b6e432af3e79c4c225854155ea62a0092dc
VADD(minmaldataset)/test/images/modena_tour_mp4-240_jpg.rf.c5ce1e5d81e75019e2308ebc90fc5ece.jpg,125158,cbccd5b893ed1299143fd82cbadd5503090faf8a8fb64aca3e70348d59161347
VADD(minmaldataset)/test/images/modena_tour_mp4-2413_jpg.rf.c924a1fb44183d669a0c55d074036b85.jpg,122314,8f4242498cad69840da57cebf43d40e300cb73d14b8aebfa19584c811d1bd26e
VADD(minmaldataset)/test/images/modena_tour_mp4-2457_jpg.rf.436df3d37dc27736de3c8fc3a67cee13.jpg,130540,16f7d798cfc20933bd99ab54412145718c93ff811bb2eb356aff14174262b578
VADD(minmaldataset)/test/images/modena_tour_mp4-2486_jpg.rf.a545829a5b7b49d24c25138dec9f3ea1.jpg,122694,4996c8e9008c8edd81047f7da2aa71407f803db5163c3423ff34ada332fe1833
VADD(minmaldataset)/test/images/modena_tour_mp4-250_jpg.rf.fb3eb5fac59c80e4d5645d886272f7a6.jpg,118409,09d2c6b5186792d4ae4645f13ed831d035c627f588e1faedbf001bd8a3dccd5c
VADD(minmaldataset)/test/images/modena_tour_mp4-2548_jpg.rf.38ab7df42f49f30ba549d1db458b60c1.jpg,131673,b282d2d0071115e24499e45a0c0e49a63411346f9583c3bae4c232d99e506ca4
VADD(minmaldataset)/test/images/modena_tour_mp4-2553_jpg.rf.0736194c5878cdb5ee086a790ca0f79c.jpg,132464,fb8de308976ed33bd33478e104d0f7a662fa4f7daaa02c07000f42f1eb97fe33
VADD(minmaldataset)/test/images/modena_tour_mp4-265_jpg.rf.e5fd49f183ae2b91a76608c0c127c6dd.jpg,122052,e1214db796edd1dbac6392aed37d5ed19b8a77c18397c031fb196ba94c28a654
VADD(minmaldataset)/test/images/modena_tour_mp4-2675_jpg.rf.b8089845ae1c9603b71d1157aa8d3174.jpg,125312,063b32169d39e63be9d3f61780c24d783198d3571c4954935ecd84fa1a1f05c2
VADD(minmaldataset)/test/images/modena_tour_mp4-2676_jpg.rf.ba28109093a9db92fad94090379c8906.jpg,127153,7d0eb0b449aa81e55a348a7472270a58faf8ddce5641d1961a4692d55309593c
VADD(minmaldataset)/test/images/modena_tour_mp4-2679_jpg.rf.75360f9a616dfa25152a2be4ffffaab5.jpg,125930,1558f8e83eee7ce67aac7f044a62e542ad68674d0368d6ca10949b5986b0f358
VADD(minmaldataset)/test/images/modena_tour_mp4-2726_jpg.rf.fe35eb841ad5ee858b916e3936765452.jpg,120222,d1afa41c3c669f5d8c0ff816bd2fabd7a419c5aace1030d7125b343e28423e9e
VADD(minmaldataset)/test/images/modena_tour_mp4-2861_jpg.rf.edd82bffb42981ea5ade401c3da791f8.jpg,130385,6b8093e3265f51072cc1439b4809c26be1d74c00f11fcd1188cc6d8ebf13eec4
VADD(minmaldataset)/test/images/modena_tour_mp4-443_jpg.rf.b48dcf2e62691487f275b63d2d978863.jpg,125637,6f8d8001ebe947e742c1c885c2fa55cc4cb9d188301122cb73eb0fee0b80331b
VADD(minmaldataset)/test/images/modena_tour_mp4-510_jpg.rf.144f81a9179b2d77e04d6c9316e6a94e.jpg,121734,8386c9be69c0c79ae5bac57ebae9e15461712bab484b2f8243107ebba427ae79
VADD(minmaldataset)/test/images/modena_tour_mp4-677_jpg.rf.132ac226d572bc0e139d10e02fe31800.jpg,124149,cbae2c656c9ad7bd19767a8d3b4015d107b8e5002a9f5d4e8f36d69b006e9418
VADD(minmaldataset)/test/images/modena_tour_mp4-688_jpg.rf.8addb89d3a7aac087e7f912fdc0c2272.jpg,127160,e14cb0af379f4af31ee18b5a7424a0c339bd91b10467be3b7645958bb00a0ace
VADD(minmaldataset)/test/images/modena_tour_mp4-691_jpg.rf.f1bbccd8bcc21213efd3f80eb9ff0a73.jpg,127836,b476591e3d1702ca63b7cf75ce433b762d8f632ce8d3bf107d7237b4be74f1eb
VADD(minmaldataset)/test/images/modena_tour_mp4-716_jpg.rf.81c07b9b0b64a491995207109917b37e.jpg,124007,fde60d1e0ada6cbdb7bb5279e7532c5c085684f266168090872507c118292d93
VADD(minmaldataset)/test/images/modena_tour_mp4-846_jpg.rf.287311ebc6253bee8c7f0e9047537465.jpg,129147,23b39dcf0750025c442c69c8b3adf4f579565d06bc02e4a402010b167147fff6
VADD(minmaldataset)/test/images/modena_tour_mp4-863_jpg.rf.1cb6d2f94cb4a701ca05adb6fc0181d6.jpg,125284,9dbec5230245d2975204b565f7a66ab2b3124ecbbbf9e14d27f7674a604f9e55
VADD(minmaldataset)/test/images/test_video_1_mp4-1256_jpg.rf.0fb58b4149e72a6005f2639b8f168769.jpg,90313,1466206f5a95999f452f9d6e9ba10dea4665324723012a8c757bbdd5961041a8
VADD(minmaldataset)/test/images/test_video_1_mp4-577_jpg.rf.5e29cac519712eed40be80f3a7512d59.jpg,89121,3a129b60de062a96bf1c8ab691a765a09e2c9444069769f03e8e85b15c73630f
VADD(minmaldataset)/test/images/test_video_1_mp4-629_jpg.rf.eb5a2972ba1d81a973499e95b27e99a5.jpg,90632,b67db00cced44c9e687b6acff29acea783f54780a218fb6f2263ce8b7cc5aa26
VADD(minmaldataset)/test/images/THA-vs-BEL-Full-Final-13-14-Womens-U20-Volleyball-World-Champs_1_mp4-0_jpg.rf.adbfe493c02ef4dd41e95a9e58cde406.jpg,101626,1b40bb00c36c1ef2bf25a89245190200648d96d0364b6b5481d96f89369178c4
VADD(minmaldataset)/test/images/THA-vs-BEL-Full-Final-13-14-Womens-U20-Volleyball-World-Champs_1_mp4-217_jpg.rf.cac46df6fb0b0d0fbb858e6179a098ab.jpg,103514,e7f1c8419d244a04cf9a177b7156841e74e142c5ddc82f8c3ffe6721f527e5c9
VADD(minmaldataset)/test/images/THA-vs-BEL-Full-Final-13-14-Womens-U20-Volleyball-World-Champs_1_mp4-455_jpg.rf.c56137091a4232e03fce03c52b521365.jpg,100360,5376f91424bfc6b6d6c8a6a47dfcb2729d60659b7a4b8600725d68aa1cd9edd4
VADD(minmaldataset)/test/images/THA-vs-BEL-Full-Final-13-14-Womens-U20-Volleyball-World-Champs_1_mp4-477_jpg.rf.aaeb30f801323bd8ba9c0e8dada560c1.jpg,99775,050e49dbe91117fb34244f0a293cf03baf44e0c952d6c5f8b8f28ef5ef251a99
VADD(minmaldataset)/test/images/THA-vs-BEL-Full-Final-13-14-Womens-U20-Volleyball-World-Champs_1_mp4-595_jpg.rf.debf9df6c8052e4d7a71a8902b391c95.jpg,96980,0b454b608a32845edffe3f540b67a9429e5c2bf2204d57db5204f3e28083bfd1
VADD(minmaldataset)/test/images/THA-vs-BEL-Full-Final-13-14-Womens-U20-Volleyball-World-Champs_1_mp4-711_jpg.rf.43c8acb50123b6690a69817a43794bcb.jpg,97852,78a55082777e16e213bbe6ddeecc79bffd27cf0ebf66f4cc23d55f9cbfd75316
VADD(minmaldataset)/test/images/THA-vs-BEL-Full-Final-13-14-Womens-U20-Volleyball-World-Champs_2_mp4-74_jpg.rf.f667e4c7ddd4dc7f7ab2d49ec2a15756.jpg,103023,735083636502b75a17c343001e704cff1abafbd765ec3f76f93125469fb30bf3
VADD(minmaldataset)/test/images/THA-vs-BEL-Full-Final-13-14-Womens-U20-Volleyball-World-Champs_mp4-131_jpg.rf.cf5ebd022f84eac89739e91a0309123c.jpg,101809,14603fdad003300bf9cf867dbfd82dc6ae3e1e49c51781d6d766c155384c856b
VADD(minmaldataset)/test/images/THA-vs-BEL-Full-Final-13-14-Womens-U20-Volleyball-World-Champs_mp4-153_jpg.rf.20e901865fe208368486013b7496340d.jpg,95526,c525daf4f4c9666f5f32d448f6d650e5672aa49dde5072bddac7c37a61c3d217
VADD(minmaldataset)/test/images/THA-vs-BEL-Full-Final-13-14-Womens-U20-Volleyball-World-Champs_mp4-171_jpg.rf.b03a6ed16c6abbf78dc0f165e62a4592.jpg,94265,b006f1cc42a13eab7ee8c2b5859cb13cdd72e82692643c1185297d6a5a75aa13
VADD(minmaldataset)/test/images/THA-vs-BEL-Full-Final-13-14-Womens-U20-Volleyball-World-Champs_mp4-36_jpg.rf.cb73304deee82a40d9c5095247688abd.jpg,92389,11bbe1e2ae19347acb310ca58d308770fd15d0c5415967a7a3d341db0fa25b8f
VADD(minmaldataset)/test/images/THA-vs-BEL-Full-Final-13-14-Womens-U20-Volleyball-World-Champs_mp4-74_jpg.rf.1e0f07d3e54987a675509d71945f5fdb.jpg,95792,467db8102bccfc057d342a7bfe2606dcc600fe0d517adb6f6e2aeb4e29f634b9
VADD(minmaldataset)/test/labels/-E3-82-B9-E3-82-AF-E3-83-AA-E3-83-BC-E3-83-B3-E3-82-B7-E3-83-A7-E3-83-83-E3-83-88-202022-07-18-2022-08-57_jpg.rf.ef29d5ea69fe332b75b37778f8ff0fa9.txt,80,bc3e9181864bfeac7a7a1b9d501a861b11150c20fc228bcf07c7d7ec3860fdd7
VADD(minmaldataset)/test/labels/-E3-82-B9-E3-82-AF-E3-83-AA-E3-83-BC-E3-83-B3-E3-82-B7-E3-83-A7-E3-83-83-E3-83-88-202022-07-18-2022-11-18_jpg.rf.505107660f92094bb631ba43b8d13d6f.txt,77,0c63e7c04ff23f3e1e71c3d73989d6dfa8b61d66d2b88931e5463eeb1989da89
VADD(minmaldataset)/test/labels/-E3-82-B9-E3-82-AF-E3-83-AA-E3-83-BC-E3-83-B3-E3-82-B7-E3-83-A7-E3-83-83-E3-83-88-202022-07-18-2022-16-57_jpg.rf.711b4423860b249f08ceec319a9ac8f7.txt,79,6182e3f14caab66ee6eee1e305c7ea94e938ecc65a4a4746587dd7c5ab159f5f
VADD(minmaldataset)/test/labels/-E3-82-B9-E3-82-AF-E3-83-AA-E3-83-BC-E3-83-B3-E3-82-B7-E3-83-A7-E3-83-83-E3-83-88-202022-07-18-2022-25-23_jpg.rf.9c352894c314c64f1c4ccc4674594b5d.txt,57,0447fec4a8222cfe7365aa1b8c5385f9d8d5dfb212c66d16c516b1e2af5a403a
VADD(minmaldataset)/test/labels/-E3-82-B9-E3-82-AF-E3-83-AA-E3-83-BC-E3-83-B3-E3-82-B7-E3-83-A7-E3-83-83-E3-83-88-202022-07-18-2022-27-59_jpg.rf.bf15b40debdf0d8c16562bc847e1295a.txt,40,e3cd30106335f62a69940c0269fefdae97b10cd5ef9b41ba00be0780d2b49565
VADD(minmaldataset)/test/labels/-E3-82-B9-E3-82-AF-E3-83-AA-E3-83-BC-E3-83-B3-E3-82-B7-E3-83-A7-E3-83-83-E3-83-88-202022-07-18-2022-29-48_jpg.rf.a6f1a9115ed43831e3f15deeb99b7500.txt,79,69154abfa38cf504a86b04bb21c5a4f1f0a2846e20bc73ef0021277fc707276f
VADD(minmaldataset)/test/labels/-E3-82-B9-E3-82-AF-E3-83-AA-E3-83-BC-E3-83-B3-E3-82-B7-E3-83-A7-E3-83-83-E3-83-88-202022-07-18-2022-31-03_jpg.rf.6c01efa2f4b4d99da15a9df18459f76d.txt,61,a0e5c4db0c329a5688a9e5ca00df7cc05d71e273b2d145a3a29e70ac48b37882
VADD(minmaldataset)/test/labels/-E3-82-B9-E3-82-AF-E3-83-AA-E3-83-BC-E3-83-B3-E3-82-B7-E3-83-A7-E3-83-83-E3-83-88-202022-07-18-2022-47-32_jpg.rf.ea6e6c3d4eaf0205e0aeed10f5642bc8.txt,38,349a60da5ac75b8dc56f92f97174fecfd7b174c705a00f02239c287d683d5607
VADD(minmaldataset)/test/labels/-E3-82-B9-E3-82-AF-E3-83-AA-E3-83-BC-E3-83-B3-E3-82-B7-E3-83-A7-E3-83-83-E3-83-88-202022-07-18-2022-49-31_jpg.rf.133acf5d7bbd2366445840b403234979.txt,39,ee5ef1a89a45db84262d6aa6f566e2ae1413f19513ea75496783859719e4ec3c
VADD(minmaldataset)/test/labels/-E3-82-B9-E3-82-AF-E3-83-AA-E3-83-BC-E3-83-B3-E3-82-B7-E3-83-A7-E3-83-83-E3-83-88-202022-07-18-2022-52-24_jpg.rf.260346af37327dede641792a160be013.txt,69,f4bdce6ea4a3403d8ba561a0aac3a9dfa3083e5ce67b110c20fa880fdcca9a5f
VADD(minmaldataset)/test/labels/-E3-82-B9-E3-82-AF-E3-83-AA-E3-83-BC-E3-83-B3-E3-82-B7-E3-83-A7-E3-83-83-E3-83-88-202022-07-18-2023-10-59_jpg.rf.74cb86037f9ed86cb57d28c7069c97d5.txt,66,0590c14a09047e66f9fbb84de5be7f7bc3aaf5fe63479a0f870c40959f12a81f
VADD(minmaldataset)/test/labels/-E3-82-B9-E3-82-AF-E3-83-AA-E3-83-BC-E3-83-B3-E3-82-B7-E3-83-A7-E3-83-83-E3-83-88-202022-07-18-2023-14-48_jpg.rf.ddc76c2fe2adced7c4e93dec3acf86c3.txt,50,5437451bfe4b7738f89aa4fb3a9a4177762eaa05fc667497cecf3977110b7c25
VADD(minmaldataset)/test/labels/-E3-82-B9-E3-82-AF-E3-83-AA-E3-83-BC-E3-83-B3-E3-82-B7-E3-83-A7-E3-83-83-E3-83-88-202022-07-18-2023-37-20_jpg.rf.1354cafa4d824e29045f4d23a57c40c4.txt,80,208a7472a88d7a3b7eb07d9cdfc95ba175cfda5a4f3cf43de63803ee226aa6cd
VADD(minmaldataset)/test/labels/-E3-82-B9-E3-82-AF-E3-83-AA-E3-83-BC-E3-83-B3-E3-82-B7-E3-83-A7-E3-83-83-E3-83-88-202022-07-18-2023-38-07_jpg.rf.b67643cdab1e19745478766162eb55a4.txt,68,15a42c9fa34b2c45a97445f8060f30eaa39651fb22cc466c242bd80e332ed6c0
VADD(minmaldataset)/test/labels/-E3-82-B9-E3-82-AF-E3-83-AA-E3-83-BC-E3-83-B3-E3-82-B7-E3-83-A7-E3-83-83-E3-83-88-202022-07-18-2023-39-39_jpg.rf.04bdcff5b7ba040d3ef650bdad934d0c.txt,78,39c74804d3f6a5b28182ce16e519d34a2bf4716791a57ddc52bab4d71f4f1cf5
VADD(minmaldataset)/test/labels/-E3-82-B9-E3-82-AF-E3-83-AA-E3-83-BC-E3-83-B3-E3-82-B7-E3-83-A7-E3-83-83-E3-83-88-202022-07-19-200-05-08_jpg.rf.723414bacd0d282b70f14a5d30a27f17.txt,68,6e562ca1db33039d506419a74860659b6908952d06e14c97ec7cc85066cd4ecf
VADD(minmaldataset)/test/labels/-E3-82-B9-E3-82-AF-E3-83-AA-E3-83-BC-E3-83-B3-E3-82-B7-E3-83-A7-E3-83-83-E3-83-88-202022-07-19-200-05-24_jpg.rf.e85a6ed0acc7da679d4adf68f31945f4.txt,80,70e3f81d42ec0d3dd8b383aea680e40cc4dc38cb196611353f6899a27288dea3
VADD(minmaldataset)/test/labels/-E3-82-B9-E3-82-AF-E3-83-AA-E3-83-BC-E3-83-B3-E3-82-B7-E3-83-A7-E3-83-83-E3-83-88-202022-07-19-200-06-15_jpg.rf.d5313c23a7a014ca9029ae6e42a6bca4.txt,80,0e4b05cced26e8ce527cfdd2d132707aa074b8642e724c88a96d0622e25df7b9
VADD(minmaldataset)/test/labels/-E3-82-B9-E3-82-AF-E3-83-AA-E3-83-BC-E3-83-B3-E3-82-B7-E3-83-A7-E3-83-83-E3-83-88-202022-07-19-200-07-29_jpg.rf.b996c47f22830f11a64ee77ebc72cc11.txt,80,47b20ea743fc82dda9f47ac62cbc532abf92acede22b443ff574c247368ac346
VADD(minmaldataset)/test/labels/-E3-82-B9-E3-82-AF-E3-83-AA-E3-83-BC-E3-83-B3-E3-82-B7-E3-83-A7-E3-83-83-E3-83-88-202022-07-19-200-10-06_jpg.rf.2c19b0866553cddd2d9f226301655e50.txt,80,310adb2bedb45825e5f4c7abe52d9f7cb8548a6244718c855f1a9122d23d6441
VADD(minmaldataset)/test/labels/-E3-82-B9-E3-82-AF-E3-83-AA-E3-83-BC-E3-83-B3-E3-82-B7-E3-83-A7-E3-83-83-E3-83-88-202022-07-19-200-12-49_jpg.rf.c60069520f63ad6c8a2330055e1fa7bc.txt,80,d3108d2a2f1fbfc4d184c680a4eba52dc40dacdc4abc9fb0acd7611de76fec68
VADD(minmaldataset)/test/labels/-E3-82-B9-E3-82-AF-E3-83-AA-E3-83-BC-E3-83-B3-E3-82-B7-E3-83-A7-E3-83-83-E3-83-88-202022-07-19-200-14-23_jpg.rf.0318312b16fab7095c6e0bbdd28edbb3.txt,57,a992a8555c2a95c421fe20ade20a83140247c38b56b03a0531173c9eb13a16e3
VADD(minmaldataset)/test/labels/-E3-82-B9-E3-82-AF-E3-83-AA-E3-83-BC-E3-83-B3-E3-82-B7-E3-83-A7-E3-83-83-E3-83-88-202022-07-19-200-44-18_jpg.rf.391bb3e10dabfc77d55b150b7ba229ca.txt,41,688f449e692c5a725d4c6207f1b4ccc6dcc843a791415a398c34e7444c296db5
VADD(minmaldataset)/test/labels/-E3-82-B9-E3-82-AF-E3-83-AA-E3-83-BC-E3-83-B3-E3-82-B7-E3-83-A7-E3-83-83-E3-83-88-202022-07-19-200-49-47_jpg.rf.7d818375532508375dbf65553d8b4468.txt,46,10fc8ca59255e322ccd03177556607ef1d78503f521f54fc68dedd9ad1313027
VADD(minmaldataset)/test/labels/-E3-82-B9-E3-82-AF-E3-83-AA-E3-83-BC-E3-83-B3-E3-82-B7-E3-83-A7-E3-83-83-E3-83-88-202022-07-23-2012-46-14_jpg.rf.ac6fe2959375cb4268c2b17b2e790b25.txt,80,f26773ce2f5a8752a0812fc6a8ae5e7149f1e39900db622ccdc02ee4b835625f
VADD(minmaldataset)/test/labels/-E3-82-B9-E3-82-AF-E3-83-AA-E3-83-BC-E3-83-B3-E3-82-B7-E3-83-A7-E3-83-83-E3-83-88-202022-07-23-2012-46-14_jpg.rf.cab21031fbcf7a5113417d9ef4039540.txt,80,f26773ce2f5a8752a0812fc6a8ae5e7149f1e39900db622ccdc02ee4b835625f
VADD(minmaldataset)/test/labels/-E3-82-B9-E3-82-AF-E3-83-AA-E3-83-BC-E3-83-B3-E3-82-B7-E3-83-A7-E3-83-83-E3-83-88-202022-07-23-2012-49-28_jpg.rf.95a3ddda6ff52fe0a56ceb6e0733d1a1.txt,67,b7ac8eb2856fc186511a7edf83cf42b992408f921820ce2181dcdf0f08b329aa
VADD(minmaldataset)/test/labels/-E3-82-B9-E3-82-AF-E3-83-AA-E3-83-BC-E3-83-B3-E3-82-B7-E3-83-A7-E3-83-83-E3-83-88-202022-07-23-2012-58-27_jpg.rf.cf6d2168f32d877a680b95f9bfe6d7e9.txt,59,2b3a206137dea7e15944f16e9423c4a3bce4539a9a5694eba56498d57e09701f
VADD(minmaldataset)/test/labels/-E3-82-B9-E3-82-AF-E3-83-AA-E3-83-BC-E3-83-B3-E3-82-B7-E3-83-A7-E3-83-83-E3-83-88-202022-07-23-2013-07-18_jpg.rf.527b1496e8a52e39b57f73fd60a06587.txt,39,9fd61c2426cdc4454f81f84236180aa0ea55dd5b40ecf2f1d0695a33bc192bb8
VADD(minmaldataset)/test/labels/-E3-82-B9-E3-82-AF-E3-83-AA-E3-83-BC-E3-83-B3-E3-82-B7-E3-83-A7-E3-83-83-E3-83-88-202022-07-23-2013-12-58_jpg.rf.39fab55abdf5749902ad261e2760da0e.txt,38,5488653c2d77a567ab5f4da60af4edf43c8a92abcb63d7fe3db86df9a7d2231b
VADD(minmaldataset)/test/labels/-E3-82-B9-E3-82-AF-E3-83-AA-E3-83-BC-E3-83-B3-E3-82-B7-E3-83-A7-E3-83-83-E3-83-88-202022-07-23-2013-15-56_jpg.rf.1ebab60ee923b7cc9cda368782b42621.txt,60,7b22cfd0a9d82da43394deba3ed0f66602cb811ed89c805d8253e8392a554c77
VADD(minmaldataset)/test/labels/-E3-82-B9-E3-82-AF-E3-83-AA-E3-83-BC-E3-83-B3-E3-82-B7-E3-83-A7-E3-83-83-E3-83-88-202022-07-23-2013-16-25_jpg.rf.ed24865e2838aae1f58e79b9bbf9175f.txt,66,f07f583a576e2b60201171f8c643072abcfbfd7f983b5f0929ab71a91686feae
VADD(minmaldataset)/test/labels/-E3-82-B9-E3-82-AF-E3-83-AA-E3-83-BC-E3-83-B3-E3-82-B7-E3-83-A7-E3-83-83-E3-83-88-202022-07-23-2013-17-16_jpg.rf.5007691878ba177b6d10abe50392ca28.txt,38,2a2cc7c67a36703126d9a46713ed4413e9ea4fd80dc78ff932e4babcf51d693b
VADD(minmaldataset)/test/labels/-E3-82-B9-E3-82-AF-E3-83-AA-E3-83-BC-E3-83-B3-E3-82-B7-E3-83-A7-E3-83-83-E3-83-88-202022-07-23-2013-18-56_jpg.rf.a844aa0597086cfe6f5fc3641c4fb859.txt,78,a3913d58f52d7ffb567a7b23c67d260fa1b95e683db7e6d8f6276f6eafbb53b1
VADD(minmaldataset)/test/labels/-E3-82-B9-E3-82-AF-E3-83-AA-E3-83-BC-E3-83-B3-E3-82-B7-E3-83-A7-E3-83-83-E3-83-88-202022-07-23-2013-21-26_jpg.rf.1609286977b8e7eaa0149f295bdd72be.txt,80,36b7aedb48f405d9dd7ee1459d7e77da3e72423c66b0251250b7599d67da5952
VADD(minmaldataset)/test/labels/-E3-82-B9-E3-82-AF-E3-83-AA-E3-83-BC-E3-83-B3-E3-82-B7-E3-83-A7-E3-83-83-E3-83-88-202022-07-23-2016-51-27_jpg.rf.52954f97c465668aba68dd68887880f8.txt,67,b465b638845cd737ffa9ce1dc421f91fb0c9c162e1c88d4771ebf8ab0fa68b90
VADD(minmaldataset)/test/labels/-E3-82-B9-E3-82-AF-E3-83-AA-E3-83-BC-E3-83-B3-E3-82-B7-E3-83-A7-E3-83-83-E3-83-88-202022-07-23-2017-23-12_jpg.rf.9d8afe35540485e7bc4ffc1febf72837.txt,80,b07d3f9a0fe6f327c7ef024c2a0bd6bf6f0e881617d9b40b9543ea1180b9fb78
VADD(minmaldataset)/test/labels/-E3-82-B9-E3-82-AF-E3-83-AA-E3-83-BC-E3-83-B3-E3-82-B7-E3-83-A7-E3-83-83-E3-83-88-202022-07-23-2017-36-40_jpg.rf.16e89eba4850764f5c27d13a5e33da2a.txt,80,5bca49fcfaaa4838e122294e521d3be68d6faccb99e7e2e6f3325c288818a585
VADD(minmaldataset)/test/labels/-E3-82-B9-E3-82-AF-E3-83-AA-E3-83-BC-E3-83-B3-E3-82-B7-E3-83-A7-E3-83-83-E3-83-88-202022-07-23-2017-36-40_jpg.rf.240d7890ebfba0ea324a0ffc527c2a43.txt,80,5bca49fcfaaa4838e122294e521d3be68d6faccb99e7e2e6f3325c288818a585
VADD(minmaldataset)/test/labels/-E3-82-B9-E3-82-AF-E3-83-AA-E3-83-BC-E3-83-B3-E3-82-B7-E3-83-A7-E3-83-83-E3-83-88-202022-07-23-2017-38-04_jpg.rf.6d769b408ae183c34a5db817e181b49d.txt,42,f37403b9a152a264030ecdbf0c216a2427d8b13d3ea323e7aa2b9b1168150e96
VADD(minmaldataset)/test/labels/-E3-82-B9-E3-82-AF-E3-83-AA-E3-83-BC-E3-83-B3-E3-82-B7-E3-83-A7-E3-83-83-E3-83-88-202022-07-23-2017-40-27_jpg.rf.31edab491299201f74acd62672b2a947.txt,79,7f96d3eac6df2160ee1214234e50dc12b99f43e977e711bfffeab2ace913be80
VADD(minmaldataset)/test/labels/-E3-82-B9-E3-82-AF-E3-83-AA-E3-83-BC-E3-83-B3-E3-82-B7-E3-83-A7-E3-83-83-E3-83-88-202022-07-23-2017-40-27_jpg.rf.d36d0d45a59f5ce7701a810b60e7153e.txt,56,e6b05681dd6cc9caa6bc98b2c559299ef132f268c119dea84d0c10a11f9f05b3
VADD(minmaldataset)/test/labels/-E3-82-B9-E3-82-AF-E3-83-AA-E3-83-BC-E3-83-B3-E3-82-B7-E3-83-A7-E3-83-83-E3-83-88-202022-07-23-2023-21-14_jpg.rf.0611ef43a4511376a5846dd37b10e989.txt,81,0ecf86f8a3d1d652fbe1df4249cf1deb8a3c9c2682309addce4f215eec316e09
VADD(minmaldataset)/test/labels/-E3-82-B9-E3-82-AF-E3-83-AA-E3-83-BC-E3-83-B3-E3-82-B7-E3-83-A7-E3-83-83-E3-83-88-202022-07-23-2023-23-33_jpg.rf.8cef7137c23fe93d71cadf7902193d33.txt,80,7499ab556780041dfb922f2227bdc1553f4c0a324f97562e622b470f4f0bd4ee
VADD(minmaldataset)/test/labels/-E3-82-B9-E3-82-AF-E3-83-AA-E3-83-BC-E3-83-B3-E3-82-B7-E3-83-A7-E3-83-83-E3-83-88-202022-07-23-2023-29-05_jpg.rf.3206c7bf2b0928d1ba140cf54a559efa.txt,54,194ac9f861804e93e4ed961eca32ae8ff15da3b2770e5ea36333e6034225924b
VADD(minmaldataset)/test/labels/-E3-82-B9-E3-82-AF-E3-83-AA-E3-83-BC-E3-83-B3-E3-82-B7-E3-83-A7-E3-83-83-E3-83-88-202022-07-23-2023-29-47_jpg.rf.7e6227ac5a34ceca56cc4755602a7f48.txt,36,644065d58b3bf69627d9000e0d62ffca0e9e1adb62b2bb0a39d5162476052513
VADD(minmaldataset)/test/labels/-E3-82-B9-E3-82-AF-E3-83-AA-E3-83-BC-E3-83-B3-E3-82-B7-E3-83-A7-E3-83-83-E3-83-88-202022-07-23-2023-35-09_jpg.rf.cc1af55ca3e4601b8bca99b542b040ec.txt,79,53fa06197cb672efc8360aa8e14c51b07f8d53d59db01ff78236ab4e9ca5f7a8
VADD(minmaldataset)/test/labels/-E3-82-B9-E3-82-AF-E3-83-AA-E3-83-BC-E3-83-B3-E3-82-B7-E3-83-A7-E3-83-83-E3-83-88-202022-07-23-2023-46-57_jpg.rf.54da3a11b49a07ce040827ba5848e536.txt,58,421dcbcdfb2b0b8fbc0940907eed1259e8aa5a83bcc8fefc944fc77909e83068
VADD(minmaldataset)/test/labels/-E3-82-B9-E3-82-AF-E3-83-AA-E3-83-BC-E3-83-B3-E3-82-B7-E3-83-A7-E3-83-83-E3-83-88-202022-07-23-2023-59-20_jpg.rf.e7b266c97254f8c70a22f96299e4a0b3.txt,59,fd629a29a3936e6a28350ed540438e83c242063a531a6bed0a6d1e9592a1f76f
VADD(minmaldataset)/test/labels/-E3-82-B9-E3-82-AF-E3-83-AA-E3-83-BC-E3-83-B3-E3-82-B7-E3-83-A7-E3-83-83-E3-83-88-202022-07-24-200-01-15_jpg.rf.29f80bb8686d5d2c3d44e224f3ab4c44.txt,81,04d7e444c109cead974ba15845922a6bad061a929249818316b96831add7cbb9
VADD(minmaldataset)/test/labels/-E3-82-B9-E3-82-AF-E3-83-AA-E3-83-BC-E3-83-B3-E3-82-B7-E3-83-A7-E3-83-83-E3-83-88-202022-07-24-200-01-24_jpg.rf.2bb047de1058563d57d55ba05512ed3a.txt,80,cddb56da33f3d56a924ee443eb1ed34f260654d5b0218ef603ec9fda27cd55f8
VADD(minmaldataset)/test/labels/-E3-82-B9-E3-82-AF-E3-83-AA-E3-83-BC-E3-83-B3-E3-82-B7-E3-83-A7-E3-83-83-E3-83-88-202022-07-24-200-02-00_jpg.rf.4a6e7bab54ba5f2a729602901ea4d24b.txt,78,b830a50d96b4d190696ac9be5be6b23093cd116d64b32e4adf74ea1a51f9d954
VADD(minmaldataset)/test/labels/-E3-82-B9-E3-82-AF-E3-83-AA-E3-83-BC-E3-83-B3-E3-82-B7-E3-83-A7-E3-83-83-E3-83-88-202022-07-24-200-05-24_jpg.rf.5bff8b5f07d36d714145e12a32e32689.txt,80,0cca5c06939a97fbe6f73c56048f7d3a9f12ee9e56b7e3be98136b5847d02a04
VADD(minmaldataset)/test/labels/-E3-82-B9-E3-82-AF-E3-83-AA-E3-83-BC-E3-83-B3-E3-82-B7-E3-83-A7-E3-83-83-E3-83-88-202022-07-25-200-15-56_jpg.rf.bf7f819cc43e300cf658e7465f5d6fce.txt,37,46216a57d8feb0f3565fba56ef4a9c81433dcdd0b779e29022653f54f666513b
VADD(minmaldataset)/test/labels/-E3-82-B9-E3-82-AF-E3-83-AA-E3-83-BC-E3-83-B3-E3-82-B7-E3-83-A7-E3-83-83-E3-83-88-202022-07-25-200-17-49_jpg.rf.7c095006b55f83710a5281a7e7be5731.txt,41,722130123a248054934ce3aebfbacec38a61ed9cfd8adbe2a32385e38dd683f6
VADD(minmaldataset)/test/labels/-E3-82-B9-E3-82-AF-E3-83-AA-E3-83-BC-E3-83-B3-E3-82-B7-E3-83-A7-E3-83-83-E3-83-88-202022-07-25-200-17-49_jpg.rf.82b5d79dbd334f9d11989dc6e8257b17.txt,79,13e76988135f4d06bf9b936bcb36b60e4887a4dc3d32250a635690e9a4b667ad
VADD(minmaldataset)/test/labels/-E3-82-B9-E3-82-AF-E3-83-AA-E3-83-BC-E3-83-B3-E3-82-B7-E3-83-A7-E3-83-83-E3-83-88-202022-07-25-200-25-20_jpg.rf.967ef986a2e812d0c13ca8b8451b2139.txt,61,771384d7838173feeeb1f6623cb0164f8141c987161815379e23ffed33e64d78
VADD(minmaldataset)/test/labels/-E3-82-B9-E3-82-AF-E3-83-AA-E3-83-BC-E3-83-B3-E3-82-B7-E3-83-A7-E3-83-83-E3-83-88-202022-07-25-200-31-59_jpg.rf.2f017c947729541122a3e8cbbba51322.txt,53,58a15f360f1a94be6a776afab9bf106c9870548312a3810a1859e4961feb0725
VADD(minmaldataset)/test/labels/-E3-82-B9-E3-82-AF-E3-83-AA-E3-83-BC-E3-83-B3-E3-82-B7-E3-83-A7-E3-83-83-E3-83-88-202022-07-25-200-34-23_jpg.rf.384722c51b229f4baed1c0ffea653dbc.txt,57,eea79e42fda7da4337322c4e7a0db31441cb96163288f38fbdfe1aa0ca6ce8e6
VADD(minmaldataset)/test/labels/-E3-82-B9-E3-82-AF-E3-83-AA-E3-83-BC-E3-83-B3-E3-82-B7-E3-83-A7-E3-83-83-E3-83-88-202022-07-25-200-34-23_jpg.rf.6ea19ee9137550c0729c1bcc05e4ba26.txt,78,b23b4b696f1f4abf62bbcc0ec8a3f785efed8aad16ea768b33c906b52de990f1
VADD(minmaldataset)/test/labels/-E3-82-B9-E3-82-AF-E3-83-AA-E3-83-BC-E3-83-B3-E3-82-B7-E3-83-A7-E3-83-83-E3-83-88-202022-07-25-200-36-30_jpg.rf.0be0ed4784b42d2c66794b65a769b048.txt,79,90171bdb472bb0bc30498216b343b0a21ff67c7264198349a97919b96955ead2
VADD(minmaldataset)/test/labels/-E3-82-B9-E3-82-AF-E3-83-AA-E3-83-BC-E3-83-B3-E3-82-B7-E3-83-A7-E3-83-83-E3-83-88-202022-07-25-200-37-06_jpg.rf.70081155cc108d95bcbb032e0206b81d.txt,81,4440790c12fa1494196ae06b1db511f5557498fc59f585cbb50ca84cf2286816
VADD(minmaldataset)/test/labels/-E3-82-B9-E3-82-AF-E3-83-AA-E3-83-BC-E3-83-B3-E3-82-B7-E3-83-A7-E3-83-83-E3-83-88-202022-07-25-200-40-19_jpg.rf.59b17933ca15fd0ae4a00886e967f2df.txt,79,9f8fe33f3a4244ecebad9685b38e4d8dfdbaf4d3c526101f45bfa9c184011e2a
VADD(minmaldataset)/test/labels/-E3-82-B9-E3-82-AF-E3-83-AA-E3-83-BC-E3-83-B3-E3-82-B7-E3-83-A7-E3-83-83-E3-83-88-202022-07-25-200-44-39_jpg.rf.a33cb6b6311f13e40932995284cc1594.txt,78,1a9f7932448e6144f44c52447aa261e8c6a11dca7ffd4d26796228c0082a09ec
VADD(minmaldataset)/test/labels/-E3-82-B9-E3-82-AF-E3-83-AA-E3-83-BC-E3-83-B3-E3-82-B7-E3-83-A7-E3-83-83-E3-83-88-202022-07-25-200-44-39_jpg.rf.c176690f16b97db084395ad0df8b9ac4.txt,40,99b0ee76198355aaea1a5234c2704d3ce4b30097dcb28d695f325cf797ef84f5
VADD(minmaldataset)/test/labels/-E3-82-B9-E3-82-AF-E3-83-AA-E3-83-BC-E3-83-B3-E3-82-B7-E3-83-A7-E3-83-83-E3-83-88-202022-07-25-200-46-53_jpg.rf.4d0e8fb081db8815ee42096cc7efbb26.txt,81,fffc6042a8c471b2fa0918f56b8270ae8d7ef1413b717875d7fc35824113249b
VADD(minmaldataset)/test/labels/-E3-82-B9-E3-82-AF-E3-83-AA-E3-83-BC-E3-83-B3-E3-82-B7-E3-83-A7-E3-83-83-E3-83-88-202022-07-25-200-48-19_jpg.rf.f2ac1f5402cd2f7731f172b60a4eb79d.txt,37,015b29e8f6fc46526b01a3c170bab0814443c534a9e49f8148cb8613461f5f8b
VADD(minmaldataset)/test/labels/-E3-82-B9-E3-82-AF-E3-83-AA-E3-83-BC-E3-83-B3-E3-82-B7-E3-83-A7-E3-83-83-E3-83-88-202022-07-25-200-53-36_jpg.rf.1fe2e9bbc3d0a0512d7b6175b9a88688.txt,47,619678bad6006bceab85ce33f02108ad3595d8463d0ed6e378754cb7e514e5b9
VADD(minmaldataset)/test/labels/-E3-82-B9-E3-82-AF-E3-83-AA-E3-83-BC-E3-83-B3-E3-82-B7-E3-83-A7-E3-83-83-E3-83-88-202022-07-25-200-54-59_jpg.rf.ff4193e2cd72006b8940d44d51e11915.txt,80,13355d7b9346566b0205a56cebd135d04edd4b44fe784d0f8b3bd3ccd91311af
VADD(minmaldataset)/test/labels/-E3-82-B9-E3-82-AF-E3-83-AA-E3-83-BC-E3-83-B3-E3-82-B7-E3-83-A7-E3-83-83-E3-83-88-202022-07-25-200-55-36_jpg.rf.3e66b2390e8d2afa2546d6279f517a83.txt,58,4c95e16af9aa8894e85215cfc10f7f4d2d8a05c012659f8bb0a933d21afea035
VADD(minmaldataset)/test/labels/-E3-82-B9-E3-82-AF-E3-83-AA-E3-83-BC-E3-83-B3-E3-82-B7-E3-83-A7-E3-83-83-E3-83-88-202022-07-25-200-56-46_jpg.rf.550962f5c91901130e50f6e28a0461c2.txt,41,0af465569919c22bbf9f1ebfa5ca1635a3a313af8a5c0803eb9fda6029825f63
VADD(minmaldataset)/test/labels/-E3-82-B9-E3-82-AF-E3-83-AA-E3-83-BC-E3-83-B3-E3-82-B7-E3-83-A7-E3-83-83-E3-83-88-202022-07-25-200-57-25_jpg.rf.99a6ff029ffad750f315a879ee8f5f73.txt,79,79773ccbc14dad3f2fb2cb8ebb38d57191141fe90a06f67433c5091b02300fd4
VADD(minmaldataset)/test/labels/-E3-82-B9-E3-82-AF-E3-83-AA-E3-83-BC-E3-83-B3-E3-82-B7-E3-83-A7-E3-83-83-E3-83-88-202022-07-25-201-03-33_jpg.rf.3e72690cb5ba3dc3b677a63cc3453209.txt,81,27b9b1f595c282307db8eec52fb21581d8398cf0ffd9ed086a6a0db3e48ce44c
VADD(minmaldataset)/test/labels/-E3-82-B9-E3-82-AF-E3-83-AA-E3-83-BC-E3-83-B3-E3-82-B7-E3-83-A7-E3-83-83-E3-83-88-202022-07-25-201-05-29_jpg.rf.08bc54e2f698a4c1fc40816f821cfcf7.txt,82,bd56696fda6fccea758c909bd367d99bce5f10b6374fbe6aee16469f48044bde
VADD(minmaldataset)/test/labels/-E3-82-B9-E3-82-AF-E3-83-AA-E3-83-BC-E3-83-B3-E3-82-B7-E3-83-A7-E3-83-83-E3-83-88-202022-07-25-201-10-22_jpg.rf.47f964297ad6d76341699795e8ecf2fe.txt,70,772a87f7df7d9350f367875a7807e48e7d88c3a16361943627944636ad501121
VADD(minmaldataset)/test/labels/-E3-82-B9-E3-82-AF-E3-83-AA-E3-83-BC-E3-83-B3-E3-82-B7-E3-83-A7-E3-83-83-E3-83-88-202022-07-25-201-11-19_jpg.rf.880326c81a11547e9ea42a48d0b76d58.txt,35,bfc2c645b7c4110cde9c92d07a0fbab3043450b8e42349dd4fc16d57c866d238
VADD(minmaldataset)/test/labels/-E3-82-B9-E3-82-AF-E3-83-AA-E3-83-BC-E3-83-B3-E3-82-B7-E3-83-A7-E3-83-83-E3-83-88-202022-07-25-201-12-07_jpg.rf.1fc32a77c1425ec76ecd1c1d4cd16c99.txt,67,0c00c774e608498e8e3f49d6c1ac3952242ad0fa06a01ba9b8576d270ae9df5c
VADD(minmaldataset)/test/labels/-E3-82-B9-E3-82-AF-E3-83-AA-E3-83-BC-E3-83-B3-E3-82-B7-E3-83-A7-E3-83-83-E3-83-88-202022-07-25-201-21-32_jpg.rf.6fd750f980a3c73b5b7dbbe9d60d3c15.txt,48,91e02487374cb9e2e740b59cd764246053ebf95899d6b9b7ff02d08ac348ac60
VADD(minmaldataset)/test/labels/-E3-82-B9-E3-82-AF-E3-83-AA-E3-83-BC-E3-83-B3-E3-82-B7-E3-83-A7-E3-83-83-E3-83-88-202022-07-25-201-21-52_jpg.rf.afcb70cfb6355c7ebd80422f700586e1.txt,81,9d0f7fd94499364eb5ea05008b0442cdad5cc971117e6b8c3620708d24ad0f11
VADD(minmaldataset)/test/labels/-E3-82-B9-E3-82-AF-E3-83-AA-E3-83-BC-E3-83-B3-E3-82-B7-E3-83-A7-E3-83-83-E3-83-88-202022-07-25-201-22-23_jpg.rf.6d3b43dd6466b98191a1bcc732943fb2.txt,66,b6798ab3f7e6086db21562547814e7f006cd9da5b11e3c44ff25b111f3da9d23
VADD(minmaldataset)/test/labels/-E3-82-B9-E3-82-AF-E3-83-AA-E3-83-BC-E3-83-B3-E3-82-B7-E3-83-A7-E3-83-83-E3-83-88-202022-07-25-201-22-37_jpg.rf.e55e0005615d877b7667ae1b0282289a.txt,80,1c6600f3f0e90e4e44b9dd2384029d013edda0eedc07ef0ade3bc0ccbe03bd57
VADD(minmaldataset)/test/labels/-E3-82-B9-E3-82-AF-E3-83-AA-E3-83-BC-E3-83-B3-E3-82-B7-E3-83-A7-E3-83-83-E3-83-88-202022-07-25-2016-20-35_jpg.rf.153d7b7e654683eef14bab901440419d.txt,57,ddc42b7f6fe4fdeba6b673711bb941ca7912b343c8db5770eebf08f9e9ef72b0
VADD(minmaldataset)/test/labels/-E3-82-B9-E3-82-AF-E3-83-AA-E3-83-BC-E3-83-B3-E3-82-B7-E3-83-A7-E3-83-83-E3-83-88-202022-07-25-2016-21-38_jpg.rf.ab963fdc0a21cc0cd06fbcd86465e239.txt,81,e6f61eb7187b23c27a59700d090bc1656426625ddbfdcaeaea80f51472ad550d
VADD(minmaldataset)/test/labels/-E3-82-B9-E3-82-AF-E3-83-AA-E3-83-BC-E3-83-B3-E3-82-B7-E3-83-A7-E3-83-83-E3-83-88-202022-07-25-2016-22-21_jpg.rf.08823ad83a40f7cee959a9f81aff4b33.txt,82,c27b6d8eed41bdf8600ce4237e716187d6014f22ff75bd80295552ba73b46623
VADD(minmaldataset)/test/labels/-E3-82-B9-E3-82-AF-E3-83-AA-E3-83-BC-E3-83-B3-E3-82-B7-E3-83-A7-E3-83-83-E3-83-88-202022-07-25-2016-27-54_jpg.rf.2a19af469f509117ffa6d2618655d36a.txt,80,ebad6f814163d49e98017ea3db1aec6476e0c8a0cdf7d867be6dcdeaca3f08d2
VADD(minmaldataset)/test/labels/-E3-82-B9-E3-82-AF-E3-83-AA-E3-83-BC-E3-83-B3-E3-82-B7-E3-83-A7-E3-83-83-E3-83-88-202022-07-25-2016-27-54_jpg.rf.93261e0d7b103700403b4cf991569037.txt,80,ebad6f814163d49e98017ea3db1aec6476e0c8a0cdf7d867be6dcdeaca3f08d2
VADD(minmaldataset)/test/labels/-E3-82-B9-E3-82-AF-E3-83-AA-E3-83-BC-E3-83-B3-E3-82-B7-E3-83-A7-E3-83-83-E3-83-88-202022-07-25-2016-41-27_jpg.rf.2c23cf59dceff0d48bc958796d8ed132.txt,40,60cf3db745c20199365dc3fcf2cddea751cf924fe08cd1a9f552567c18d1cb40
VADD(minmaldataset)/test/labels/-E3-82-B9-E3-82-AF-E3-83-AA-E3-83-BC-E3-83-B3-E3-82-B7-E3-83-A7-E3-83-83-E3-83-88-202022-07-25-2016-46-01_jpg.rf.d791ce4ed5c3aa27b3a2f7eca1936faa.txt,60,1d75b69ccf4202ec5faa33fa3e1d1c6322728cb615f161215aefb34d4e73dcf4
VADD(minmaldataset)/test/labels/-E3-82-B9-E3-82-AF-E3-83-AA-E3-83-BC-E3-83-B3-E3-82-B7-E3-83-A7-E3-83-83-E3-83-88-202022-07-25-2016-51-03_jpg.rf.4a45df4524cf292a1c9c34d73dfe66d2.txt,80,4f47cf164047767b01656f234b09d860868dbdeb9e6edd133dc231b81392caa5
VADD(minmaldataset)/test/labels/-E3-82-B9-E3-82-AF-E3-83-AA-E3-83-BC-E3-83-B3-E3-82-B7-E3-83-A7-E3-83-83-E3-83-88-202022-07-25-2016-52-16_jpg.rf.20f6df5181e164e9e89fc071b77c03d0.txt,79,9e76bcf5e5c288c5a905756f7ea6650f1350fba4e39de86aedda9de3af434d2c
VADD(minmaldataset)/test/labels/-E3-82-B9-E3-82-AF-E3-83-AA-E3-83-BC-E3-83-B3-E3-82-B7-E3-83-A7-E3-83-83-E3-83-88-202022-07-25-2017-06-50_jpg.rf.5539f0534ba62b1a42d56afef78dad3f.txt,79,78dee453dc098ce7d2918e1c4ca9b7a2e7d43eb86826179df7bacac5d36670af
VADD(minmaldataset)/test/labels/-E3-82-B9-E3-82-AF-E3-83-AA-E3-83-BC-E3-83-B3-E3-82-B7-E3-83-A7-E3-83-83-E3-83-88-202022-07-25-2017-09-15_jpg.rf.d5101b45a2e1b39d86f75d04bdb7ba61.txt,39,3032435a0a9ae39d279cbdf6c5950edd9a75390f99a759294dadf2cae70fd640
VADD(minmaldataset)/test/labels/-E3-82-B9-E3-82-AF-E3-83-AA-E3-83-BC-E3-83-B3-E3-82-B7-E3-83-A7-E3-83-83-E3-83-88-202022-07-25-2017-17-51_jpg.rf.3eb71500f3a038dbfb436daf3d41be10.txt,65,e09e3a10a3e308ac5b9b1cec86b06be807856ade69f71ae0c0b5926e28760c70
VADD(minmaldataset)/test/labels/-E3-82-B9-E3-82-AF-E3-83-AA-E3-83-BC-E3-83-B3-E3-82-B7-E3-83-A7-E3-83-83-E3-83-88-202022-07-25-2017-20-27_jpg.rf.193e62fb99e79ec42d2b9302b5a7dbd3.txt,79,18d9ecf8cfc96af8b87a32f2ada913a0897aecb56525e714ba38704a32ebf461
VADD(minmaldataset)/test/labels/-E3-82-B9-E3-82-AF-E3-83-AA-E3-83-BC-E3-83-B3-E3-82-B7-E3-83-A7-E3-83-83-E3-83-88-202022-07-25-2017-21-34_jpg.rf.d2520c6cc512c171a48a6bc162472504.txt,80,785965033cccdc4c0b2012f21b61942d6e68c0e01babb239f91af52767748fdb
VADD(minmaldataset)/test/labels/-E3-82-B9-E3-82-AF-E3-83-AA-E3-83-BC-E3-83-B3-E3-82-B7-E3-83-A7-E3-83-83-E3-83-88-202022-07-25-2017-22-05_jpg.rf.329ef907eff4c8720f31f9515107dcf1.txt,81,3e64303a7752c9aa62f3b23fbf49c652014410631a8289bb3eaee79c64c69fb6
VADD(minmaldataset)/test/labels/-E3-82-B9-E3-82-AF-E3-83-AA-E3-83-BC-E3-83-B3-E3-82-B7-E3-83-A7-E3-83-83-E3-83-88-202022-07-25-2017-27-12_jpg.rf.754b0e47ea5be610af82b773adbdf758.txt,38,1ede1e1b50bb6481e6a313c32b96c19d8f3f15ed4d4ee3904bf2acd68bff7f9b
VADD(minmaldataset)/test/labels/-E3-82-B9-E3-82-AF-E3-83-AA-E3-83-BC-E3-83-B3-E3-82-B7-E3-83-A7-E3-83-83-E3-83-88-202022-07-25-2017-27-54_jpg.rf.8faf22b290cf1be86f287a6837888cd4.txt,80,82afc2a0a74744624c32f1d4a422beb4c6e3b537d1d41245f0b2405fbc6aab30
VADD(minmaldataset)/test/labels/-E3-82-B9-E3-82-AF-E3-83-AA-E3-83-BC-E3-83-B3-E3-82-B7-E3-83-A7-E3-83-83-E3-83-88-202022-08-11-2014-20-25_jpg.rf.95a7ea5d794eafeee96abbaad4510b49.txt,80,badd2b184f76d0edaaf554ebc0668b9c3fa8f6cca124b60e2e29afcfaa88964d
VADD(minmaldataset)/test/labels/-E3-82-B9-E3-82-AF-E3-83-AA-E3-83-BC-E3-83-B3-E3-82-B7-E3-83-A7-E3-83-83-E3-83-88-202022-08-11-2014-22-29_jpg.rf.d69498f29fbcd2dd21b47db8cc76b5e8.txt,79,4d3c38a7ca247f6be07771a7dbe51553b74ecfc15b208db930875b32612b7ac8
VADD(minmaldataset)/test/labels/-E3-82-B9-E3-82-AF-E3-83-AA-E3-83-BC-E3-83-B3-E3-82-B7-E3-83-A7-E3-83-83-E3-83-88-202022-08-11-2014-24-56_jpg.rf.5ebce500a60e99485ab44239df4edb2e.txt,41,efc415dbf4cc99b84e403b3569ed0ff965eee03cf77387e63c0b257ed9b95213
VADD(minmaldataset)/test/labels/-E3-82-B9-E3-82-AF-E3-83-AA-E3-83-BC-E3-83-B3-E3-82-B7-E3-83-A7-E3-83-83-E3-83-88-202022-08-11-2016-22-49_jpg.rf.3b14e8342639f414bf468d828990c70e.txt,61,d0af4d0e9cc823413fb2efd281da97f64961a52c24736d4100154437a3b1ebfe
VADD(minmaldataset)/test/labels/-E3-82-B9-E3-82-AF-E3-83-AA-E3-83-BC-E3-83-B3-E3-82-B7-E3-83-A7-E3-83-83-E3-83-88-202022-08-11-2016-23-28_jpg.rf.4d42d509a3e3caf78e553ab37ea0933b.txt,79,e28a8d613e088c77b272f2f99dfe24975d3ddbc104ffe0c980392ae7ecfa8c4e
VADD(minmaldataset)/test/labels/-E3-82-B9-E3-82-AF-E3-83-AA-E3-83-BC-E3-83-B3-E3-82-B7-E3-83-A7-E3-83-83-E3-83-88-202022-08-11-2016-47-55_jpg.rf.c4a5c09500113f3c7d29f195bbc011d5.txt,79,68945f8496723f32aa5b76f27e02d0327a08c82fca04dd9b99a89908ad5e9326
VADD(minmaldataset)/test/labels/-E3-82-B9-E3-82-AF-E3-83-AA-E3-83-BC-E3-83-B3-E3-82-B7-E3-83-A7-E3-83-83-E3-83-88-202022-08-11-2016-49-56_jpg.rf.1980446761fba8943167ae3f528583ac.txt,79,6d276dff5f80ccf077e76cc30afbfca525f6b4702e4c29d66f5cfebef7b131af
VADD(minmaldataset)/test/labels/-E3-82-B9-E3-82-AF-E3-83-AA-E3-83-BC-E3-83-B3-E3-82-B7-E3-83-A7-E3-83-83-E3-83-88-202022-08-11-2016-51-30_jpg.rf.2b157fc810635d12bc2b05524cefee68.txt,70,b934814af7f5f4714fb8cc4f944c362075dc210db16649dd950c0cbed236d9b7
VADD(minmaldataset)/test/labels/-E3-82-B9-E3-82-AF-E3-83-AA-E3-83-BC-E3-83-B3-E3-82-B7-E3-83-A7-E3-83-83-E3-83-88-202022-08-11-2016-56-28_jpg.rf.c4601bf95eef8ca7299c54fba2d8271b.txt,60,aa11e03b5cd0cbd8fdfad61959c80ed0991235acb375815b0221d5f1df1b31f9
VADD(minmaldataset)/test/labels/-E3-82-B9-E3-82-AF-E3-83-AA-E3-83-BC-E3-83-B3-E3-82-B7-E3-83-A7-E3-83-83-E3-83-88-202022-08-11-2022-33-50_jpg.rf.f249fc5190f435dd57423193649ea1e8.txt,67,8025052c14cc6b34746153d9d82fb46da3f27a605ac0aea98a23f44f694ed4d0
VADD(minmaldataset)/test/labels/-E3-82-B9-E3-82-AF-E3-83-AA-E3-83-BC-E3-83-B3-E3-82-B7-E3-83-A7-E3-83-83-E3-83-88-202022-08-11-2022-38-59_jpg.rf.de92207225235833368dc85f29966a21.txt,58,053a606266609bb3f1bc5fb2971a7750a5986f552a04b3820e7dd97497a4412d
VADD(minmaldataset)/test/labels/-E3-82-B9-E3-82-AF-E3-83-AA-E3-83-BC-E3-83-B3-E3-82-B7-E3-83-A7-E3-83-83-E3-83-88-202022-08-11-2022-42-26_jpg.rf.cd2cd3f43884b231f1e41f03948987fe.txt,79,1430f9d4eea17430c98c6d0345ece1ec693794d50af3d9e57fb7227ff59b068f
VADD(minmaldataset)/test/labels/-E3-82-B9-E3-82-AF-E3-83-AA-E3-83-BC-E3-83-B3-E3-82-B7-E3-83-A7-E3-83-83-E3-83-88-202022-08-11-2022-52-02_jpg.rf.b6f5682aa243d329a82a8ae6c35b4d71.txt,40,3a9ecd66bcea119d5cdbd0a41cb2f85ec30d3fd67f87f457ecc4f53c1580d88e
VADD(minmaldataset)/test/labels/-E3-82-B9-E3-82-AF-E3-83-AA-E3-83-BC-E3-83-B3-E3-82-B7-E3-83-A7-E3-83-83-E3-83-88-202022-08-11-2022-54-00_jpg.rf.03820b4d8795c3b2d10cb460cf30267b.txt,79,7afced7103c705f881fe6f1046d7e49b4e80b52a7ee3a36c7149e488fed3d52b
VADD(minmaldataset)/test/labels/-E3-82-B9-E3-82-AF-E3-83-AA-E3-83-BC-E3-83-B3-E3-82-B7-E3-83-A7-E3-83-83-E3-83-88-202022-08-12-2015-18-33_jpg.rf.023c158cd88988c599c5c4a94fef2f7e.txt,79,95b4bcc7b60976a238b4c7c049abaae0ac2a4aa400a784678c60d9ee25dc4f23
VADD(minmaldataset)/test/labels/-E3-82-B9-E3-82-AF-E3-83-AA-E3-83-BC-E3-83-B3-E3-82-B7-E3-83-A7-E3-83-83-E3-83-88-202022-08-12-2015-30-03_jpg.rf.e164ab792bd1ec0284c2658e5bfea7b5.txt,67,2c82c98f05ff0c2e37880c279e4a630d8fe33d1f99a4204a1fab8c75bbd9562d
VADD(minmaldataset)/test/labels/-E3-82-B9-E3-82-AF-E3-83-AA-E3-83-BC-E3-83-B3-E3-82-B7-E3-83-A7-E3-83-83-E3-83-88-202022-08-22-2023-24-27_jpg.rf.9d6922cef24affd2e42320825abb5ea1.txt,60,ae661c8aa461ca3d599d78737cc930b5d19d55e00efb460ea29f52d316a54659
VADD(minmaldataset)/test/labels/-E3-82-B9-E3-82-AF-E3-83-AA-E3-83-BC-E3-83-B3-E3-82-B7-E3-83-A7-E3-83-83-E3-83-88-202022-08-22-2023-24-47_jpg.rf.0e916a0508ca45dcc7568178314906ab.txt,38,100d4c175f270342bf387677f42dadbee5c9039f6886c18e43dec5aa5755ce79
VADD(minmaldataset)/test/labels/-E3-82-B9-E3-82-AF-E3-83-AA-E3-83-BC-E3-83-B3-E3-82-B7-E3-83-A7-E3-83-83-E3-83-88-202022-08-22-2023-51-36_jpg.rf.67490c470e00cd402ac716ada1645d3d.txt,80,618c5e2f194692708d2caaaf7e7fbe75b95107bdcd9baa284fbe95e0685ec086
VADD(minmaldataset)/test/labels/-E3-82-B9-E3-82-AF-E3-83-AA-E3-83-BC-E3-83-B3-E3-82-B7-E3-83-A7-E3-83-83-E3-83-88-202022-08-23-200-19-23_jpg.rf.f5904bf3f38b1d29f8df55da60dd36ec.txt,79,90b5254d209b4d042efa04886f4e5883ca0b51e9a6c4169f5c08d0e1737d86fa
VADD(minmaldataset)/test/labels/-E3-82-B9-E3-82-AF-E3-83-AA-E3-83-BC-E3-83-B3-E3-82-B7-E3-83-A7-E3-83-83-E3-83-88-202022-08-23-200-23-26_jpg.rf.e7261106cfde48b5d3ae8c71722cc832.txt,80,5a715743dfd19901967e6888623df6556cf4d45b75179f6c7da17e5f03326150
VADD(minmaldataset)/test/labels/-E3-82-B9-E3-82-AF-E3-83-AA-E3-83-BC-E3-83-B3-E3-82-B7-E3-83-A7-E3-83-83-E3-83-88-202022-08-23-200-37-52_jpg.rf.5448beaacc413a9aa73639024bd2f648.txt,80,d4b8d3512bf07f601fd1385fa0131209ca92639245dabd95f45e541bd6dee3ad
VADD(minmaldataset)/test/labels/-E3-82-B9-E3-82-AF-E3-83-AA-E3-83-BC-E3-83-B3-E3-82-B7-E3-83-A7-E3-83-83-E3-83-88-202022-08-23-200-45-25_jpg.rf.d1c88cfce9e72f7cc322e3ee698ee523.txt,80,327798b40e546a624fa9940ad89f0ca45c8eaa06ee67e6576c63d2c2c78ff3a7
VADD(minmaldataset)/test/labels/-E3-82-B9-E3-82-AF-E3-83-AA-E3-83-BC-E3-83-B3-E3-82-B7-E3-83-A7-E3-83-83-E3-83-88-202022-08-27-2015-36-48_jpg.rf.4c63dc751de803e321865589d4af84f1.txt,80,1de2e057159b6335b0c9706a3300114e35966ab569c4b3d4f4fc652e4a762f61
VADD(minmaldataset)/test/labels/-E3-82-B9-E3-82-AF-E3-83-AA-E3-83-BC-E3-83-B3-E3-82-B7-E3-83-A7-E3-83-83-E3-83-88-202022-08-27-2015-47-12_jpg.rf.9c006db83bde0ba4314d0f8a04c4b826.txt,81,5fafde64b2ecbeb21e40277773d1a54dfd1c2ed4f7e20d805b3f27343e4429a8
VADD(minmaldataset)/test/labels/-E3-82-B9-E3-82-AF-E3-83-AA-E3-83-BC-E3-83-B3-E3-82-B7-E3-83-A7-E3-83-83-E3-83-88-202022-08-27-2015-58-59_jpg.rf.4b059a4bb3735f8dfda96cc6c3796994.txt,39,0b2c8e1644e29460cf9534d2601d4a4f1bd712d6fcda7cdc1a035159c44c9045
VADD(minmaldataset)/test/labels/-E3-82-B9-E3-82-AF-E3-83-AA-E3-83-BC-E3-83-B3-E3-82-B7-E3-83-A7-E3-83-83-E3-83-88-202022-08-27-2016-13-38_jpg.rf.b581c233d2fe8bf8c0f648e249521a14.txt,67,b5bc6701828b1ecb8ad6e7e96b0a9fa90c2ac9de3c88cf4e25cb214989a21b09
VADD(minmaldataset)/test/labels/-E3-82-B9-E3-82-AF-E3-83-AA-E3-83-BC-E3-83-B3-E3-82-B7-E3-83-A7-E3-83-83-E3-83-88-202022-08-27-2016-21-42_jpg.rf.75bddad777c8ae8770b14b232883d829.txt,69,39ff73d65d9bccb8f05d5b4abca24c19eaaddfff7b63790c9ada448c32a2a279
VADD(minmaldataset)/test/labels/-E3-82-B9-E3-82-AF-E3-83-AA-E3-83-BC-E3-83-B3-E3-82-B7-E3-83-A7-E3-83-83-E3-83-88-202022-08-28-2022-16-28_jpg.rf.3da325836af3496f99cab503d69c7181.txt,57,7f57aaa6869ea90f6a34412037639fd9a733f2e60637b8c79fb577d40abb7fe2
VADD(minmaldataset)/test/labels/-E3-82-B9-E3-82-AF-E3-83-AA-E3-83-BC-E3-83-B3-E3-82-B7-E3-83-A7-E3-83-83-E3-83-88-202022-08-28-2022-22-21_jpg.rf.5aff8022c91f56e4dab797864d4d40a9.txt,80,79faefded657a36ae2077b8e7a13669d128cce900096e5ca89227d8ae5e5372f
VADD(minmaldataset)/test/labels/-E3-82-B9-E3-82-AF-E3-83-AA-E3-83-BC-E3-83-B3-E3-82-B7-E3-83-A7-E3-83-83-E3-83-88-202022-08-28-2022-26-42_jpg.rf.dcdd0dc5a6d70145db33ccf20742a8ed.txt,80,6903461cd5ad7da149076c44ddcfc6a39da4c64879943197af76bfc05b5088c9
VADD(minmaldataset)/test/labels/-E3-82-B9-E3-82-AF-E3-83-AA-E3-83-BC-E3-83-B3-E3-82-B7-E3-83-A7-E3-83-83-E3-83-88-202022-08-28-2022-28-41_jpg.rf.4d341f989ffc2fc2fac7fb2c4fe3edd9.txt,79,63451b5eef67f0741d05c95ec696e65c2319b7ce0c4676dc475588b5ed67071b
VADD(minmaldataset)/test/labels/-E3-82-B9-E3-82-AF-E3-83-AA-E3-83-BC-E3-83-B3-E3-82-B7-E3-83-A7-E3-83-83-E3-83-88-202022-08-28-2022-38-30_jpg.rf.8cf054ca2c3729f5a7a8b3a56c95ffef.txt,41,34e74fe6e6eed233c57c72c0bd9943567056d758c92c20a0d80c76b1e1e27e98
VADD(minmaldataset)/test/labels/-E3-82-B9-E3-82-AF-E3-83-AA-E3-83-BC-E3-83-B3-E3-82-B7-E3-83-A7-E3-83-83-E3-83-88-202022-08-28-2022-42-43_jpg.rf.9c325c22ec8e90acf777654e4f1a7576.txt,59,1474b31fdda29bfdd81510d110e0abab8f0a4428ee332b62021a158496e27aaa
VADD(minmaldataset)/test/labels/-E3-82-B9-E3-82-AF-E3-83-AA-E3-83-BC-E3-83-B3-E3-82-B7-E3-83-A7-E3-83-83-E3-83-88-202022-08-31-2021-23-47_jpg.rf.165cb22b70be66e13b684b55b91c7102.txt,57,00a57952f840c045b5e15b14566c0d68d71774d22005d6a1106eea8ae1aafef5
VADD(minmaldataset)/test/labels/-E3-82-B9-E3-82-AF-E3-83-AA-E3-83-BC-E3-83-B3-E3-82-B7-E3-83-A7-E3-83-83-E3-83-88-202022-08-31-2021-23-47_jpg.rf.ec0d9c1e93293a0128e79d0d2987a6a8.txt,80,dd6466602c276b755df07d2496e91ccfa75b76327b468a7bddc333a6428bd6fe
VADD(minmaldataset)/test/labels/-E3-82-B9-E3-82-AF-E3-83-AA-E3-83-BC-E3-83-B3-E3-82-B7-E3-83-A7-E3-83-83-E3-83-88-202022-08-31-2021-25-08_jpg.rf.c10860454bb06862f706738ca7dc41af.txt,80,17698203377c54dab2268f776f302dff54c50582e5f02798e2e652ff444495df
VADD(minmaldataset)/test/labels/-E3-82-B9-E3-82-AF-E3-83-AA-E3-83-BC-E3-83-B3-E3-82-B7-E3-83-A7-E3-83-83-E3-83-88-202022-08-31-2021-25-08_jpg.rf.e05305c99a728341d67ee04a688d9595.txt,80,17698203377c54dab2268f776f302dff54c50582e5f02798e2e652ff444495df
VADD(minmaldataset)/test/labels/-E3-82-B9-E3-82-AF-E3-83-AA-E3-83-BC-E3-83-B3-E3-82-B7-E3-83-A7-E3-83-83-E3-83-88-202022-08-31-2021-29-55_jpg.rf.26cd9a5c6054eda8832cabb087ff9ebb.txt,38,fa234c5c29c83b2b132d8495ad451ec2e548ce54999f7a08b5bf975ad20688ce
VADD(minmaldataset)/test/labels/-E3-82-B9-E3-82-AF-E3-83-AA-E3-83-BC-E3-83-B3-E3-82-B7-E3-83-A7-E3-83-83-E3-83-88-202022-08-31-2021-38-51_jpg.rf.a11cfe09bae9378721d6c585422e0a20.txt,68,a0420760139a7fa9b16a7ce252d33d95ac43f95d083e3999faba7edab710c444
VADD(minmaldataset)/test/labels/-E3-82-B9-E3-82-AF-E3-83-AA-E3-83-BC-E3-83-B3-E3-82-B7-E3-83-A7-E3-83-83-E3-83-88-202022-08-31-2021-48-05_jpg.rf.3d8595d733ff0ed8173adb5659b39a39.txt,78,b2f83cb382547c3ed6286091bd0fb2a8ce438d90cc4a21ab20aa19cdef3c5b7f
VADD(minmaldataset)/test/labels/-E3-82-B9-E3-82-AF-E3-83-AA-E3-83-BC-E3-83-B3-E3-82-B7-E3-83-A7-E3-83-83-E3-83-88-202022-08-31-2021-54-29_jpg.rf.48c8f8cec7f80b5aee3ceb364215d580.txt,66,101d44d38a2d03ef61802187f1972174b232a7f636e0c832c0b19f6fe244c5ad
VADD(minmaldataset)/test/labels/-E3-82-B9-E3-82-AF-E3-83-AA-E3-83-BC-E3-83-B3-E3-82-B7-E3-83-A7-E3-83-83-E3-83-88-202022-08-31-2021-58-21_jpg.rf.40f4070a80ac8b3e5dc14cd0c11e4018.txt,43,a8291bc83322bd5c570af1ac8f5c6ef5af543e66e5761bdf793d83d0e2ccd4ab
VADD(minmaldataset)/test/labels/-E3-82-B9-E3-82-AF-E3-83-AA-E3-83-BC-E3-83-B3-E3-82-B7-E3-83-A7-E3-83-83-E3-83-88-202022-08-31-2021-58-21_jpg.rf.86794363ead65b2926e368c64ce40522.txt,79,624af44d3a068d66088c47e08e2ea05735d442d7215d81ae5300a0cdc31172ff
VADD(minmaldataset)/test/labels/-E3-82-B9-E3-82-AF-E3-83-AA-E3-83-BC-E3-83-B3-E3-82-B7-E3-83-A7-E3-83-83-E3-83-88-202022-08-31-2021-58-21_jpg.rf.b698c8a649b34adfe90f6edcc1375bc8.txt,61,d907e7053698761c4f33290c96ffe47c2a9938497a2b59a5233d9448dd402234
VADD(minmaldataset)/test/labels/-E3-82-B9-E3-82-AF-E3-83-AA-E3-83-BC-E3-83-B3-E3-82-B7-E3-83-A7-E3-83-83-E3-83-88-202022-08-31-2021-58-43_jpg.rf.647b28c2bd252b30cc638ff89487c70e.txt,79,f428425d77df521969b91c79a8c8c0756f9d8163d15916022f4fa406dfe28c1b
VADD(minmaldataset)/test/labels/-E3-82-B9-E3-82-AF-E3-83-AA-E3-83-BC-E3-83-B3-E3-82-B7-E3-83-A7-E3-83-83-E3-83-88-202022-08-31-2022-04-28_jpg.rf.4885fd47fa165edd6765a7bc2fe9d590.txt,37,ba6f6fde2e2287ae3afc57f1821575f54e7b4e161cbabe78a14911ba0bcb5f49
VADD(minmaldataset)/test/labels/-E3-82-B9-E3-82-AF-E3-83-AA-E3-83-BC-E3-83-B3-E3-82-B7-E3-83-A7-E3-83-83-E3-83-88-202022-08-31-2022-04-28_jpg.rf.ccfc145f8ffed2f18215283926c33276.txt,80,a99c984474b335ff750c6168440ca535a4d516c732addb80c9e3d1c4813fb997
VADD(minmaldataset)/test/labels/-E3-82-B9-E3-82-AF-E3-83-AA-E3-83-BC-E3-83-B3-E3-82-B7-E3-83-A7-E3-83-83-E3-83-88-202022-08-31-2022-05-36_jpg.rf.0114ea89c9c069764ffa87991d44903e.txt,80,e6ec902cb506325f97e43805420ea216be84ef4113fe9506c34a4e8b0e2617a5
VADD(minmaldataset)/test/labels/-E3-82-B9-E3-82-AF-E3-83-AA-E3-83-BC-E3-83-B3-E3-82-B7-E3-83-A7-E3-83-83-E3-83-88-202022-08-31-2022-15-16_jpg.rf.111366b3ea75465c7221958895475803.txt,80,903b522dcfb98a115253d8088276c6b98fce65135125574443610b516ad32527
VADD(minmaldataset)/test/labels/-E3-82-B9-E3-82-AF-E3-83-AA-E3-83-BC-E3-83-B3-E3-82-B7-E3-83-A7-E3-83-83-E3-83-88-202022-08-31-2022-15-16_jpg.rf.834ceecf07081adb1cd14e874f26637b.txt,80,903b522dcfb98a115253d8088276c6b98fce65135125574443610b516ad32527
VADD(minmaldataset)/test/labels/-E3-82-B9-E3-82-AF-E3-83-AA-E3-83-BC-E3-83-B3-E3-82-B7-E3-83-A7-E3-83-83-E3-83-88-202022-08-31-2022-17-27_jpg.rf.d87c9eec726c290e8cfea6ba5dbbd009.txt,59,61bad8e8662499ac315df2bf933406d339d372b617e3f43efd8ee691efb9e8a8
VADD(minmaldataset)/test/labels/-E3-82-B9-E3-82-AF-E3-83-AA-E3-83-BC-E3-83-B3-E3-82-B7-E3-83-A7-E3-83-83-E3-83-88-202022-08-31-2022-18-33_jpg.rf.36f9dcb74400257c395990b5a00587e4.txt,43,a92bfd701b953a1624b2be0f39e93662d5d82cfdc242f5decdf68186a8c1d649
VADD(minmaldataset)/test/labels/-E3-82-B9-E3-82-AF-E3-83-AA-E3-83-BC-E3-83-B3-E3-82-B7-E3-83-A7-E3-83-83-E3-83-88-202022-08-31-2022-19-57_jpg.rf.f4718643294835f841f65e805fa1e2ad.txt,78,3064b486cedae7aa54a01e42d3b0d3d2279ce7bdfe88b6dc30e39c0f9773823c
VADD(minmaldataset)/test/labels/-E3-82-B9-E3-82-AF-E3-83-AA-E3-83-BC-E3-83-B3-E3-82-B7-E3-83-A7-E3-83-83-E3-83-88-202022-08-31-2022-22-25_jpg.rf.fde96e731a5c8da9cbcb9f210246bf8e.txt,79,95df64000bbb9ba518374506de9db8e5e7a0e3548e03f271c194db391154d9ce
VADD(minmaldataset)/test/labels/-E3-82-B9-E3-82-AF-E3-83-AA-E3-83-BC-E3-83-B3-E3-82-B7-E3-83-A7-E3-83-83-E3-83-88-202022-08-31-2022-22-38_jpg.rf.380f3bf8f23182be860b2e85bb1354cf.txt,79,7d7348adb29a95fc45784ceb506eda89a9c5256884422901753d0201aa40e0f7
VADD(minmaldataset)/test/labels/-E3-82-B9-E3-82-AF-E3-83-AA-E3-83-BC-E3-83-B3-E3-82-B7-E3-83-A7-E3-83-83-E3-83-88-202022-08-31-2022-26-47_jpg.rf.06734ac591460ddabc60fede215b3cdb.txt,56,5f915ad4628a7c38547d48e09d7803271a79301ccaffedb16be5fb7816334b62
VADD(minmaldataset)/test/labels/-E3-82-B9-E3-82-AF-E3-83-AA-E3-83-BC-E3-83-B3-E3-82-B7-E3-83-A7-E3-83-83-E3-83-88-202022-08-31-2022-29-10_jpg.rf.1d465ac117bcccb43f0ef5e4e7064704.txt,79,80196d2768f510fbb64e7fb116cfd0a695cdc756a910aad76228f0a911273137
VADD(minmaldataset)/test/labels/-E3-82-B9-E3-82-AF-E3-83-AA-E3-83-BC-E3-83-B3-E3-82-B7-E3-83-A7-E3-83-83-E3-83-88-202022-08-31-2022-46-24_jpg.rf.231c78f8aa70f428702f43b828ef91d6.txt,37,7e9a8cd770af45c38b520f3366c538caad9fb407a2ea746fc868375ad3e4c5e5
VADD(minmaldataset)/test/labels/-E3-82-B9-E3-82-AF-E3-83-AA-E3-83-BC-E3-83-B3-E3-82-B7-E3-83-A7-E3-83-83-E3-83-88-202022-08-31-2022-46-24_jpg.rf.d5807b71ca5f0b4eaba90b5c81fa478b.txt,81,52b2d699f8d35e2422e3e00a9562808dbd21a30fc606c5d9afaf24268c48685f
VADD(minmaldataset)/test/labels/-E3-82-B9-E3-82-AF-E3-83-AA-E3-83-BC-E3-83-B3-E3-82-B7-E3-83-A7-E3-83-83-E3-83-88-202022-08-31-2022-47-52_jpg.rf.5ddab5bb78ce043ec0536d76e9442523.txt,57,9b037ac5eec88b022ee893948dbfebeff1d07f02c9b607da5873d24a7ea446e8
VADD(minmaldataset)/test/labels/-E3-82-B9-E3-82-AF-E3-83-AA-E3-83-BC-E3-83-B3-E3-82-B7-E3-83-A7-E3-83-83-E3-83-88-202022-08-31-2022-50-19_jpg.rf.1db1899a6d89e0e1c79e1ad04f269d15.txt,67,08ce37020b867f7aa8f78008ce6cad91dada533a9bbd3ba3aad26f10e1f56135
VADD(minmaldataset)/test/labels/-E3-82-B9-E3-82-AF-E3-83-AA-E3-83-BC-E3-83-B3-E3-82-B7-E3-83-A7-E3-83-83-E3-83-88-202022-08-31-2023-04-19_jpg.rf.0c3ce58503f1c5305e8bd122abfcda31.txt,66,471c590da359ed061cc8ecb8d9456ae2afd963eab53c0355c22035815bb1a127
VADD(minmaldataset)/test/labels/-E3-82-B9-E3-82-AF-E3-83-AA-E3-83-BC-E3-83-B3-E3-82-B7-E3-83-A7-E3-83-83-E3-83-88-202022-08-31-2023-08-13_jpg.rf.3b82cd1a84f5f82c1324de3092071b58.txt,79,54278c30f0d9826c4abd83a8c176a28e5666607cd3faf8db571eb5801c11bae9
VADD(minmaldataset)/test/labels/-E3-82-B9-E3-82-AF-E3-83-AA-E3-83-BC-E3-83-B3-E3-82-B7-E3-83-A7-E3-83-83-E3-83-88-202022-08-31-2023-27-22_jpg.rf.7f74b24d24bceb594f1bdd096e778c5f.txt,43,efc88b5a56c2045a54733373c35e6d95ea37fabfd0032af2025ba519b028c92e
VADD(minmaldataset)/test/labels/-E3-82-B9-E3-82-AF-E3-83-AA-E3-83-BC-E3-83-B3-E3-82-B7-E3-83-A7-E3-83-83-E3-83-88-202022-08-31-2023-27-30_jpg.rf.158c67da7da3055ad6faf158bfe22752.txt,79,52beb9787412d3cdf9b819f0aa253b3b2db7ab6ca4ba7a07c2095c00f3ebb25d
VADD(minmaldataset)/test/labels/-E3-82-B9-E3-82-AF-E3-83-AA-E3-83-BC-E3-83-B3-E3-82-B7-E3-83-A7-E3-83-83-E3-83-88-202022-08-31-2023-29-55_jpg.rf.dfcdf51088ff7a45bd21a1548efd3802.txt,81,ee8761988d67a0da59c773193b266ce752df128e41267824fb7b46257920f79f
VADD(minmaldataset)/test/labels/-E3-82-B9-E3-82-AF-E3-83-AA-E3-83-BC-E3-83-B3-E3-82-B7-E3-83-A7-E3-83-83-E3-83-88-202022-08-31-2023-38-08_jpg.rf.eaa241db124f25dedb1b0e0a6d43c88e.txt,78,a9e4ef4cda5657c0019e1a350a1a0874e0d1bbe75b22dcae17a55934eca4034f
VADD(minmaldataset)/test/labels/-E3-82-B9-E3-82-AF-E3-83-AA-E3-83-BC-E3-83-B3-E3-82-B7-E3-83-A7-E3-83-83-E3-83-88-202022-08-31-2023-52-50_jpg.rf.0f2b06d8bbdf064834144e35f7b9249b.txt,69,6c6933d43f96cac943c666d122f5bea6733f99881a0de781e641c6a1a2f2cb33
VADD(minmaldataset)/test/labels/-E3-82-B9-E3-82-AF-E3-83-AA-E3-83-BC-E3-83-B3-E3-82-B7-E3-83-A7-E3-83-83-E3-83-88-202022-08-31-2023-55-54_jpg.rf.6f594b8605786e1697d145d3bdbdc63e.txt,46,8ebb239dfe3c0b9459d04a3400b4036f329f4736f489273bb57620f145b227fd
VADD(minmaldataset)/test/labels/-E3-82-B9-E3-82-AF-E3-83-AA-E3-83-BC-E3-83-B3-E3-82-B7-E3-83-A7-E3-83-83-E3-83-88-202022-08-31-2023-57-30_jpg.rf.3490be8e2517b1dec7e65669fe14c50c.txt,80,b4e5d6f5ad88146edf5a2ba224a36b36a9dd74341ea932d2b1605313abc0eaa6
VADD(minmaldataset)/test/labels/-E3-82-B9-E3-82-AF-E3-83-AA-E3-83-BC-E3-83-B3-E3-82-B7-E3-83-A7-E3-83-83-E3-83-88-202022-09-01-200-00-25_jpg.rf.0dac2fa5adce9cb79f53e84222e04a7c.txt,68,c8b1bc8dafeb0504c1605f5384895c625ff474eeadf02e09b1c79d8e0b14f687
VADD(minmaldataset)/test/labels/-E3-82-B9-E3-82-AF-E3-83-AA-E3-83-BC-E3-83-B3-E3-82-B7-E3-83-A7-E3-83-83-E3-83-88-202022-09-01-200-02-40_jpg.rf.328e3bf5dbb43826da69e7a047b29ab0.txt,79,61d188da43b4cac14872f130727d94df2d7fecb3ff6969b652884c83fa1b4673
VADD(minmaldataset)/test/labels/-E3-82-B9-E3-82-AF-E3-83-AA-E3-83-BC-E3-83-B3-E3-82-B7-E3-83-A7-E3-83-83-E3-83-88-202022-09-01-200-27-11_jpg.rf.1f3a14d521265f0a8047c67367bd57f3.txt,56,37132fb790235d0905dd7a99206a7b36d0f9137e431a8849f9dd04313e5e8d13
VADD(minmaldataset)/test/labels/-E3-82-B9-E3-82-AF-E3-83-AA-E3-83-BC-E3-83-B3-E3-82-B7-E3-83-A7-E3-83-83-E3-83-88-202022-09-01-200-28-38_jpg.rf.06aa422aba4b12eae0f1360097f3d972.txt,42,6de78ea543368bb4bf9c1a8b800548c7ef37ff585a691d26b276520005d579e9
VADD(minmaldataset)/test/labels/-E3-82-B9-E3-82-AF-E3-83-AA-E3-83-BC-E3-83-B3-E3-82-B7-E3-83-A7-E3-83-83-E3-83-88-202022-09-01-200-28-38_jpg.rf.6c7430aebb909f33b67257a35d5cb83c.txt,81,2c2eae5e9f0bfc519dec6317f23b2925a8ac22869bde04615721e66fdc39668a
VADD(minmaldataset)/test/labels/-E3-82-B9-E3-82-AF-E3-83-AA-E3-83-BC-E3-83-B3-E3-82-B7-E3-83-A7-E3-83-83-E3-83-88-202022-09-01-200-29-03_jpg.rf.a2a30edd15b2609032958195d28ef51b.txt,60,fc40c03b24fb530fbc6b1dcb02ca5559462a97caf89563a4275dd039cbeeb758
VADD(minmaldataset)/test/labels/-E3-82-B9-E3-82-AF-E3-83-AA-E3-83-BC-E3-83-B3-E3-82-B7-E3-83-A7-E3-83-83-E3-83-88-202022-09-01-200-31-58_jpg.rf.c0470af6da17bdd9ff9314ae1540a689.txt,40,1de0e53e42a43348374960e520e0d5c084f97d7b663f5c81955c9ca4563d36ac
VADD(minmaldataset)/test/labels/-E3-82-B9-E3-82-AF-E3-83-AA-E3-83-BC-E3-83-B3-E3-82-B7-E3-83-A7-E3-83-83-E3-83-88-202022-09-01-200-32-15_jpg.rf.ce31a04eb56acd52f4fd4258654ee2cc.txt,70,9fb3e2314a1d18c9927dae4009b09837082267194f6f20370600050041a72213
VADD(minmaldataset)/test/labels/-E3-82-B9-E3-82-AF-E3-83-AA-E3-83-BC-E3-83-B3-E3-82-B7-E3-83-A7-E3-83-83-E3-83-88-202022-09-01-200-32-37_jpg.rf.428b0c5dd66f28339634fb5995a1308b.txt,80,c2bed3ee5d8600023bdbf9e2ffe9948e700a581a247ea8789146273618d7ba15
VADD(minmaldataset)/test/labels/-E3-82-B9-E3-82-AF-E3-83-AA-E3-83-BC-E3-83-B3-E3-82-B7-E3-83-A7-E3-83-83-E3-83-88-202022-09-01-200-33-47_jpg.rf.8138539232702289e7d96e71c020445e.txt,80,47ea74ba2ed52659452fd22ad25e7e54f5dbc3b171475be18cfdf083ef06dd8a
VADD(minmaldataset)/test/labels/-E3-82-B9-E3-82-AF-E3-83-AA-E3-83-BC-E3-83-B3-E3-82-B7-E3-83-A7-E3-83-83-E3-83-88-202022-09-01-200-34-00_jpg.rf.bb56ac2b7c18210969b8297d0dc89971.txt,79,8f3abd518f92d70730f78be554ab0241768c6ed10476e02c85e6d221c5c2263a
VADD(minmaldataset)/test/labels/-E3-82-B9-E3-82-AF-E3-83-AA-E3-83-BC-E3-83-B3-E3-82-B7-E3-83-A7-E3-83-83-E3-83-88-202022-09-01-200-37-05_jpg.rf.751fe1dcd7e7ff0b7b2b9a098839f07c.txt,62,29589b33d568b517abc9c1f2ea6ecd1a7e441b35c65002f701f99b2e5638a59f
VADD(minmaldataset)/test/labels/-E3-82-B9-E3-82-AF-E3-83-AA-E3-83-BC-E3-83-B3-E3-82-B7-E3-83-A7-E3-83-83-E3-83-88-202022-09-01-200-45-55_jpg.rf.7c13ab36b8f2a6ba1b907be33f693d52.txt,80,9acd08f5c5de2f35ad1678ed1d3286cbcbad9ee7da3b7d77443e2ce03fa3f056
VADD(minmaldataset)/test/labels/-E3-82-B9-E3-82-AF-E3-83-AA-E3-83-BC-E3-83-B3-E3-82-B7-E3-83-A7-E3-83-83-E3-83-88-202022-09-01-200-46-44_jpg.rf.1c5a5e1fa631df96c1b5c0df1740ed56.txt,35,5f24295d6f78e104df31d5d23cd0ba17bdf34f38111cf3003afceb3f79b5409b
VADD(minmaldataset)/test/labels/-E3-82-B9-E3-82-AF-E3-83-AA-E3-83-BC-E3-83-B3-E3-82-B7-E3-83-A7-E3-83-83-E3-83-88-202022-09-01-200-47-43_jpg.rf.54b70f0aeecff8bcc56be84bbc033b92.txt,64,d2e06b1657206f6ddcd1c2a03bc2fd7317e6f0c0531bac539b94344fec55074d
VADD(minmaldataset)/test/labels/-E3-82-B9-E3-82-AF-E3-83-AA-E3-83-BC-E3-83-B3-E3-82-B7-E3-83-A7-E3-83-83-E3-83-88-202022-09-01-200-50-03_jpg.rf.529d590f03f395761438782e21b2dc0f.txt,79,f0e85b74b6d0dbca072596476011c4daae795bdd8bfefc151cc21f8ecb27ae8a
VADD(minmaldataset)/test/labels/-E3-82-B9-E3-82-AF-E3-83-AA-E3-83-BC-E3-83-B3-E3-82-B7-E3-83-A7-E3-83-83-E3-83-88-202022-09-01-200-50-32_jpg.rf.55f399ad4ea416e840b53bad4ce98d11.txt,58,15ddc0890bb4fbf523dcef7e842e5c4972d210842b5348f824734e83f9900bbb
VADD(minmaldataset)/test/labels/-E3-82-B9-E3-82-AF-E3-83-AA-E3-83-BC-E3-83-B3-E3-82-B7-E3-83-A7-E3-83-83-E3-83-88-202022-09-01-2015-54-40_jpg.rf.18beb25c3585f4fa489cfbea72f92b95.txt,41,b4fa9e8538cca7ac318233ab2cbf9ec274f955f9be8385145d6987ccc6c50373
VADD(minmaldataset)/test/labels/-E3-82-B9-E3-82-AF-E3-83-AA-E3-83-BC-E3-83-B3-E3-82-B7-E3-83-A7-E3-83-83-E3-83-88-202022-09-01-2015-54-40_jpg.rf.c1d167968654c6c83d105c7d77379fc6.txt,80,815698024b647ddf4b095bf466a08c0b22ab4d647de8bc7029e98aa79ba0b814
VADD(minmaldataset)/test/labels/-E3-82-B9-E3-82-AF-E3-83-AA-E3-83-BC-E3-83-B3-E3-82-B7-E3-83-A7-E3-83-83-E3-83-88-202022-09-01-2015-57-45_jpg.rf.ef362eac6c35f055444df3bb705746aa.txt,60,903f2cd7db7f8a7ea3c76f5c2d23d6523735543243242f0cafc2d4e4bb1ab2d8
VADD(minmaldataset)/test/labels/-E3-82-B9-E3-82-AF-E3-83-AA-E3-83-BC-E3-83-B3-E3-82-B7-E3-83-A7-E3-83-83-E3-83-88-202022-09-01-2015-59-20_jpg.rf.5344d8b8399fee59a9940968724dc69a.txt,79,741b355bc3092762be648e29965a5b3a5586eb9151cd7c609549cb8a1d425c68
VADD(minmaldataset)/test/labels/-E3-82-B9-E3-82-AF-E3-83-AA-E3-83-BC-E3-83-B3-E3-82-B7-E3-83-A7-E3-83-83-E3-83-88-202022-09-01-2016-01-43_jpg.rf.907691ad2781fa686ff54feace78cc69.txt,70,7875876a7993e1282386fda4841328b22265b61f07468cc32b2001c1ada32f63
VADD(minmaldataset)/test/labels/-E3-82-B9-E3-82-AF-E3-83-AA-E3-83-BC-E3-83-B3-E3-82-B7-E3-83-A7-E3-83-83-E3-83-88-202022-09-01-2016-06-48_jpg.rf.458d67c349e8d090448b96d9a4d2fee9.txt,61,7e98edf777db78f1febeed93115d2c0a1db7c45e655df8d54cd8970ff5ff5d54
VADD(minmaldataset)/test/labels/-E3-82-B9-E3-82-AF-E3-83-AA-E3-83-BC-E3-83-B3-E3-82-B7-E3-83-A7-E3-83-83-E3-83-88-202022-09-01-2016-26-14_jpg.rf.b2720d3b706b8437f93f02f27a7d7bb7.txt,81,c6ff2667965065ff178b1644780d6fb42bf7d39d3e094397fc1f01455b5eb575
VADD(minmaldataset)/test/labels/-E3-82-B9-E3-82-AF-E3-83-AA-E3-83-BC-E3-83-B3-E3-82-B7-E3-83-A7-E3-83-83-E3-83-88-202022-09-01-2016-39-00_jpg.rf.9126cdba0862be9c8890ab9c13053def.txt,48,2224ad3f964bc70f31a4fedba6627fdd2b6c7f008383abb9d92c6255273ca7ab
VADD(minmaldataset)/test/labels/-E3-82-B9-E3-82-AF-E3-83-AA-E3-83-BC-E3-83-B3-E3-82-B7-E3-83-A7-E3-83-83-E3-83-88-202022-09-01-2016-41-14_jpg.rf.61c868d5aef0ae51e1d70743499666db.txt,81,b5c481ded746f15b33e6e2d6c3636f94d10f0e68e2d8ed454189f93df2c01f1c
VADD(minmaldataset)/test/labels/-E3-82-B9-E3-82-AF-E3-83-AA-E3-83-BC-E3-83-B3-E3-82-B7-E3-83-A7-E3-83-83-E3-83-88-202022-09-01-2016-56-07_jpg.rf.02a441fb6678e999246fa06151eb7231.txt,80,cfde7f718e44a810aefb5ecc99e3bc2893cfaa1a8d58ed9b9a85f572b63ab706
VADD(minmaldataset)/test/labels/-E3-82-B9-E3-82-AF-E3-83-AA-E3-83-BC-E3-83-B3-E3-82-B7-E3-83-A7-E3-83-83-E3-83-88-202022-09-01-2016-59-47_jpg.rf.c7db6c3180f9dfe84db23ee884de0067.txt,40,4f981815f54c33cb27e37803bb178fb06a320596a2f542e809ec58dd9195fa0f
VADD(minmaldataset)/test/labels/-E3-82-B9-E3-82-AF-E3-83-AA-E3-83-BC-E3-83-B3-E3-82-B7-E3-83-A7-E3-83-83-E3-83-88-202022-09-01-2017-07-57_jpg.rf.5e97650664000dfafee9931a0dd75184.txt,79,196c0f4de84dd7ee2ba50f1ae4999ef38c53dbcf4bd39362b77b2280a196a086
VADD(minmaldataset)/test/labels/-E3-82-B9-E3-82-AF-E3-83-AA-E3-83-BC-E3-83-B3-E3-82-B7-E3-83-A7-E3-83-83-E3-83-88-202022-09-01-202-02-45_jpg.rf.c9e77d8bd3c9cb8fc7fe6367c8c8be51.txt,37,15d1683c5a696d4955a649c33208480eb19ad41a669531fae6dd69694afd1a1a
VADD(minmaldataset)/test/labels/-E3-82-B9-E3-82-AF-E3-83-AA-E3-83-BC-E3-83-B3-E3-82-B7-E3-83-A7-E3-83-83-E3-83-88-202022-09-01-202-14-44_jpg.rf.a15ebc1254d758411298550de50dec86.txt,38,2ae3bd4006e4d017a6f8129c9599ac3f1c81d1a182de09c77260db360f85cff5
VADD(minmaldataset)/test/labels/-E3-82-B9-E3-82-AF-E3-83-AA-E3-83-BC-E3-83-B3-E3-82-B7-E3-83-A7-E3-83-83-E3-83-88-202022-09-01-202-23-45_jpg.rf.be1f1c43a7fcb8cc24573f17732f019c.txt,81,d9442c1a3c9160a65fdd687ebc0d3b0a5d0bd3f51a2c2d06248a98533b3338bf
VADD(minmaldataset)/test/labels/-E3-82-B9-E3-82-AF-E3-83-AA-E3-83-BC-E3-83-B3-E3-82-B7-E3-83-A7-E3-83-83-E3-83-88-202022-09-02-2016-48-43_jpg.rf.c4e7e576446b8e60ee8e8e5f6786fe19.txt,58,186416e4633660093ec1e824dabb47fcd37907230d8d51ff30511c48c5093ab3
VADD(minmaldataset)/test/labels/-E3-82-B9-E3-82-AF-E3-83-AA-E3-83-BC-E3-83-B3-E3-82-B7-E3-83-A7-E3-83-83-E3-83-88-202022-09-02-2017-01-29_jpg.rf.248887db491af63aaccec5cd0ce7670c.txt,66,66bae569df6069b94b8dfd3c486836f14a7420c5d24a7faaa109d9b64ef1da02
VADD(minmaldataset)/test/labels/-E3-82-B9-E3-82-AF-E3-83-AA-E3-83-BC-E3-83-B3-E3-82-B7-E3-83-A7-E3-83-83-E3-83-88-202022-09-03-200-55-29_jpg.rf.a7e05e4e5717770bd31a593127b25f50.txt,78,d5e53c1ed3f32bc2467e6c7243fb58da8f378332cd231f7ea3e1d8eac2dcda6d
VADD(minmaldataset)/test/labels/-E3-82-B9-E3-82-AF-E3-83-AA-E3-83-BC-E3-83-B3-E3-82-B7-E3-83-A7-E3-83-83-E3-83-88-202022-09-03-201-20-57_jpg.rf.009be1e2ca5380f06da5c190c1de5704.txt,80,d8d465a4019f1ebdf9e77e210855db3aecdc277f61c892b304feb00c68af15c3
VADD(minmaldataset)/test/labels/-E3-82-B9-E3-82-AF-E3-83-AA-E3-83-BC-E3-83-B3-E3-82-B7-E3-83-A7-E3-83-83-E3-83-88-202022-09-03-201-24-32_jpg.rf.cf69b5f6d7f85e983cabc9ea8b72774a.txt,39,38edb80456786dab94260d31988a94f50cc106320c0f438df9bd45960b41af72
VADD(minmaldataset)/test/labels/-E3-82-B9-E3-82-AF-E3-83-AA-E3-83-BC-E3-83-B3-E3-82-B7-E3-83-A7-E3-83-83-E3-83-88-202022-09-03-2016-30-17_jpg.rf.c6809d1efa794a172c755dd60173f0e2.txt,40,fcf4cc45d6c09152b7b3587c7030f254d86a7c655aec914a1334969b28be57c9
VADD(minmaldataset)/test/labels/-E3-82-B9-E3-82-AF-E3-83-AA-E3-83-BC-E3-83-B3-E3-82-B7-E3-83-A7-E3-83-83-E3-83-88-202022-09-03-2017-11-28_jpg.rf.e19e6a8db3a36056a158f82dbc662fcf.txt,80,2249e0b4ea317554c1339baef10e7d6976fbd79fa33962be56ff212c09d9bf52
VADD(minmaldataset)/test/labels/-E3-82-B9-E3-82-AF-E3-83-AA-E3-83-BC-E3-83-B3-E3-82-B7-E3-83-A7-E3-83-83-E3-83-88-202022-09-03-2017-23-51_jpg.rf.9df34aa6d51c3207c9f91f8c05c6841b.txt,70,cdf327fdccb30d4b04bfb6fd811de39178c9e23003baf4cefd0f1e17f27ffd9c
VADD(minmaldataset)/test/labels/-E3-82-B9-E3-82-AF-E3-83-AA-E3-83-BC-E3-83-B3-E3-82-B7-E3-83-A7-E3-83-83-E3-83-88-202022-09-03-2017-26-20_jpg.rf.9d1fe8210d9c0b4374bd0c0048c05619.txt,59,b654c405ece5e2f7b41c469db2fd57e170db4a76949a725b43dc75abeab51201
VADD(minmaldataset)/test/labels/-E3-82-B9-E3-82-AF-E3-83-AA-E3-83-BC-E3-83-B3-E3-82-B7-E3-83-A7-E3-83-83-E3-83-88-202022-09-03-2017-34-43_jpg.rf.11fd1e4ec89441bb9f42d59fc91ab240.txt,42,e558e9bb2c94933a0c387fa0c04935d671b5d9ea50d1e2fd4450b37bb4986d95
VADD(minmaldataset)/test/labels/-E3-82-B9-E3-82-AF-E3-83-AA-E3-83-BC-E3-83-B3-E3-82-B7-E3-83-A7-E3-83-83-E3-83-88-202022-09-03-2017-35-15_jpg.rf.6e35b8590a87aba148acd3820cd822c6.txt,80,2120ed572dde36da4c8d0d8065a1bffea87d100215c43746f142e8dd704d7f15
VADD(minmaldataset)/test/labels/-E3-82-B9-E3-82-AF-E3-83-AA-E3-83-BC-E3-83-B3-E3-82-B7-E3-83-A7-E3-83-83-E3-83-88-202022-09-03-202-24-30_jpg.rf.7782ecb2e7b83fa9d0435bd810296071.txt,80,4182631c224899bc6499e13589fe05170809745c1110832b31952447ee24fdaf
VADD(minmaldataset)/test/labels/-E3-82-B9-E3-82-AF-E3-83-AA-E3-83-BC-E3-83-B3-E3-82-B7-E3-83-A7-E3-83-83-E3-83-88-202022-09-03-203-09-52_jpg.rf.5500773013c459ae6bcdf4cbdb8557bf.txt,80,1a15af1b6303c0acfdb290945c47d1969f9f497e6c0bb2901a99d2f5011a8d3a
VADD(minmaldataset)/test/labels/-E3-82-B9-E3-82-AF-E3-83-AA-E3-83-BC-E3-83-B3-E3-82-B7-E3-83-A7-E3-83-83-E3-83-88-202022-09-03-203-11-11_jpg.rf.b2ea71b95affb2c5b730fc33ee0287cd.txt,80,2b293ebd3568e89f4c450b73b92d9680438982a11dc307ff900b7308fa5d94b4
VADD(minmaldataset)/test/labels/-E3-82-B9-E3-82-AF-E3-83-AA-E3-83-BC-E3-83-B3-E3-82-B7-E3-83-A7-E3-83-83-E3-83-88-202022-09-03-203-11-53_jpg.rf.f9bf48d4adde2f1a7806fe69f4a8041e.txt,58,d208db2e1774aa5a59a904ae71c91d150d550503608973ef8e10b39dcb716cbb
VADD(minmaldataset)/test/labels/-E3-82-B9-E3-82-AF-E3-83-AA-E3-83-BC-E3-83-B3-E3-82-B7-E3-83-A7-E3-83-83-E3-83-88-202022-09-05-2022-42-01_jpg.rf.c11c27d0ac578621a5a5e8fa7b6160b5.txt,40,89c91707bef9a5052e32dcf119243aa18522cafabfb2ae726da9736340cd345f
VADD(minmaldataset)/test/labels/-E3-82-B9-E3-82-AF-E3-83-AA-E3-83-BC-E3-83-B3-E3-82-B7-E3-83-A7-E3-83-83-E3-83-88-202022-09-05-2022-47-03_jpg.rf.9f316e4395f6644c7a061dc67d1c5d87.txt,81,55ac67520b896632aac36eab0a13b5c65829e1d7e6f1ca03f3dffa8522461e09
VADD(minmaldataset)/test/labels/-E3-82-B9-E3-82-AF-E3-83-AA-E3-83-BC-E3-83-B3-E3-82-B7-E3-83-A7-E3-83-83-E3-83-88-202022-09-05-2023-15-18_jpg.rf.5c320ab11692fb0f1d5b7fd2f8139aca.txt,60,13e8aeaf97a86f105e9aa4637bf918bd8a8a102637983fa755c93dbc105ab4a6
VADD(minmaldataset)/test/labels/-E3-82-B9-E3-82-AF-E3-83-AA-E3-83-BC-E3-83-B3-E3-82-B7-E3-83-A7-E3-83-83-E3-83-88-202022-09-05-2023-17-38_jpg.rf.b438e5d4393e2963941c7a238ade79cc.txt,79,9b5820eabf9786777a6d64b8dc797735d368cb37fe61ef13f2d828cb65081752
VADD(minmaldataset)/test/labels/-E3-82-B9-E3-82-AF-E3-83-AA-E3-83-BC-E3-83-B3-E3-82-B7-E3-83-A7-E3-83-83-E3-83-88-202022-09-05-2023-18-56_jpg.rf.2d3670fd397454130e17f747e4a95e18.txt,38,0946dca8bf271dc4cea35344fda99ab2b2eaf31ca94a49aaf58507db0f3465e1
VADD(minmaldataset)/test/labels/-E3-82-B9-E3-82-AF-E3-83-AA-E3-83-BC-E3-83-B3-E3-82-B7-E3-83-A7-E3-83-83-E3-83-88-202022-09-05-2023-19-11_jpg.rf.6ade12d9e72fb4223d5668cd0c46052f.txt,40,1c1784ea9cf238c86c1d338afccf88d931f257c3ee19ca02301a8f366b437b24
VADD(minmaldataset)/test/labels/-E3-82-B9-E3-82-AF-E3-83-AA-E3-83-BC-E3-83-B3-E3-82-B7-E3-83-A7-E3-83-83-E3-83-88-202022-09-05-2023-19-45_jpg.rf.5e0be33d701161beac8e9ee0c37118ec.txt,39,142f5dc2e5aff69836ae9fe736125c9c5f649975fec1a59e67cf602692b28def
VADD(minmaldataset)/test/labels/-E3-82-B9-E3-82-AF-E3-83-AA-E3-83-BC-E3-83-B3-E3-82-B7-E3-83-A7-E3-83-83-E3-83-88-202022-09-05-2023-20-55_jpg.rf.c6528d25fba8ae2df26fe27aefbcd83b.txt,66,4a287ac1247291d0d032d0bd6e6455d932c6687266de3a06ed558b3e94d56809
VADD(minmaldataset)/test/labels/-E3-82-B9-E3-82-AF-E3-83-AA-E3-83-BC-E3-83-B3-E3-82-B7-E3-83-A7-E3-83-83-E3-83-88-202022-09-05-2023-21-31_jpg.rf.44e946b41a502ce2deaf6d4f86cc05be.txt,43,2134eb6e8876bd3d2b27c727b8b653ae51243f4c3115da5f626f94cab5a87f0b
VADD(minmaldataset)/test/labels/-E3-82-B9-E3-82-AF-E3-83-AA-E3-83-BC-E3-83-B3-E3-82-B7-E3-83-A7-E3-83-83-E3-83-88-202022-09-05-2023-21-31_jpg.rf.77cf05799e65166d2d0c38c3caf44204.txt,62,17da4fc5b784727999eeb6032c774f2dfd85758892e203ea6c0966e8d1ae3fdd
VADD(minmaldataset)/test/labels/-E3-82-B9-E3-82-AF-E3-83-AA-E3-83-BC-E3-83-B3-E3-82-B7-E3-83-A7-E3-83-83-E3-83-88-202022-09-05-2023-42-28_jpg.rf.83c8b0bf805164bbc0cd6810e2fb5276.txt,80,61c913df5d5085e603b42e1001bbfd26b6ad6fcb844f66de18ea56da61a1719e
VADD(minmaldataset)/test/labels/-E3-82-B9-E3-82-AF-E3-83-AA-E3-83-BC-E3-83-B3-E3-82-B7-E3-83-A7-E3-83-83-E3-83-88-202022-09-05-2023-42-44_jpg.rf.dc9c8237085e89c5b6173ca7113c8250.txt,33,9b2ccf9dba70d1105e54f8fc10ab7572e100713526a9173db9303d36707d2372
VADD(minmaldataset)/test/labels/-E3-82-B9-E3-82-AF-E3-83-AA-E3-83-BC-E3-83-B3-E3-82-B7-E3-83-A7-E3-83-83-E3-83-88-202022-09-09-2022-26-10_jpg.rf.d3da733ea1015aed1afbc161e15189d2.txt,68,92c0fd40387f63e98f6b7412749ffe8f5fd738710050ac7754b3db8e456827d0
VADD(minmaldataset)/test/labels/-E3-82-B9-E3-82-AF-E3-83-AA-E3-83-BC-E3-83-B3-E3-82-B7-E3-83-A7-E3-83-83-E3-83-88-202022-09-09-2022-30-48_jpg.rf.7bd1571e3f8529ec98e33110205f844f.txt,79,918a5c102cb6839f018d14942c3d5cf2c90d6a5a29d51dbb269f5e02e739a6b4
VADD(minmaldataset)/test/labels/-E3-82-B9-E3-82-AF-E3-83-AA-E3-83-BC-E3-83-B3-E3-82-B7-E3-83-A7-E3-83-83-E3-83-88-202022-09-09-2022-31-08_jpg.rf.9deae807709767210a31c86e74cd118d.txt,42,8c88d255b75bc196b4434ecb9d76ff0e46a593c4fc6ac92a4c4b3eb1e73144a3
VADD(minmaldataset)/test/labels/-E3-82-B9-E3-82-AF-E3-83-AA-E3-83-BC-E3-83-B3-E3-82-B7-E3-83-A7-E3-83-83-E3-83-88-202022-09-09-2022-34-39_jpg.rf.c90e4b76403a6f3e60163f174c2d9520.txt,80,33962e301ddfc8ccd2848c667af5f76fc3c546a213efaf2da96a756c8d878b30
VADD(minmaldataset)/test/labels/-E3-82-B9-E3-82-AF-E3-83-AA-E3-83-BC-E3-83-B3-E3-82-B7-E3-83-A7-E3-83-83-E3-83-88-202022-09-12-2018-04-06_jpg.rf.6e6df412d37c32a56aa008623b5e5ce7.txt,82,1dae55d0935f989ce474d8adb018c9c619eb637f95a77f940a3286bbb073b604
VADD(minmaldataset)/test/labels/-E3-82-B9-E3-82-AF-E3-83-AA-E3-83-BC-E3-83-B3-E3-82-B7-E3-83-A7-E3-83-83-E3-83-88-202022-09-12-2018-05-18_jpg.rf.106b30f61cf1abdffda9e53ef3d903d2.txt,67,aa23b26f8fc51c30198a6bfb63120459ef90a01999d322709c33f05f02bf5fef
VADD(minmaldataset)/test/labels/-E3-82-B9-E3-82-AF-E3-83-AA-E3-83-BC-E3-83-B3-E3-82-B7-E3-83-A7-E3-83-83-E3-83-88-202022-09-12-2018-07-55_jpg.rf.fbde7d501592c58b3a968be34d889a04.txt,120,c957f37c5b853bb22049c229a547121e0e52455dd639cb81d6ad4f365e996b54
VADD(minmaldataset)/test/labels/-E3-82-B9-E3-82-AF-E3-83-AA-E3-83-BC-E3-83-B3-E3-82-B7-E3-83-A7-E3-83-83-E3-83-88-202022-09-12-2023-28-59_jpg.rf.b1b939cb362f547bccc220a0ba17caf8.txt,58,94d1c522e540a854956ac216ca3e99f9f645966ece35a0ed7494ff5b2d017f07
VADD(minmaldataset)/test/labels/-E3-82-B9-E3-82-AF-E3-83-AA-E3-83-BC-E3-83-B3-E3-82-B7-E3-83-A7-E3-83-83-E3-83-88-202022-09-13-200-05-57_jpg.rf.8d4e99f1878bf2f79979970f9bb225fc.txt,37,abba2d1c8c81953c79ee279c7a4bef90cd2a753c4b6e92c93b87e4828b720f05
VADD(minmaldataset)/test/labels/-E3-82-B9-E3-82-AF-E3-83-AA-E3-83-BC-E3-83-B3-E3-82-B7-E3-83-A7-E3-83-83-E3-83-88-202022-09-13-200-17-13_jpg.rf.56f59353852ca16c31e2b6b6fa6d2187.txt,82,50933bffb89fa2cb4a99fed65977e6099156ef954f72d595af9b8f1b8d41cf79
VADD(minmaldataset)/test/labels/-E3-82-B9-E3-82-AF-E3-83-AA-E3-83-BC-E3-83-B3-E3-82-B7-E3-83-A7-E3-83-83-E3-83-88-202022-09-13-200-32-17_jpg.rf.91f3bcb6cbbfb785bbee638d4445aab3.txt,82,69bef470d9eb3fe3ee70ac6eed5310bfa91067b51c6898eac0d9cd6bb9b1ee6c
VADD(minmaldataset)/test/labels/-E3-82-B9-E3-82-AF-E3-83-AA-E3-83-BC-E3-83-B3-E3-82-B7-E3-83-A7-E3-83-83-E3-83-88-202022-09-13-200-34-06_jpg.rf.debc23ae48cb54d04323d40f3f13e376.txt,80,950b25cedbc3927d5a8aa6ed211815098b9c29a71b52f370b59ee055eae1f6c1
VADD(minmaldataset)/test/labels/-E3-82-B9-E3-82-AF-E3-83-AA-E3-83-BC-E3-83-B3-E3-82-B7-E3-83-A7-E3-83-83-E3-83-88-202022-09-13-200-36-46_jpg.rf.258fec75e1316f8929d333aa9eaa3e6d.txt,80,c1ccd2d9e0ee50eef74d23a41d0364cf8f5a83b43d780550d16d0dfa29237eea
VADD(minmaldataset)/test/labels/-E3-82-B9-E3-82-AF-E3-83-AA-E3-83-BC-E3-83-B3-E3-82-B7-E3-83-A7-E3-83-83-E3-83-88-202022-09-13-200-37-37_jpg.rf.7fa9b9b6564eae66140b0593d8cd7b87.txt,121,28556eceed057d9a15f7ef3a6dce0447d4aa5d7a43d5ac879e410c20475c2877
VADD(minmaldataset)/test/labels/-E3-82-B9-E3-82-AF-E3-83-AA-E3-83-BC-E3-83-B3-E3-82-B7-E3-83-A7-E3-83-83-E3-83-88-202022-09-13-200-49-43_jpg.rf.7c60635b5828ad1efcecceeab083c367.txt,80,4ea292ca5fba166cf107f4ca4c545f034c8a3f3a7aad357ea7420edcd1932814
VADD(minmaldataset)/test/labels/-E3-82-B9-E3-82-AF-E3-83-AA-E3-83-BC-E3-83-B3-E3-82-B7-E3-83-A7-E3-83-83-E3-83-88-202022-09-13-200-53-02_jpg.rf.a5a90fabc7722fa5f216d3e0db2fd65c.txt,150,6df15cfb401310ad4510d9f9827d962df6d867e1919f3594f86cfc06b3d03a1d
VADD(minmaldataset)/test/labels/-E3-82-B9-E3-82-AF-E3-83-AA-E3-83-BC-E3-83-B3-E3-82-B7-E3-83-A7-E3-83-83-E3-83-88-202022-09-13-200-53-37_jpg.rf.1b0e4b62a74b37eb5a9ec90334857f02.txt,67,7b2311953cd2484736cc81b0ad6eaa32547f7aafc8a05867c3d9fbf9838a40e3
VADD(minmaldataset)/test/labels/-E3-82-B9-E3-82-AF-E3-83-AA-E3-83-BC-E3-83-B3-E3-82-B7-E3-83-A7-E3-83-83-E3-83-88-202022-09-13-201-04-21_jpg.rf.67cc519ef69be2eeed7e8c13a62b05d5.txt,81,fe4577da0278be4574a6c50700541b6ddc349d74998d14a3405ac4fe6e64e43c
VADD(minmaldataset)/test/labels/-E3-82-B9-E3-82-AF-E3-83-AA-E3-83-BC-E3-83-B3-E3-82-B7-E3-83-A7-E3-83-83-E3-83-88-202022-09-13-202-07-24_jpg.rf.fc5418af974a9591078224e7dec18674.txt,81,9604251fca6123c7fa411c010507f7a806c89dfd9b9b02a1f49d2ae623b56a1e
VADD(minmaldataset)/test/labels/-E3-82-B9-E3-82-AF-E3-83-AA-E3-83-BC-E3-83-B3-E3-82-B7-E3-83-A7-E3-83-83-E3-83-88-202022-09-13-202-08-19_jpg.rf.f31be995312acb473747e72d95f30712.txt,84,a7d328d68d0344336bdd6406e4c425316580e0b638f78671b074e241f63afaa0
VADD(minmaldataset)/test/labels/-E3-82-B9-E3-82-AF-E3-83-AA-E3-83-BC-E3-83-B3-E3-82-B7-E3-83-A7-E3-83-83-E3-83-88-202022-09-15-201-23-11_jpg.rf.275181c1d87722aa88bc8751f83009e3.txt,41,1df34c611bca31940c6f42aeba7c0bd79d9a9141c27ea78483dd241a939af2d2
VADD(minmaldataset)/test/labels/-E3-82-B9-E3-82-AF-E3-83-AA-E3-83-BC-E3-83-B3-E3-82-B7-E3-83-A7-E3-83-83-E3-83-88-202022-09-15-201-29-05_jpg.rf.9d7a7009f5cb2736f4693683d8267058.txt,79,b44027e6b160b91c073e2de46ed8a7af9fa6a008f6118024c59061d69e2bb3da
VADD(minmaldataset)/test/labels/-E3-82-B9-E3-82-AF-E3-83-AA-E3-83-BC-E3-83-B3-E3-82-B7-E3-83-A7-E3-83-83-E3-83-88-202022-09-15-201-30-18_jpg.rf.0b948edff4e3eca6ef0ff9be4feac576.txt,157,982e8128bcb6db05cb53769367487eb17f69aec9d44f17d82609131a4c526f78
VADD(minmaldataset)/test/labels/-E3-82-B9-E3-82-AF-E3-83-AA-E3-83-BC-E3-83-B3-E3-82-B7-E3-83-A7-E3-83-83-E3-83-88-202022-09-15-201-38-44_jpg.rf.f85c64c880929610cfc3c3b9b0173caf.txt,111,476e513c8bc1ee808a7d8266cb6f87ea7348447c26ec93d4ac0a93939f726971
VADD(minmaldataset)/test/labels/-E3-82-B9-E3-82-AF-E3-83-AA-E3-83-BC-E3-83-B3-E3-82-B7-E3-83-A7-E3-83-83-E3-83-88-202022-09-15-201-44-02_jpg.rf.54e894ec5a5f236541a93cf1c3060257.txt,238,ffc8a1080f6f6cb6ab3fc676e7ab02148e848969aa4e54a2aa9a5010c11f3c6c
VADD(minmaldataset)/test/labels/-E3-82-B9-E3-82-AF-E3-83-AA-E3-83-BC-E3-83-B3-E3-82-B7-E3-83-A7-E3-83-83-E3-83-88-202022-09-15-201-45-24_jpg.rf.0ea8410bf99b2ea3f87e43522016b7a1.txt,84,1b49ff10ddc441650fa6ead5615afb858367643802cd96b775d25fdaea56c0d6
VADD(minmaldataset)/test/labels/-E3-82-B9-E3-82-AF-E3-83-AA-E3-83-BC-E3-83-B3-E3-82-B7-E3-83-A7-E3-83-83-E3-83-88-202022-09-15-201-47-56_jpg.rf.2464919a2853f3832e6790ab529f046a.txt,162,ddd6fbe90e11c488186e9b5668b92a1b83cdb7621a8a62613713e21fab23d304
VADD(minmaldataset)/test/labels/-E3-82-B9-E3-82-AF-E3-83-AA-E3-83-BC-E3-83-B3-E3-82-B7-E3-83-A7-E3-83-83-E3-83-88-202022-09-15-201-51-39_jpg.rf.2b4908502664798182257b7f75315459.txt,157,ec99b8f8bce7b485de1a45043989a3924d936b06a1a1e266a2827e2f0255b225
VADD(minmaldataset)/test/labels/-E3-82-B9-E3-82-AF-E3-83-AA-E3-83-BC-E3-83-B3-E3-82-B7-E3-83-A7-E3-83-83-E3-83-88-202022-09-15-202-19-07_jpg.rf.5c1e509428bcea05060b3fdd5bb27fa2.txt,78,1a4dbb3b0aeb2482e9643c153617f1f44220d532efa9ad20bf83f83bad340f52
VADD(minmaldataset)/test/labels/-E3-82-B9-E3-82-AF-E3-83-AA-E3-83-BC-E3-83-B3-E3-82-B7-E3-83-A7-E3-83-83-E3-83-88-202022-09-16-200-00-19_jpg.rf.e679b081dc8305b5101bfe2486e19ad9.txt,117,1e7b1bcec041f339fb592e7e73c559ddfb79bb518ff362115fa1950c047742a4
VADD(minmaldataset)/test/labels/-E3-82-B9-E3-82-AF-E3-83-AA-E3-83-BC-E3-83-B3-E3-82-B7-E3-83-A7-E3-83-83-E3-83-88-202022-09-16-200-07-08_jpg.rf.fff8860d80b3a030b8e910fee44b65b2.txt,75,aaaef6fa78c1d9ff353726a9155d2e2a62a9c1d35e10bf02b5460a7d680e2998
VADD(minmaldataset)/test/labels/-E3-82-B9-E3-82-AF-E3-83-AA-E3-83-BC-E3-83-B3-E3-82-B7-E3-83-A7-E3-83-83-E3-83-88-202022-09-16-200-13-45_jpg.rf.5a45b20df3c663cf2b56144543438a7a.txt,79,e73606ed274d447b39808ccfc06c4dd88b857df514bd062958520bd97587f5f7
VADD(minmaldataset)/test/labels/-E3-82-B9-E3-82-AF-E3-83-AA-E3-83-BC-E3-83-B3-E3-82-B7-E3-83-A7-E3-83-83-E3-83-88-202022-09-16-200-14-03_jpg.rf.d6f1070e7bab4e9e2cf64cfb253a0cde.txt,157,9942fa4bb151d658230b73965739bd8ebcdfc3ba2dd6eb1670277897be497fdf
VADD(minmaldataset)/test/labels/-E3-82-B9-E3-82-AF-E3-83-AA-E3-83-BC-E3-83-B3-E3-82-B7-E3-83-A7-E3-83-83-E3-83-88-202022-09-16-200-28-15_jpg.rf.273a1bad6866517639aa52eec0447e1d.txt,75,82c0e2624edf0b2eade4509fd38e40672364068f906d3b8bfb4b5fde98451518
VADD(minmaldataset)/test/labels/-E3-82-B9-E3-82-AF-E3-83-AA-E3-83-BC-E3-83-B3-E3-82-B7-E3-83-A7-E3-83-83-E3-83-88-202022-09-16-200-32-20_jpg.rf.4c0e7e56131fca768ca3a3786608770e.txt,149,90533918d38c09a079030fbbc3d7c6f9d73ca9d5bdb86afeb13eaaa160644bb4
VADD(minmaldataset)/test/labels/-E3-82-B9-E3-82-AF-E3-83-AA-E3-83-BC-E3-83-B3-E3-82-B7-E3-83-A7-E3-83-83-E3-83-88-202022-09-16-200-41-03_jpg.rf.c9d225e311e62025a44cea0a484230dd.txt,80,453f14f3de5559e3fec8da4af508d48666f1bbf44db70a5134d71d4a7005fdc6
VADD(minmaldataset)/test/labels/-E3-82-B9-E3-82-AF-E3-83-AA-E3-83-BC-E3-83-B3-E3-82-B7-E3-83-A7-E3-83-83-E3-83-88-202022-09-16-200-55-28_jpg.rf.f85599e2852993cd9dcfc3a380a37f01.txt,41,898be68ef96992ffede38cd4f528f2927088d99242a4027637e59fe4c6f5e549
VADD(minmaldataset)/test/labels/-E3-82-B9-E3-82-AF-E3-83-AA-E3-83-BC-E3-83-B3-E3-82-B7-E3-83-A7-E3-83-83-E3-83-88-202022-09-16-200-55-55_jpg.rf.a31be143376e3e019b519af86ea317d6.txt,79,2cec003adc2b7a324deedbb90e5e2a2446f4ccd26b2734ec8c904ca585587d05
VADD(minmaldataset)/test/labels/-E3-82-B9-E3-82-AF-E3-83-AA-E3-83-BC-E3-83-B3-E3-82-B7-E3-83-A7-E3-83-83-E3-83-88-202022-09-16-200-56-33_jpg.rf.5c85a53da8ba72949afb01a72e7fb585.txt,160,6e0dd4b541d935b20e1efbcd20e6d030375a10154b58134f7227f503f5bbc9e1
VADD(minmaldataset)/test/labels/-E3-82-B9-E3-82-AF-E3-83-AA-E3-83-BC-E3-83-B3-E3-82-B7-E3-83-A7-E3-83-83-E3-83-88-202022-09-16-201-01-11_jpg.rf.6dd50f59baffbba187ea593a226ad9e9.txt,78,5ef94c63de052e3b496639757704983e9ed51037ee8567cac576972362b18671
VADD(minmaldataset)/test/labels/-E3-82-B9-E3-82-AF-E3-83-AA-E3-83-BC-E3-83-B3-E3-82-B7-E3-83-A7-E3-83-83-E3-83-88-202022-09-16-201-29-51_jpg.rf.c3d12abe7b14339318f1f6f269d6f6cb.txt,79,c9594b93b34d3b1a5b77a88cb6095cda148c3ddff3093cefa2bbb9c355cb44cd
VADD(minmaldataset)/test/labels/-E3-82-B9-E3-82-AF-E3-83-AA-E3-83-BC-E3-83-B3-E3-82-B7-E3-83-A7-E3-83-83-E3-83-88-202022-09-16-2017-03-33_jpg.rf.03da44cb90d0df4b1deff357916c43a3.txt,121,c9a59927bc13fdfd46edf00b505a9b9d56b264267ff729b99c5cd5494ea0c452
VADD(minmaldataset)/test/labels/-E3-82-B9-E3-82-AF-E3-83-AA-E3-83-BC-E3-83-B3-E3-82-B7-E3-83-A7-E3-83-83-E3-83-88-202022-09-16-2017-04-46_jpg.rf.f425f9601c94846fde9ac4dae0bdc3a3.txt,78,2ab51065773dc801f2bc187ead503ee106521d3728fbaf7d3858950452839e8c
VADD(minmaldataset)/test/labels/-E3-82-B9-E3-82-AF-E3-83-AA-E3-83-BC-E3-83-B3-E3-82-B7-E3-83-A7-E3-83-83-E3-83-88-202022-09-16-2017-08-43_jpg.rf.9137307b89b26d0ac4a525ce845e3974.txt,82,03e8cee066420a99a7974f48b924ee4cf53c9a65f868f60a0c31423bdc702da0
VADD(minmaldataset)/test/labels/-E3-82-B9-E3-82-AF-E3-83-AA-E3-83-BC-E3-83-B3-E3-82-B7-E3-83-A7-E3-83-83-E3-83-88-202022-09-16-2017-11-44_jpg.rf.4a0ff5bb2da5fcb24ba9a92d3e40a2dd.txt,162,b81f14d3cff9bd4a381782b6d5729dac92d9c06849e159aba0b769aea16767a7
VADD(minmaldataset)/test/labels/-E3-82-B9-E3-82-AF-E3-83-AA-E3-83-BC-E3-83-B3-E3-82-B7-E3-83-A7-E3-83-83-E3-83-88-202022-09-16-2017-28-46_jpg.rf.3c723e34089282d6a39c79efe46035ca.txt,40,d4ecd8e2ccbcb72653dddfd0b8cca4b9fb375cc35ec1f6642f76a4a26592f897
VADD(minmaldataset)/test/labels/-E3-82-B9-E3-82-AF-E3-83-AA-E3-83-BC-E3-83-B3-E3-82-B7-E3-83-A7-E3-83-83-E3-83-88-202022-09-16-2017-30-34_jpg.rf.55af4217260701fe3f35d8ae8c144cb9.txt,232,548b00ff0d6d589d08888a779a300dbcae527b967813d1f1abb95a9e1c31aa03
VADD(minmaldataset)/test/labels/-E3-82-B9-E3-82-AF-E3-83-AA-E3-83-BC-E3-83-B3-E3-82-B7-E3-83-A7-E3-83-83-E3-83-88-202022-09-16-2017-31-49_jpg.rf.fa2fc4c911c06e068c5ce0e143a3c7b7.txt,71,3e94d225cb6b4b71827d00d5698d818a50c0286cc59206696afcf1e383e7ea67
VADD(minmaldataset)/test/labels/-E3-82-B9-E3-82-AF-E3-83-AA-E3-83-BC-E3-83-B3-E3-82-B7-E3-83-A7-E3-83-83-E3-83-88-202022-09-16-2017-33-04_jpg.rf.7e2a01b79c20248e34d165179de12675.txt,136,70efae3f2c110cddf41c898653b72a4afa65af0eb7fb405cb75c54d21fb2d637
VADD(minmaldataset)/test/labels/-E3-82-B9-E3-82-AF-E3-83-AA-E3-83-BC-E3-83-B3-E3-82-B7-E3-83-A7-E3-83-83-E3-83-88-202022-09-16-2017-34-50_jpg.rf.25a6047ad75303c246e580b1792d8f4e.txt,136,89c1586d3b10750c132743b495def7b0d4593e804d9bafd5951736d533e50138
VADD(minmaldataset)/test/labels/-E3-82-B9-E3-82-AF-E3-83-AA-E3-83-BC-E3-83-B3-E3-82-B7-E3-83-A7-E3-83-83-E3-83-88-202022-09-16-2017-35-02_jpg.rf.580a75a596592650524731ec3023069e.txt,79,a8548f5bfd71f2ca81a493dbaa09fac6aa6252d30a6a10e41d9fe522c3f4abcd
VADD(minmaldataset)/test/labels/-E3-82-B9-E3-82-AF-E3-83-AA-E3-83-BC-E3-83-B3-E3-82-B7-E3-83-A7-E3-83-83-E3-83-88-202022-09-16-2017-35-18_jpg.rf.bad4fce20536877fdd4dae9640224bdd.txt,161,ce2ad25417d7aa1bda8ef99864bf15f678f5f48068243dda00ec14bdfbcb3657
VADD(minmaldataset)/test/labels/-E3-82-B9-E3-82-AF-E3-83-AA-E3-83-BC-E3-83-B3-E3-82-B7-E3-83-A7-E3-83-83-E3-83-88-202022-09-16-2017-38-50_jpg.rf.87a6a90f8acd3430d01e6ece3943b319.txt,79,d121784f955c648a2a63de75ed6d31ca2db38529637163e93e948810b2180931
VADD(minmaldataset)/test/labels/-E3-82-B9-E3-82-AF-E3-83-AA-E3-83-BC-E3-83-B3-E3-82-B7-E3-83-A7-E3-83-83-E3-83-88-202022-09-16-2017-39-28_jpg.rf.d965f8ddb1801f341749d0ae8b15165c.txt,82,ecf79c9c37e51ab844e63cf4637a83bef5f691c5ce92de320d45441809c40ba1
VADD(minmaldataset)/test/labels/-E3-82-B9-E3-82-AF-E3-83-AA-E3-83-BC-E3-83-B3-E3-82-B7-E3-83-A7-E3-83-83-E3-83-88-202022-09-16-202-02-18_jpg.rf.ff2cf657f2a6d205776bc594c4e7990f.txt,55,8fef21c4b08108a17a6afdd43b4e1b28643babdbf8135f9f352ede6fa732eb74
VADD(minmaldataset)/test/labels/-E3-82-B9-E3-82-AF-E3-83-AA-E3-83-BC-E3-83-B3-E3-82-B7-E3-83-A7-E3-83-83-E3-83-88-202022-09-16-202-18-07_jpg.rf.6fa922ae3f6003941af14ba26fc9db62.txt,40,78a726ee6b09f218e3155508449b76b352dd7cc19cc124ade9dedc1a459515bb
VADD(minmaldataset)/test/labels/-E3-82-B9-E3-82-AF-E3-83-AA-E3-83-BC-E3-83-B3-E3-82-B7-E3-83-A7-E3-83-83-E3-83-88-202022-09-16-202-19-45_jpg.rf.72465ce8026d6f26ecbc27a15ab0cb2f.txt,61,7a884d3c41f67fca481a5a534c77fd9793cc127d59ea25e698ad92832494df6b
VADD(minmaldataset)/test/labels/-E3-82-B9-E3-82-AF-E3-83-AA-E3-83-BC-E3-83-B3-E3-82-B7-E3-83-A7-E3-83-83-E3-83-88-202022-09-16-202-20-49_jpg.rf.8ae9b4828e00ceafe2d3c58443e6bc15.txt,75,465c3fef9483f7781747769a57bf5960234e9620669d14f4800798960dfb2b5c
VADD(minmaldataset)/test/labels/-E3-82-B9-E3-82-AF-E3-83-AA-E3-83-BC-E3-83-B3-E3-82-B7-E3-83-A7-E3-83-83-E3-83-88-202022-09-16-2022-32-36_jpg.rf.7aea312467e221c1640ed7a7e52023bc.txt,120,0d140cdfa9d49c47b216018a028796727162f1d8ee323282d3a7a45a382abfa9
VADD(minmaldataset)/test/labels/-E3-82-B9-E3-82-AF-E3-83-AA-E3-83-BC-E3-83-B3-E3-82-B7-E3-83-A7-E3-83-83-E3-83-88-202022-09-16-2022-36-17_jpg.rf.b8a2e78b25835a82718a5181bbfca808.txt,58,4ce81da196413504543581d12b1a7593ebf0bf04271dfbb26b824be87fa61869
VADD(minmaldataset)/test/labels/-E3-82-B9-E3-82-AF-E3-83-AA-E3-83-BC-E3-83-B3-E3-82-B7-E3-83-A7-E3-83-83-E3-83-88-202022-09-16-2022-41-47_jpg.rf.759d8acee90617ce7780a67ba9d39eb8.txt,105,c51ffe7795838f20b20959772b3b6f2d2ff81172a7f448a58571adf386c66c71
VADD(minmaldataset)/test/labels/-E3-82-B9-E3-82-AF-E3-83-AA-E3-83-BC-E3-83-B3-E3-82-B7-E3-83-A7-E3-83-83-E3-83-88-202022-09-16-2022-41-47_jpg.rf.cd06cef7d82943633c3918b387615fdf.txt,76,87a2992316ada0d14f0abccde86b4059ea19405df4693554379e3b7ecee3e947
VADD(minmaldataset)/test/labels/-E3-82-B9-E3-82-AF-E3-83-AA-E3-83-BC-E3-83-B3-E3-82-B7-E3-83-A7-E3-83-83-E3-83-88-202022-09-16-2022-43-51_jpg.rf.f07e4c9364f7d25bd3db4a6fd5e365f7.txt,121,c720e54916cfe804e31c7fc3ef6297d10d651ca2b34ae885a6ad515062dc5c4c
VADD(minmaldataset)/test/labels/-E3-82-B9-E3-82-AF-E3-83-AA-E3-83-BC-E3-83-B3-E3-82-B7-E3-83-A7-E3-83-83-E3-83-88-202022-09-16-2022-49-01_jpg.rf.1f34d47febfa62c6e3fad8cc7d93845c.txt,242,967535db59fed9aaf5bb4a4503d073462d898ab3dbbc4551b502adb8ffc38d0c
VADD(minmaldataset)/test/labels/-E3-82-B9-E3-82-AF-E3-83-AA-E3-83-BC-E3-83-B3-E3-82-B7-E3-83-A7-E3-83-83-E3-83-88-202022-09-16-2022-49-01_jpg.rf.d224e83ab13670e82107ff76347efb00.txt,121,866509db995134c8138fb6de8da91ec0bc41bece65415c8ac44eb134ad7624f4
VADD(minmaldataset)/test/labels/-E3-82-B9-E3-82-AF-E3-83-AA-E3-83-BC-E3-83-B3-E3-82-B7-E3-83-A7-E3-83-83-E3-83-88-202022-09-16-2022-49-51_jpg.rf.1705d40211d790f3b7a74996421c82ab.txt,160,d6d59efda2f64b0b7a724fd6a425eca39f281a2871fac9d829692e423357df59
VADD(minmaldataset)/test/labels/-E3-82-B9-E3-82-AF-E3-83-AA-E3-83-BC-E3-83-B3-E3-82-B7-E3-83-A7-E3-83-83-E3-83-88-202022-09-16-2022-55-34_jpg.rf.bbff6205bf34e10438c791d1b5a2240f.txt,79,65547b2bf8ba73710f40b38f5865ab4ccbe6bd1a066d54613bc89d3d5f08cdac
VADD(minmaldataset)/test/labels/-E3-82-B9-E3-82-AF-E3-83-AA-E3-83-BC-E3-83-B3-E3-82-B7-E3-83-A7-E3-83-83-E3-83-88-202022-09-16-2022-56-53_jpg.rf.3d1ca38755b3d33383b70acab1f3a81f.txt,181,605f89c859f1e02ab9987a960bc15d3bc8869af50cec6e4c3e3a912a5fe8557d
VADD(minmaldataset)/test/labels/-E3-82-B9-E3-82-AF-E3-83-AA-E3-83-BC-E3-83-B3-E3-82-B7-E3-83-A7-E3-83-83-E3-83-88-202022-10-03-2023-47-08_jpg.rf.f22c7300eddf810a108ce5d27b81f0b4.txt,108,d5d6dba416bd3574f144837ea2b022ccd27bd5f5926f30c450da45d9273c5b4f
VADD(minmaldataset)/test/labels/-E3-82-B9-E3-82-AF-E3-83-AA-E3-83-BC-E3-83-B3-E3-82-B7-E3-83-A7-E3-83-83-E3-83-88-202022-10-03-2023-47-18_jpg.rf.0c34ca3a142fdaa5c6e9e7cecc676b61.txt,37,9bf0f9a56c8acbea65db1181ac458ca1ef4bb5511df10fb420a271be5f9e5564
VADD(minmaldataset)/test/labels/-E3-82-B9-E3-82-AF-E3-83-AA-E3-83-BC-E3-83-B3-E3-82-B7-E3-83-A7-E3-83-83-E3-83-88-202022-10-03-2023-52-58_jpg.rf.2c5d2c38510244d28eecfdf6d95a7848.txt,60,2610836fc13e385d038b9035f66a0ee3421fdeb4554f40d5ff7373e36391f4b2
VADD(minmaldataset)/test/labels/-E3-82-B9-E3-82-AF-E3-83-AA-E3-83-BC-E3-83-B3-E3-82-B7-E3-83-A7-E3-83-83-E3-83-88-202022-10-03-2023-53-20_jpg.rf.aa8b79a3ab93e4588eb07629157ffb47.txt,39,06b42c55ed2548ac6ad929bcbae15b7445629569735efa9bae110bc2e3e7f762
VADD(minmaldataset)/test/labels/-E3-82-B9-E3-82-AF-E3-83-AA-E3-83-BC-E3-83-B3-E3-82-B7-E3-83-A7-E3-83-83-E3-83-88-202022-10-03-2023-53-53_jpg.rf.1ed45d16003b6819cff0547369d39cfc.txt,38,6e051ee58e9cf93cf03dc31b7bbf73dd18523c0c3099697c4a2331c300bcd9c3
VADD(minmaldataset)/test/labels/-E3-82-B9-E3-82-AF-E3-83-AA-E3-83-BC-E3-83-B3-E3-82-B7-E3-83-A7-E3-83-83-E3-83-88-202022-10-03-2023-59-31_jpg.rf.9c19a135b0401478216edaf7c8c28a4d.txt,80,89494e15c946de8e95461bf469b39d07598c13ca7786104af6d3de5068eccb39
VADD(minmaldataset)/test/labels/-E3-82-B9-E3-82-AF-E3-83-AA-E3-83-BC-E3-83-B3-E3-82-B7-E3-83-A7-E3-83-83-E3-83-88-202022-10-04-200-09-05_jpg.rf.ee192e7dc332f73c04fdc4ce90e2f58a.txt,178,63491d62e7b3d8224bebc19b3727c43d58539ec0efa1e040496f2d77cc4d8eed
VADD(minmaldataset)/test/labels/-E3-82-B9-E3-82-AF-E3-83-AA-E3-83-BC-E3-83-B3-E3-82-B7-E3-83-A7-E3-83-83-E3-83-88-202022-10-04-200-10-22_jpg.rf.da5f9ecf3bcdc3d86f854f64aab98046.txt,79,3fd21c1d4b5a8d6a3b28213ff710e258434179312c66ea6ca7a33a04187aa544
VADD(minmaldataset)/test/labels/-E3-82-B9-E3-82-AF-E3-83-AA-E3-83-BC-E3-83-B3-E3-82-B7-E3-83-A7-E3-83-83-E3-83-88-202022-10-04-200-10-43_jpg.rf.e38ebb5974d0f752644dc371d03a969f.txt,82,7d579bab81fdc440659b1da3018aa6305cc2b451d99f1eade28efbf7847f6377
VADD(minmaldataset)/test/labels/-E3-82-B9-E3-82-AF-E3-83-AA-E3-83-BC-E3-83-B3-E3-82-B7-E3-83-A7-E3-83-83-E3-83-88-202022-10-04-200-15-24_jpg.rf.ccf38ec6ae9a5bc1cde1a4f6b14d779a.txt,60,4f6b806f0b726ce75329c483262778d3959badfe351c24e30c0cd4d3de1fd5a0
VADD(minmaldataset)/test/labels/-E3-82-B9-E3-82-AF-E3-83-AA-E3-83-BC-E3-83-B3-E3-82-B7-E3-83-A7-E3-83-83-E3-83-88-202022-10-04-200-15-32_jpg.rf.510f0bd8306859a5951ca494807cfe58.txt,159,57736d319fe143d96d9b7bb3134ea6be69296783682a0d8ba6c6ec698df629d7
VADD(minmaldataset)/test/labels/-E3-82-B9-E3-82-AF-E3-83-AA-E3-83-BC-E3-83-B3-E3-82-B7-E3-83-A7-E3-83-83-E3-83-88-202022-10-04-200-16-19_jpg.rf.96418c949f895f96f56f3711d92a6bdc.txt,79,3ea9c4d9a46aff1e97c84070dd30d3c1f71db69c38f8c92aacaf563bcfbe6205
VADD(minmaldataset)/test/labels/-E3-82-B9-E3-82-AF-E3-83-AA-E3-83-BC-E3-83-B3-E3-82-B7-E3-83-A7-E3-83-83-E3-83-88-202022-10-04-200-16-29_jpg.rf.2946126db8450c8b4e297d5f06c92c60.txt,35,a925e2255ba2743d182f25eeae92c30959a851f8235d0088a98b7ddf5483de8f
VADD(minmaldataset)/test/labels/-E3-82-B9-E3-82-AF-E3-83-AA-E3-83-BC-E3-83-B3-E3-82-B7-E3-83-A7-E3-83-83-E3-83-88-202022-10-04-200-17-57_jpg.rf.637554a31df630ce267e4d666be144df.txt,46,0339b0e95c3c568bbb588cb5f7edf09fb84576ff7845d91f9fbe4b81470e540c
VADD(minmaldataset)/test/labels/-E3-82-B9-E3-82-AF-E3-83-AA-E3-83-BC-E3-83-B3-E3-82-B7-E3-83-A7-E3-83-83-E3-83-88-202022-10-04-200-19-12_jpg.rf.20b4118169da4d851af7f3ceffe13d73.txt,80,2808fb1a247a2518fb26bd40a2bac51a8c7aeed397badb62e0899e4e90073bd1
VADD(minmaldataset)/test/labels/-E3-82-B9-E3-82-AF-E3-83-AA-E3-83-BC-E3-83-B3-E3-82-B7-E3-83-A7-E3-83-83-E3-83-88-202022-10-04-200-24-29_jpg.rf.ff366bc09af2aa6734b797e4a06c8fc3.txt,82,5bb12c4bd2e0aca5a8837ca4ec142fabb8bc17233fc8c8059d201585e75e7c7a
VADD(minmaldataset)/test/labels/-E3-82-B9-E3-82-AF-E3-83-AA-E3-83-BC-E3-83-B3-E3-82-B7-E3-83-A7-E3-83-83-E3-83-88-202022-10-04-200-31-18_jpg.rf.48f4e6f94e2f66de84cac9308a85d09a.txt,149,6cb621399b2e9dad8548f6e20509040e5028916dfbd8463464b74ac392796d77
VADD(minmaldataset)/test/labels/-E3-82-B9-E3-82-AF-E3-83-AA-E3-83-BC-E3-83-B3-E3-82-B7-E3-83-A7-E3-83-83-E3-83-88-202022-10-04-200-32-22_jpg.rf.ba5e9bc2ca20bd56f1853e8530b649b9.txt,68,3c7e0dece383df8f1d6478a1f91663cc0d9bb532790da08d40e556e4b0702916
VADD(minmaldataset)/test/labels/-E3-82-B9-E3-82-AF-E3-83-AA-E3-83-BC-E3-83-B3-E3-82-B7-E3-83-A7-E3-83-83-E3-83-88-202022-10-04-200-34-25_jpg.rf.d428184d1d4ee065e8f581101f6ee05a.txt,46,52bc90645b389167f2ca7cf0a7d74acbb9004e14621444a02c74d4ca66f14557
VADD(minmaldataset)/test/labels/-E3-82-B9-E3-82-AF-E3-83-AA-E3-83-BC-E3-83-B3-E3-82-B7-E3-83-A7-E3-83-83-E3-83-88-202022-10-04-200-51-21_jpg.rf.be4722abfaac9639f5fa287f4501cfe4.txt,56,9ccc4f7c050575bcb01f27b2885e5b40e45b93b92b23becd99da15ff0eb60ba0
VADD(minmaldataset)/test/labels/-E3-82-B9-E3-82-AF-E3-83-AA-E3-83-BC-E3-83-B3-E3-82-B7-E3-83-A7-E3-83-83-E3-83-88-202022-10-04-200-54-31_jpg.rf.37277abe0c5abc5fd4282d4c5c937a18.txt,35,34f4791b7fed559a3fd76c552f8077f4f557b904b66dab8825f24fd6c0827859
VADD(minmaldataset)/test/labels/-E3-82-B9-E3-82-AF-E3-83-AA-E3-83-BC-E3-83-B3-E3-82-B7-E3-83-A7-E3-83-83-E3-83-88-202022-10-04-200-55-29_jpg.rf.b9dc214ce9ed77bd69a7b2b9e2808769.txt,38,c1f73faec82df6d1550f22fa6463442ccb879195643e57e56a01d4cc1c5125ed
VADD(minmaldataset)/test/labels/-E3-82-B9-E3-82-AF-E3-83-AA-E3-83-BC-E3-83-B3-E3-82-B7-E3-83-A7-E3-83-83-E3-83-88-202022-10-04-201-11-42_jpg.rf.cd477e4ffc97c4c218c165f30a81bfd2.txt,39,4693d62d175665a939f4887d8cfb1097a93c489801a22bd719aa84bffd980437
VADD(minmaldataset)/test/labels/-E3-82-B9-E3-82-AF-E3-83-AA-E3-83-BC-E3-83-B3-E3-82-B7-E3-83-A7-E3-83-83-E3-83-88-202022-10-04-201-12-15_jpg.rf.9d41105a948e471504eeed146a4e3adc.txt,57,b4d0935c91ba067c7d49a0aa4348dcb34b9b8d88b8f7ba581a937bd0a45bcc2a
VADD(minmaldataset)/test/labels/-E3-82-B9-E3-82-AF-E3-83-AA-E3-83-BC-E3-83-B3-E3-82-B7-E3-83-A7-E3-83-83-E3-83-88-202022-10-04-201-17-59_jpg.rf.fb19cbda64d27bc2a38812139b6ff47a.txt,41,231a24ea57b8cc25cc48cc096ed8b41cc492a121e1379f75420f6534852ae3ff
VADD(minmaldataset)/test/labels/-E3-82-B9-E3-82-AF-E3-83-AA-E3-83-BC-E3-83-B3-E3-82-B7-E3-83-A7-E3-83-83-E3-83-88-202022-10-04-201-25-01_jpg.rf.449f6d9529853e15eacc0f47630ea144.txt,162,df539e257b4e280a8b284958480ef40db28d4da72df2238d5b69ac226b6a7a8d
VADD(minmaldataset)/test/labels/-E3-82-B9-E3-82-AF-E3-83-AA-E3-83-BC-E3-83-B3-E3-82-B7-E3-83-A7-E3-83-83-E3-83-88-202022-10-04-201-25-57_jpg.rf.0249905831c5b5caffa149f183f41b14.txt,81,5b8d4512775048285adccba1733b278945c5ef47cb88ad048c7b6c6e0db67a1d
VADD(minmaldataset)/test/labels/-E3-82-B9-E3-82-AF-E3-83-AA-E3-83-BC-E3-83-B3-E3-82-B7-E3-83-A7-E3-83-83-E3-83-88-202022-10-04-201-26-10_jpg.rf.a3e1e1d5b2c3f14a946d2ac16b1f605b.txt,79,8d32e685ccfb5a16e29957e06e1560cebbe929a8337b729e9caa7f36418c3dc6
VADD(minmaldataset)/test/labels/-E3-82-B9-E3-82-AF-E3-83-AA-E3-83-BC-E3-83-B3-E3-82-B7-E3-83-A7-E3-83-83-E3-83-88-202022-10-04-2023-34-18_jpg.rf.8c19497f33c0f7df9ca7e9da5830220a.txt,42,ed98e79f6e04771d64d7bd122155c0bfe42d86db89c459d2a5817e803b7d7511
VADD(minmaldataset)/test/labels/-E3-82-B9-E3-82-AF-E3-83-AA-E3-83-BC-E3-83-B3-E3-82-B7-E3-83-A7-E3-83-83-E3-83-88-202022-10-04-2023-37-37_jpg.rf.b489875343ead2ce3f40254136b9ce78.txt,80,4df6a35baff9a50d83a0ec814e78512392b663264bae20c7744d63e83a2079a8
VADD(minmaldataset)/test/labels/-E3-82-B9-E3-82-AF-E3-83-AA-E3-83-BC-E3-83-B3-E3-82-B7-E3-83-A7-E3-83-83-E3-83-88-202022-10-04-2023-45-12_jpg.rf.c16a6506ae8596f795b327dd481efa1e.txt,54,0ae4cb573cbee6a4152ce072e830dc421aa03310ad9e76611c88b82c74eaf975
VADD(minmaldataset)/test/labels/-E3-82-B9-E3-82-AF-E3-83-AA-E3-83-BC-E3-83-B3-E3-82-B7-E3-83-A7-E3-83-83-E3-83-88-202022-10-04-2023-47-19_jpg.rf.367bb8650626a241ce942be5551f10df.txt,81,9c358e0ebb7abd74950f79c14489263f359341c2308f6edbd999835d7935a7b8
VADD(minmaldataset)/test/labels/-E3-82-B9-E3-82-AF-E3-83-AA-E3-83-BC-E3-83-B3-E3-82-B7-E3-83-A7-E3-83-83-E3-83-88-202022-10-04-2023-47-38_jpg.rf.dbb383a1c592825eb61bc1a4d036b9ad.txt,60,34e8fcf1157362fbc17565d93d81ea082e3e4207efd965d47db278ed94e15e28
VADD(minmaldataset)/test/labels/-E3-82-B9-E3-82-AF-E3-83-AA-E3-83-BC-E3-83-B3-E3-82-B7-E3-83-A7-E3-83-83-E3-83-88-202022-10-04-2023-48-40_jpg.rf.01764d19cad12758e422ea437f44ab1a.txt,126,e4b1f8b85252280ed624e171bd3b0e8c93f727da994d42137f5f005b83d8a229
VADD(minmaldataset)/test/labels/-E3-82-B9-E3-82-AF-E3-83-AA-E3-83-BC-E3-83-B3-E3-82-B7-E3-83-A7-E3-83-83-E3-83-88-202022-10-04-2023-51-57_jpg.rf.bcac1d795a682aaf001900deb92775e1.txt,149,164d2f477fe704fcc9b998b87de12646e136667bc25d19f571850cf8b8354e02
VADD(minmaldataset)/test/labels/-E3-82-B9-E3-82-AF-E3-83-AA-E3-83-BC-E3-83-B3-E3-82-B7-E3-83-A7-E3-83-83-E3-83-88-202022-10-04-2023-55-43_jpg.rf.d3768f0dff4789d90b64d47f4eae4394.txt,42,500508da3620bbb518e5323affa96d089bd6f1b408747923d00b7ba7a906f2c2
VADD(minmaldataset)/test/labels/-E3-82-B9-E3-82-AF-E3-83-AA-E3-83-BC-E3-83-B3-E3-82-B7-E3-83-A7-E3-83-83-E3-83-88-202022-10-04-2023-57-17_jpg.rf.6e504641c8c220eb2cc3f8f8ce6abd0f.txt,40,e379a2c840892574993e9022325bb182164c143c8336666ba90bb446dfb118bf
VADD(minmaldataset)/test/labels/-E3-82-B9-E3-82-AF-E3-83-AA-E3-83-BC-E3-83-B3-E3-82-B7-E3-83-A7-E3-83-83-E3-83-88-202022-10-04-2023-57-17_jpg.rf.f92c4ebdd29e06018fe0b1e79d85e862.txt,71,3fae33dabb45076793793f99fdaf335e54f9467f061944d55b0094306cd5dec2
VADD(minmaldataset)/test/labels/-E3-82-B9-E3-82-AF-E3-83-AA-E3-83-BC-E3-83-B3-E3-82-B7-E3-83-A7-E3-83-83-E3-83-88-202022-10-04-2023-59-15_jpg.rf.b593de545740a305ca0ccdfd3f7bc32c.txt,78,82963f934f21121a2ae08fdfbe2ce4a709fd36bf32b069ec5760304231da4626
VADD(minmaldataset)/test/labels/-E3-82-B9-E3-82-AF-E3-83-AA-E3-83-BC-E3-83-B3-E3-82-B7-E3-83-A7-E3-83-83-E3-83-88-202022-10-04-2023-59-27_jpg.rf.eb91f821fe6f0b1446d305e87c004849.txt,41,63fea8c5ba7e59c26e77fe09e0018576c77f33f56c72038fb6181bf70f27fb7a
VADD(minmaldataset)/test/labels/-E3-82-B9-E3-82-AF-E3-83-AA-E3-83-BC-E3-83-B3-E3-82-B7-E3-83-A7-E3-83-83-E3-83-88-202022-10-05-200-01-00_jpg.rf.378bb3fe66b43f92ce4f3a0875ec7af3.txt,38,408b8c020e668863796855ddecfe7b2ac19555f8f6c8e0cc432c5407de6c1b5b
VADD(minmaldataset)/test/labels/-E3-82-B9-E3-82-AF-E3-83-AA-E3-83-BC-E3-83-B3-E3-82-B7-E3-83-A7-E3-83-83-E3-83-88-202022-10-05-200-10-57_jpg.rf.537dd9611bd491caf9753263555d29fb.txt,45,059f101927dca44880980bf0dd1a709a6ca0faf7fdc78bedea2bac9ca56abe14
VADD(minmaldataset)/test/labels/-E3-82-B9-E3-82-AF-E3-83-AA-E3-83-BC-E3-83-B3-E3-82-B7-E3-83-A7-E3-83-83-E3-83-88-202022-10-05-200-13-15_jpg.rf.b985c87e471ec7a5d0063f8dec270fc5.txt,69,cd62557aec00dca9e0111dc8503b2cb8588845ccde0260e8fe85eff3d5e6ac76
VADD(minmaldataset)/test/labels/-E3-82-B9-E3-82-AF-E3-83-AA-E3-83-BC-E3-83-B3-E3-82-B7-E3-83-A7-E3-83-83-E3-83-88-202022-10-05-200-23-01_jpg.rf.4c4d66693ffdbb5aee8056ffe0963352.txt,148,c3d9ccb677d264799c85f0dc0878f78219b043f5fb833bf443d6d840e4a0e54f
VADD(minmaldataset)/test/labels/-E3-82-B9-E3-82-AF-E3-83-AA-E3-83-BC-E3-83-B3-E3-82-B7-E3-83-A7-E3-83-83-E3-83-88-202022-10-05-200-24-54_jpg.rf.b5311b083ab01ff40d6224c1bf3cc14b.txt,83,d8d626f6fdd2b3be533d2a216a2d6a642a4f0b41d16cbf4ad7ffd7ee74f5e1bc
VADD(minmaldataset)/test/labels/-E3-82-B9-E3-82-AF-E3-83-AA-E3-83-BC-E3-83-B3-E3-82-B7-E3-83-A7-E3-83-83-E3-83-88-202022-10-05-201-06-01_jpg.rf.1a87d484b35eb6c7b42bc5fdef8de401.txt,206,a51ac26444454e43c92500b7dbf23d176278cd25c7162731f2a6206f6fd72345
VADD(minmaldataset)/test/labels/-E3-82-B9-E3-82-AF-E3-83-AA-E3-83-BC-E3-83-B3-E3-82-B7-E3-83-A7-E3-83-83-E3-83-88-202022-10-05-201-09-27_jpg.rf.c17d5aa0e021f0c5292a6ec54f328962.txt,80,a17e3ad2b642f5f50926ba14bdac575190215993a9c3f18e5c1d1a776d36eb9e
VADD(minmaldataset)/test/labels/-E3-82-B9-E3-82-AF-E3-83-AA-E3-83-BC-E3-83-B3-E3-82-B7-E3-83-A7-E3-83-83-E3-83-88-202022-10-05-201-09-44_jpg.rf.4ed6241b7f0f155c1b8a98ae256240be.txt,119,70b5c28979d84e0d67797a38aabb8f994c94aebf9679dd0e4d599cb070f62716
VADD(minmaldataset)/test/labels/-E3-82-B9-E3-82-AF-E3-83-AA-E3-83-BC-E3-83-B3-E3-82-B7-E3-83-A7-E3-83-83-E3-83-88-202022-10-05-201-10-18_jpg.rf.987ca1544642033a8cff228ecc42b6ad.txt,39,7f7b6c57dc1e950e6faac68e08beaa817354246e15cb17bada43a00f054e9ca8
VADD(minmaldataset)/test/labels/-E3-82-B9-E3-82-AF-E3-83-AA-E3-83-BC-E3-83-B3-E3-82-B7-E3-83-A7-E3-83-83-E3-83-88-202022-10-05-201-11-24_jpg.rf.8e60613af1f5462dfc45647aff4e026a.txt,39,f52423e6ffdb54d284dce43c642133ecd9d364656c0ef06fb9df5a277d53f0f6
VADD(minmaldataset)/test/labels/-E3-82-B9-E3-82-AF-E3-83-AA-E3-83-BC-E3-83-B3-E3-82-B7-E3-83-A7-E3-83-83-E3-83-88-202022-10-05-201-15-01_jpg.rf.1aed161342c04877f26757f3de113f8d.txt,59,436f20af03635c4a79465a19da63e1848fad3def22abb98f6e8ac2554c4da9c2
VADD(minmaldataset)/test/labels/-E3-82-B9-E3-82-AF-E3-83-AA-E3-83-BC-E3-83-B3-E3-82-B7-E3-83-A7-E3-83-83-E3-83-88-202022-10-05-201-15-43_jpg.rf.6a83f8fd09cea4be47eb9b0ce7ca54c9.txt,60,199ac27ca61f847540ab906becc1a18a089928a91239f52c7854e74371b93673
VADD(minmaldataset)/test/labels/-E3-82-B9-E3-82-AF-E3-83-AA-E3-83-BC-E3-83-B3-E3-82-B7-E3-83-A7-E3-83-83-E3-83-88-202022-10-05-201-16-46_jpg.rf.72e2788736c75e980f0b2f06999fdc6a.txt,41,fd54c8d19ac7911e228d9ade4182d974063a2c8afa6281f4232b76a3633cd2de
VADD(minmaldataset)/test/labels/-E3-82-B9-E3-82-AF-E3-83-AA-E3-83-BC-E3-83-B3-E3-82-B7-E3-83-A7-E3-83-83-E3-83-88-202022-10-05-201-17-03_jpg.rf.368481c012eabd6bd182e4d7f00d3a4c.txt,60,a4a8e9c6364fc716775af691dd52d641c8087ef2711326abb8e02ab0c2da2087
VADD(minmaldataset)/test/labels/-E3-82-B9-E3-82-AF-E3-83-AA-E3-83-BC-E3-83-B3-E3-82-B7-E3-83-A7-E3-83-83-E3-83-88-202022-10-05-201-18-07_jpg.rf.d8e347e881ce1592eef06f2936712ef8.txt,60,6f86aca68a55a494aeaaa55c2baabf1264e93247a1063a4dff1d60e79f32fbf7
VADD(minmaldataset)/test/labels/-E3-82-B9-E3-82-AF-E3-83-AA-E3-83-BC-E3-83-B3-E3-82-B7-E3-83-A7-E3-83-83-E3-83-88-202022-10-05-201-19-37_jpg.rf.20667391d4531624daa359758bb89616.txt,38,3ada9487d7ab0202ccff4fac10ff0602e1229384ac59be5265f22e04372bb8b9
VADD(minmaldataset)/test/labels/-E3-82-B9-E3-82-AF-E3-83-AA-E3-83-BC-E3-83-B3-E3-82-B7-E3-83-A7-E3-83-83-E3-83-88-202022-10-05-201-19-37_jpg.rf.2545f4acceb899c4d371d3bb7b5654d2.txt,59,02b3eda95c190b5bdef0e97a324b07bbb0df98fd6f0e289f447ed276e2600527
VADD(minmaldataset)/test/labels/-E3-82-B9-E3-82-AF-E3-83-AA-E3-83-BC-E3-83-B3-E3-82-B7-E3-83-A7-E3-83-83-E3-83-88-202022-10-05-201-19-37_jpg.rf.b432496bae1513ee13a67fe3645bcdbd.txt,80,8bb140086ea39d902f70d9e464167887e0ed6d7e0b4ff48efa16b37c7233e7f4
VADD(minmaldataset)/test/labels/-E3-82-B9-E3-82-AF-E3-83-AA-E3-83-BC-E3-83-B3-E3-82-B7-E3-83-A7-E3-83-83-E3-83-88-202022-10-05-201-20-08_jpg.rf.20fc3c9ed5bfb9cb1e66aa256e27d3f9.txt,149,34e15ab57fb3d1c0fed00b6abc14546efd160ef607cca533a1875660c9987b45
VADD(minmaldataset)/test/labels/-E3-82-B9-E3-82-AF-E3-83-AA-E3-83-BC-E3-83-B3-E3-82-B7-E3-83-A7-E3-83-83-E3-83-88-202022-10-05-201-30-29_jpg.rf.5eebadabf598a88d71e439ada7015efe.txt,80,1043f966ddbf036981080da48df319431aa04bc4c518eecc89f45deb35ac1a1c
VADD(minmaldataset)/test/labels/-E3-82-B9-E3-82-AF-E3-83-AA-E3-83-BC-E3-83-B3-E3-82-B7-E3-83-A7-E3-83-83-E3-83-88-202022-10-05-201-30-49_jpg.rf.a8e1f0b3bcfc730040b8158f22afe609.txt,39,0c79de99e93d3705f7d83dc51daadd892dbd3f88fbb9d987fa9417d8027a3e52
VADD(minmaldataset)/test/labels/-E3-82-B9-E3-82-AF-E3-83-AA-E3-83-BC-E3-83-B3-E3-82-B7-E3-83-A7-E3-83-83-E3-83-88-202022-10-05-201-33-33_jpg.rf.f770c02fd4bbfc87c6bf58db04abbff1.txt,67,e7571981fb48207343fb12159550e422d06726fb0f3790f66068a199c597bc83
VADD(minmaldataset)/test/labels/-E3-82-B9-E3-82-AF-E3-83-AA-E3-83-BC-E3-83-B3-E3-82-B7-E3-83-A7-E3-83-83-E3-83-88-202022-10-05-201-42-47_jpg.rf.2c5d9b5242781605872401831220eade.txt,42,d1db5b1e475f7a98311632f6d1128a4ccf55e44e375381c51a6ea63e9a9ad1c2
VADD(minmaldataset)/test/labels/-E3-82-B9-E3-82-AF-E3-83-AA-E3-83-BC-E3-83-B3-E3-82-B7-E3-83-A7-E3-83-83-E3-83-88-202022-10-06-207-25-06_jpg.rf.d21c9650f7688dc595f6ec2ad6c68e3d.txt,58,addfb79da6f2f767f246a9eba0b092acefb2f645ba38ac7cd75f6e98ac80dcee
VADD(minmaldataset)/test/labels/-E3-82-B9-E3-82-AF-E3-83-AA-E3-83-BC-E3-83-B3-E3-82-B7-E3-83-A7-E3-83-83-E3-83-88-202022-10-06-207-25-47_jpg.rf.e660f8fd3c1b95d5185177b3f608cd15.txt,60,670f8b92200aa09a3efc5220f0f612d7d569ba902c309c32522d08423606c384
VADD(minmaldataset)/test/labels/-E3-82-B9-E3-82-AF-E3-83-AA-E3-83-BC-E3-83-B3-E3-82-B7-E3-83-A7-E3-83-83-E3-83-88-202022-10-06-207-37-22_jpg.rf.3f9f117c880b67e25c273846386e9e66.txt,84,01d5eb559ed6f1cd5a344d14eca66bb3180c17a78fef80a7cdda3e0f113f2b28
VADD(minmaldataset)/test/labels/-E3-82-B9-E3-82-AF-E3-83-AA-E3-83-BC-E3-83-B3-E3-82-B7-E3-83-A7-E3-83-83-E3-83-88-202022-10-06-207-37-45_jpg.rf.767b59a376da9dc91a956760ce268c36.txt,65,63751b4542b13701365483bdd3ad92f51a3f72724078dbb46592cb73938dc033
VADD(minmaldataset)/test/labels/-E3-82-B9-E3-82-AF-E3-83-AA-E3-83-BC-E3-83-B3-E3-82-B7-E3-83-A7-E3-83-83-E3-83-88-202022-10-06-207-39-07_jpg.rf.437c378de9441a778ad787f07d6949d0.txt,60,f072daec2e7691d06426409239527573e1de81f604c5a9043ad2a83fd18bf63f
VADD(minmaldataset)/test/labels/-E3-82-B9-E3-82-AF-E3-83-AA-E3-83-BC-E3-83-B3-E3-82-B7-E3-83-A7-E3-83-83-E3-83-88-202022-10-06-207-42-47_jpg.rf.92e2bb2100111e198dfce09618a4aa58.txt,42,d0af57f8078405e903da47086adc919f6edc7a157fc9793542284a6341770abe
VADD(minmaldataset)/test/labels/-E3-82-B9-E3-82-AF-E3-83-AA-E3-83-BC-E3-83-B3-E3-82-B7-E3-83-A7-E3-83-83-E3-83-88-202022-10-06-207-43-51_jpg.rf.92deaaa1348d27e9c6a9d5507e71fd24.txt,66,67388ad248fee2262d6cd109332d71fd4403e58150a3d0f36aa7b0e355b503db
VADD(minmaldataset)/test/labels/-E3-82-B9-E3-82-AF-E3-83-AA-E3-83-BC-E3-83-B3-E3-82-B7-E3-83-A7-E3-83-83-E3-83-88-202022-10-06-207-44-01_jpg.rf.541692402dfe29d860a67cddd46718bd.txt,59,987e4aee7509df511c8525b291a75f914480321c9ea6a737b2c8897ae7d264d1
VADD(minmaldataset)/test/labels/-E3-82-B9-E3-82-AF-E3-83-AA-E3-83-BC-E3-83-B3-E3-82-B7-E3-83-A7-E3-83-83-E3-83-88-202022-10-06-207-45-22_jpg.rf.3e8c8c30b032a21cb9ee17e0f4fd866b.txt,67,866aad7ec7add78385783b74ba422b1d09e540772310da31278a675c47cb21d2
VADD(minmaldataset)/test/labels/-E3-82-B9-E3-82-AF-E3-83-AA-E3-83-BC-E3-83-B3-E3-82-B7-E3-83-A7-E3-83-83-E3-83-88-202022-10-06-207-46-10_jpg.rf.b5d4430da003ae6170fbe8b9be2f1a49.txt,41,ceff56f181fbb99d5c421ad297630b5c2b73a5758339a440387a92f11a5d074a
VADD(minmaldataset)/test/labels/-E3-82-B9-E3-82-AF-E3-83-AA-E3-83-BC-E3-83-B3-E3-82-B7-E3-83-A7-E3-83-83-E3-83-88-202022-10-06-207-46-49_jpg.rf.262f86992e21e87607e2f3a55d2dc5ff.txt,68,6bcf377c137d78863f81343fe4d2842d2510612b1d8f2c5e3928c95f4c217f96
VADD(minmaldataset)/test/labels/-E3-82-B9-E3-82-AF-E3-83-AA-E3-83-BC-E3-83-B3-E3-82-B7-E3-83-A7-E3-83-83-E3-83-88-202022-10-06-207-47-00_jpg.rf.2fccac9b0dad1d04c905a617a2b98f58.txt,55,5ad3e26d7ce6984ddc6f4c385e1ed10d32a0465634b79abdf5ef64f4a4024202
VADD(minmaldataset)/test/labels/-E3-82-B9-E3-82-AF-E3-83-AA-E3-83-BC-E3-83-B3-E3-82-B7-E3-83-A7-E3-83-83-E3-83-88-202022-10-10-200-23-41_jpg.rf.f7487ec9817496140b456f866325bfbb.txt,79,ef8d6351c69484429087459b3c4f92980ba67d89ed92779d8d2e3ee124c7c369
VADD(minmaldataset)/test/labels/-E3-82-B9-E3-82-AF-E3-83-AA-E3-83-BC-E3-83-B3-E3-82-B7-E3-83-A7-E3-83-83-E3-83-88-202022-10-11-2017-30-23_jpg.rf.56ef762378e3f45ee30cd34e64cce6cd.txt,79,5870e7e912f2d7dbb47991b7e07210c2f0e88433b75bd55d42e072167b3b2cbf
VADD(minmaldataset)/test/labels/-E3-82-B9-E3-82-AF-E3-83-AA-E3-83-BC-E3-83-B3-E3-82-B7-E3-83-A7-E3-83-83-E3-83-88-202022-10-11-2017-31-57_jpg.rf.57571c1079409a8a737fabcea42243ad.txt,38,b5dbad6dfad7364d1d2cf641aa0fe207460f5ec1249ccf8c5a81f02236eb669b
VADD(minmaldataset)/test/labels/-E3-82-B9-E3-82-AF-E3-83-AA-E3-83-BC-E3-83-B3-E3-82-B7-E3-83-A7-E3-83-83-E3-83-88-202022-10-11-2017-49-00_jpg.rf.cecd0618269c95de57d5471af2fb95ac.txt,80,4c12efb07eef057cfb19f48d153527d2f69f12741959693731f5638700c88acf
VADD(minmaldataset)/test/labels/-E3-82-B9-E3-82-AF-E3-83-AA-E3-83-BC-E3-83-B3-E3-82-B7-E3-83-A7-E3-83-83-E3-83-88-202022-10-12-2010-14-05_jpg.rf.d8704f53c37efb21bd55c82f9803ed55.txt,80,0501da5ee11c450cd0de0acbf7fe97a0557422a08c9df112869717af081f584b
VADD(minmaldataset)/test/labels/-E3-82-B9-E3-82-AF-E3-83-AA-E3-83-BC-E3-83-B3-E3-82-B7-E3-83-A7-E3-83-83-E3-83-88-202022-10-12-2010-19-00_jpg.rf.f5abfec350b67434b04d7e915334a5fc.txt,67,3aecf2ee79984622ac441d71664485dfa2c6112b1fcb0ef15bcbacfe02d8dec4
VADD(minmaldataset)/test/labels/-E3-82-B9-E3-82-AF-E3-83-AA-E3-83-BC-E3-83-B3-E3-82-B7-E3-83-A7-E3-83-83-E3-83-88-202022-10-12-2010-19-34_jpg.rf.cdc4f14d82939de87a361ebbb8759ca7.txt,67,838f2907a814494bacfd7724623b921602de2bfc90bd2a213db983215a596415
VADD(minmaldataset)/test/labels/-E3-82-B9-E3-82-AF-E3-83-AA-E3-83-BC-E3-83-B3-E3-82-B7-E3-83-A7-E3-83-83-E3-83-88-202022-10-12-2010-35-32_jpg.rf.af2d791e1d7400bace244b0adad3f343.txt,40,55a813faf01175b5ca666df6f40224e21b9fe3731794204978ad1095b5dec547
VADD(minmaldataset)/test/labels/-E3-82-B9-E3-82-AF-E3-83-AA-E3-83-BC-E3-83-B3-E3-82-B7-E3-83-A7-E3-83-83-E3-83-88-202022-10-12-2010-36-54_jpg.rf.3b755322996cb2377ba80ae90951df15.txt,79,87aa764c8071aa91e659b91270292226c000728d00090c4fbfa20b3e487126cb
VADD(minmaldataset)/test/labels/-E3-82-B9-E3-82-AF-E3-83-AA-E3-83-BC-E3-83-B3-E3-82-B7-E3-83-A7-E3-83-83-E3-83-88-202022-10-12-2010-55-53_jpg.rf.455e5c1e124d584fb42b38fbfe4cf6c7.txt,80,b4f3340239f1be5bc788085311f53fc4e55f95cb2f588d515eed2783198b9d1f
VADD(minmaldataset)/test/labels/-E3-82-B9-E3-82-AF-E3-83-AA-E3-83-BC-E3-83-B3-E3-82-B7-E3-83-A7-E3-83-83-E3-83-88-202022-10-12-2010-59-01_jpg.rf.59717b2e6be10548008369f4fc0b829d.txt,78,18e5b0f120ff480d8d127aa87213aadc567c65e75794a86827d1e67eb4217bf2
VADD(minmaldataset)/test/labels/-E3-82-B9-E3-82-AF-E3-83-AA-E3-83-BC-E3-83-B3-E3-82-B7-E3-83-A7-E3-83-83-E3-83-88-202022-10-12-2010-59-01_jpg.rf.74b89432f78fd7d59c11b51cc143b271.txt,39,2bfc453ca68effafd49a9c5b5b297b93d7ffae4994cf32e2dba963d5835d59b5
VADD(minmaldataset)/test/labels/-E3-82-B9-E3-82-AF-E3-83-AA-E3-83-BC-E3-83-B3-E3-82-B7-E3-83-A7-E3-83-83-E3-83-88-202022-10-12-2013-54-57_jpg.rf.5ebe5956dd78f7cbc7075e56ee177f44.txt,68,ec63b63bbae5191edd4081b3541326e91f5679cdcde3a1ca1d2f9e220cb89ad8
VADD(minmaldataset)/test/labels/-E3-82-B9-E3-82-AF-E3-83-AA-E3-83-BC-E3-83-B3-E3-82-B7-E3-83-A7-E3-83-83-E3-83-88-202022-10-12-2015-00-16_jpg.rf.15e0d3b27a310317375e289cef14d6ad.txt,81,eddee462ff5c007e719a0cdc7000e3b2cdbc1c590ecd572f491fa81c1f5ed890
VADD(minmaldataset)/test/labels/-E3-82-B9-E3-82-AF-E3-83-AA-E3-83-BC-E3-83-B3-E3-82-B7-E3-83-A7-E3-83-83-E3-83-88-202022-10-12-2015-19-50_jpg.rf.9f56168f00813176e3900928f7247cef.txt,80,001743e31ab18441ab30aef1024a1a7e0f7c1f1a285324fc2695ec4d2b88c027
VADD(minmaldataset)/test/labels/-E3-82-B9-E3-82-AF-E3-83-AA-E3-83-BC-E3-83-B3-E3-82-B7-E3-83-A7-E3-83-83-E3-83-88-202022-10-12-2015-20-11_jpg.rf.0daf9c9fc592f58cc932d4eaed094d2e.txt,37,37c7ad80e4ee00364b1f06c1f3f6f18a2ffce75cb9aef3e607a6a6c22a92f96f
VADD(minmaldataset)/test/labels/-E3-82-B9-E3-82-AF-E3-83-AA-E3-83-BC-E3-83-B3-E3-82-B7-E3-83-A7-E3-83-83-E3-83-88-202022-10-12-2015-21-58_jpg.rf.2c327a7411a9c7189dfabfd5072e14c0.txt,36,0c92011a0c4f67276b4f111105f7d56ecdaf3570ac1adad7a5a6e5b3d4a2cde5
VADD(minmaldataset)/test/labels/-E3-82-B9-E3-82-AF-E3-83-AA-E3-83-BC-E3-83-B3-E3-82-B7-E3-83-A7-E3-83-83-E3-83-88-202022-10-12-2015-33-48_jpg.rf.614d8d72c32359de95f5c444a7560db6.txt,78,2a8871b1590556cb3030e712fd8853684d9dde9ae1ed55843c07681a8eb795f5
VADD(minmaldataset)/test/labels/-E3-82-B9-E3-82-AF-E3-83-AA-E3-83-BC-E3-83-B3-E3-82-B7-E3-83-A7-E3-83-83-E3-83-88-202022-10-12-2015-42-52_jpg.rf.25fc566e0e435c563ce8e2c689080e9f.txt,39,f435696b41bb5570939cb4953009ba1246a32362bf9175792f760b7dc0b6a8bc
VADD(minmaldataset)/test/labels/-E3-82-B9-E3-82-AF-E3-83-AA-E3-83-BC-E3-83-B3-E3-82-B7-E3-83-A7-E3-83-83-E3-83-88-202022-10-12-2015-45-50_jpg.rf.afb7463dde297af7f386b799bb502456.txt,41,772f6694b5905efeea0f4e1af2ca059754f8d7618435c0bab939821c7ef5f222
VADD(minmaldataset)/test/labels/-E3-82-B9-E3-82-AF-E3-83-AA-E3-83-BC-E3-83-B3-E3-82-B7-E3-83-A7-E3-83-83-E3-83-88-202022-10-12-2015-53-17_jpg.rf.a9eac0454e29a20559473c8e731a932a.txt,39,ac891fe1fe0f88af8902844ead73613e43ab01b2a03a0375606fbdbfe1d6d4bf
VADD(minmaldataset)/test/labels/-E3-82-B9-E3-82-AF-E3-83-AA-E3-83-BC-E3-83-B3-E3-82-B7-E3-83-A7-E3-83-83-E3-83-88-202022-10-12-2016-14-15_jpg.rf.a00ecd510262429e24134dc9c964bf14.txt,81,565b87a6728374c2c1b0c2c4bec6bd6d94bddc6aa2f1d09ea451671d9a2345b1
VADD(minmaldataset)/test/labels/-E3-82-B9-E3-82-AF-E3-83-AA-E3-83-BC-E3-83-B3-E3-82-B7-E3-83-A7-E3-83-83-E3-83-88-202022-10-12-2016-24-08_jpg.rf.4a01e32c0aa8f25cbc71969f6582efb8.txt,37,631122870c7379fd228cef9b73905843e656c0f2d8853d4ad9927de7721d911d
VADD(minmaldataset)/test/labels/-E3-82-B9-E3-82-AF-E3-83-AA-E3-83-BC-E3-83-B3-E3-82-B7-E3-83-A7-E3-83-83-E3-83-88-202022-10-12-2016-38-58_jpg.rf.cf00a47bc72cbf5a80c1333827af28e7.txt,37,9ad5fc978f9359ac70cb34c2cb2854f69c5d2b7f00131d7b41a2fc1066a2b05a
VADD(minmaldataset)/test/labels/-E3-82-B9-E3-82-AF-E3-83-AA-E3-83-BC-E3-83-B3-E3-82-B7-E3-83-A7-E3-83-83-E3-83-88-202022-10-12-2016-39-37_jpg.rf.e99e6abc12c5e3dbd42b145c5c8323e6.txt,40,9221f4dda75fc7d413dd2a7d46473aedb3fe7a1c7b78f71c1f656ca5b3d2b0d7
VADD(minmaldataset)/test/labels/-E3-82-B9-E3-82-AF-E3-83-AA-E3-83-BC-E3-83-B3-E3-82-B7-E3-83-A7-E3-83-83-E3-83-88-202022-10-12-2016-43-12_jpg.rf.76cbaf456b2b25f0e8c0d4fd2a2dbc91.txt,40,2467a0d20bdc22e9e109b4276528b12c1d406387c5b2af7ec0693237d0a4e5f8
VADD(minmaldataset)/test/labels/-E3-82-B9-E3-82-AF-E3-83-AA-E3-83-BC-E3-83-B3-E3-82-B7-E3-83-A7-E3-83-83-E3-83-88-202022-10-12-2016-44-09_jpg.rf.9116f534c3bf3ffb9f5d825db5f72605.txt,79,4c2d097b5fd6b51838b5c95abfd9f8ae902e91c418aa6cdcd6d36057b39ee97c
VADD(minmaldataset)/test/labels/-E3-82-B9-E3-82-AF-E3-83-AA-E3-83-BC-E3-83-B3-E3-82-B7-E3-83-A7-E3-83-83-E3-83-88-202022-10-12-2016-53-06_jpg.rf.9cf40415dde87db0ebe9ef7d5d8f29a7.txt,79,3dfec883a853c45b830bffe7775599fbc7b50c7faf0229115ce775bad66d651a
VADD(minmaldataset)/test/labels/-E3-82-B9-E3-82-AF-E3-83-AA-E3-83-BC-E3-83-B3-E3-82-B7-E3-83-A7-E3-83-83-E3-83-88-202022-10-19-201-11-12_jpg.rf.5aaf2e72bef1eee267822886d7e969e3.txt,40,1e1ae393b43170ab4f115e0a5d3b392e0b0229c328f7c83604593550b829be15
VADD(minmaldataset)/test/labels/-E3-82-B9-E3-82-AF-E3-83-AA-E3-83-BC-E3-83-B3-E3-82-B7-E3-83-A7-E3-83-83-E3-83-88-202022-10-19-201-15-29_jpg.rf.a805241451b8d3ffd545eef99b01eb8e.txt,41,82ee057d1fbdd89ff5dbc91b9669349b9e5c9ceee7e315d347330cf471a1dd50
VADD(minmaldataset)/test/labels/-E3-82-B9-E3-82-AF-E3-83-AA-E3-83-BC-E3-83-B3-E3-82-B7-E3-83-A7-E3-83-83-E3-83-88-202022-10-19-2016-47-07_jpg.rf.bb476ba350d851e8042e26f618716e04.txt,40,7e66a56f251ab883ae2c3b936728af82d7cccab6370e3fe54d20b9c74810c998
VADD(minmaldataset)/test/labels/-E3-82-B9-E3-82-AF-E3-83-AA-E3-83-BC-E3-83-B3-E3-82-B7-E3-83-A7-E3-83-83-E3-83-88-202022-10-19-2017-26-14_jpg.rf.ef3ca05f5fdf69bb7902154a814193d4.txt,36,61fe216fda05b5256ff2541c2d0682b241d3c013a8dbb2ce588b24465f43a7b7
VADD(minmaldataset)/test/labels/-E3-82-B9-E3-82-AF-E3-83-AA-E3-83-BC-E3-83-B3-E3-82-B7-E3-83-A7-E3-83-83-E3-83-88-202022-10-19-2018-28-07_jpg.rf.49b2945a3a5c21128de48cb48bf0c543.txt,36,ed3cbda31df3893fa3117257b0dc633807156b806d6de37518c3078ca60196b3
VADD(minmaldataset)/test/labels/-E3-82-B9-E3-82-AF-E3-83-AA-E3-83-BC-E3-83-B3-E3-82-B7-E3-83-A7-E3-83-83-E3-83-88-202022-10-19-2018-29-47_jpg.rf.fbfeec4013919c02dc4265f5249e0c6c.txt,41,3725c66bbff77d5549bd2404c911185a4a81b64ab52b47b587726424d71dd5e8
VADD(minmaldataset)/test/labels/-E3-82-B9-E3-82-AF-E3-83-AA-E3-83-BC-E3-83-B3-E3-82-B7-E3-83-A7-E3-83-83-E3-83-88-202022-10-19-202-05-13_jpg.rf.f7b36613c0bb6532697fff58fac8e5a3.txt,37,35fd8c95be6008be1975f851e447a0c07f025eb24d388b67265873b130f6a65e
VADD(minmaldataset)/test/labels/-E3-82-B9-E3-82-AF-E3-83-AA-E3-83-BC-E3-83-B3-E3-82-B7-E3-83-A7-E3-83-83-E3-83-88-202022-10-19-202-22-37_jpg.rf.ad87632b68414b07f0873e316041f849.txt,38,7eb15b7317d803d19076c1c189673192981834eefdaf93cb4115e2f29b12a8bf
VADD(minmaldataset)/test/labels/-E3-82-B9-E3-82-AF-E3-83-AA-E3-83-BC-E3-83-B3-E3-82-B7-E3-83-A7-E3-83-83-E3-83-88-202022-10-19-202-30-28_jpg.rf.b2df71c27715410d2cb3468201158ec4.txt,42,3c5c6534c72d2b53acb3eec778f5f004e06e37fcfc7d9587c20e138dde25eb73
VADD(minmaldataset)/test/labels/-E3-82-B9-E3-82-AF-E3-83-AA-E3-83-BC-E3-83-B3-E3-82-B7-E3-83-A7-E3-83-83-E3-83-88-202022-10-19-2021-58-28_jpg.rf.2222659194deb50af421aeef5392d416.txt,39,e25deb1c6b13d3058e4e739860f8d2b8fd133ce4f7d855803472475c708bc36c
VADD(minmaldataset)/test/labels/-E3-82-B9-E3-82-AF-E3-83-AA-E3-83-BC-E3-83-B3-E3-82-B7-E3-83-A7-E3-83-83-E3-83-88-202022-10-19-2022-00-38_jpg.rf.ab5b34d928e4f6ebe2098ec7a13682b4.txt,42,1075dec9756aaf0c18c8916a6ad723905c389efb27f38a406412bb48d716400f
VADD(minmaldataset)/test/labels/-E3-82-B9-E3-82-AF-E3-83-AA-E3-83-BC-E3-83-B3-E3-82-B7-E3-83-A7-E3-83-83-E3-83-88-202022-10-19-2022-14-51_jpg.rf.ca69d5f377e8b51d4e21a2873b481c9b.txt,39,06066daeba910f13b2d6692bb165f9180a97081d9cbb23035b41422a1bff8036
VADD(minmaldataset)/test/labels/-E3-82-B9-E3-82-AF-E3-83-AA-E3-83-BC-E3-83-B3-E3-82-B7-E3-83-A7-E3-83-83-E3-83-88-202022-10-19-2022-33-46_jpg.rf.d7192d9b4a19f7e7dbad935fda5eed79.txt,40,9dda3a386d55cedbcaa3dd52c36fe5acfb1cafa9eeb0c3c204bb64409f42240a
VADD(minmaldataset)/test/labels/-E3-82-B9-E3-82-AF-E3-83-AA-E3-83-BC-E3-83-B3-E3-82-B7-E3-83-A7-E3-83-83-E3-83-88-202022-10-19-2022-34-17_jpg.rf.9e43b188c5fba37ef7544e0412ece306.txt,38,9b90dbcaf6740883b66d586439716b9990bf244a1d3e6b1d859033295eb47499
VADD(minmaldataset)/test/labels/-E3-82-B9-E3-82-AF-E3-83-AA-E3-83-BC-E3-83-B3-E3-82-B7-E3-83-A7-E3-83-83-E3-83-88-202022-12-04-201-05-32_jpg.rf.98e8b0afda67a0f2e073c4b8c2788bff.txt,36,418ce644ba255d0665037a405ca8c696e950bb379fe2c58c52c16dd617f19ba7
VADD(minmaldataset)/test/labels/-E3-82-B9-E3-82-AF-E3-83-AA-E3-83-BC-E3-83-B3-E3-82-B7-E3-83-A7-E3-83-83-E3-83-88-202022-12-04-202-23-45_jpg.rf.54dfe3854bbe92ff3940aa37583d4e43.txt,41,f9f8176c89cb96ee7cb2acb485ba380499eff239c07ca3bfd0f03eca0fd42685
VADD(minmaldataset)/test/labels/-E3-82-B9-E3-82-AF-E3-83-AA-E3-83-BC-E3-83-B3-E3-82-B7-E3-83-A7-E3-83-83-E3-83-88-202022-12-04-202-44-21_jpg.rf.9224e45a49e7c1aadf6394384dcd4db7.txt,42,9e0e1255c7792b007623be7cbe80cbeeb55478dbd65b445dc390d3cd892192dc
VADD(minmaldataset)/test/labels/-E3-82-B9-E3-82-AF-E3-83-AA-E3-83-BC-E3-83-B3-E3-82-B7-E3-83-A7-E3-83-83-E3-83-88-202022-12-04-2023-42-33_jpg.rf.1030af1c8a0f4f1d3f20ed2075cf175b.txt,34,f33a1ee6849744d00b07f77007357d85bd93cb132904d9b58b1f601421a7bd0f
VADD(minmaldataset)/test/labels/-E3-82-B9-E3-82-AF-E3-83-AA-E3-83-BC-E3-83-B3-E3-82-B7-E3-83-A7-E3-83-83-E3-83-88-202022-12-04-2023-45-00_jpg.rf.2a26ed9ca15a4c7a0f905294c47f4f8c.txt,36,3937cd87e2ca97dfb5444d8c56622bccee20dde6de5b8d0ca4ca463268d8f4ed
VADD(minmaldataset)/test/labels/-E3-82-B9-E3-82-AF-E3-83-AA-E3-83-BC-E3-83-B3-E3-82-B7-E3-83-A7-E3-83-83-E3-83-88-202022-12-04-2023-46-33_jpg.rf.0eb465da3fdff4f0ded8cbad9f26b333.txt,37,929a0adb04ece0b3ece9e895cc157a9dca4873359952ae97f2233039a01338d5
VADD(minmaldataset)/test/labels/-E3-82-B9-E3-82-AF-E3-83-AA-E3-83-BC-E3-83-B3-E3-82-B7-E3-83-A7-E3-83-83-E3-83-88-202022-12-04-2023-52-01_jpg.rf.2531118e6bec9ce13413f47d0b1baf39.txt,42,b68d33a2492b99a55a2451fb7faba4c137f6895c078183d0c6ac2459641ce094
VADD(minmaldataset)/test/labels/-E3-82-B9-E3-82-AF-E3-83-AA-E3-83-BC-E3-83-B3-E3-82-B7-E3-83-A7-E3-83-83-E3-83-88-202022-12-05-200-15-08_jpg.rf.ea42935c9878ff956e9d441520b6de37.txt,32,6b6c2b6d126c130ebdee87754b6959f5901348242c9c453723cea4a85752ced8
VADD(minmaldataset)/test/labels/-E3-82-B9-E3-82-AF-E3-83-AA-E3-83-BC-E3-83-B3-E3-82-B7-E3-83-A7-E3-83-83-E3-83-88-202022-12-05-200-29-03_jpg.rf.f0be614e73b9798685e7e992838d2c58.txt,38,53f68e74b3b213be3c4fccf422de6518347d971442836e34c34ac9063d77678c
VADD(minmaldataset)/test/labels/-E3-82-B9-E3-82-AF-E3-83-AA-E3-83-BC-E3-83-B3-E3-82-B7-E3-83-A7-E3-83-83-E3-83-88-202022-12-05-201-12-53_jpg.rf.e2988ef72076d1182073e6d0e34e9b33.txt,43,dbbf6b81b3232d0bf66f7e6da0b7a13099613a7af2e76dbfe597064ada959806
VADD(minmaldataset)/test/labels/-E3-82-B9-E3-82-AF-E3-83-AA-E3-83-BC-E3-83-B3-E3-82-B7-E3-83-A7-E3-83-83-E3-83-88-202022-12-05-201-46-50_jpg.rf.ff01bc6be9cb2781941684213ea3c68a.txt,43,e6bd42378f68de5177c0a4e2edc73ce53e5fd351227a16bebcde09496edc7cdf
VADD(minmaldataset)/test/labels/-E3-82-B9-E3-82-AF-E3-83-AA-E3-83-BC-E3-83-B3-E3-82-B7-E3-83-A7-E3-83-83-E3-83-88-202022-12-05-202-43-34_jpg.rf.6d008749c9daed6c30c741e23109c1a0.txt,41,20ade17cd706429404932d9ed15ef2eae2575ece4eb0b584961b38cc0dac958d
VADD(minmaldataset)/test/labels/-E3-82-B9-E3-82-AF-E3-83-AA-E3-83-BC-E3-83-B3-E3-82-B7-E3-83-A7-E3-83-83-E3-83-88-202022-12-05-202-50-03_jpg.rf.9e1237a75df641a7f415fe3800a853c6.txt,39,4158d5532ee5154ce69f74420dde165ecde2fee081c34067d490c3b123156dc1
VADD(minmaldataset)/test/labels/-E3-82-B9-E3-82-AF-E3-83-AA-E3-83-BC-E3-83-B3-E3-82-B7-E3-83-A7-E3-83-83-E3-83-88-202022-12-05-202-51-48_jpg.rf.3fae87697038e68f16bcdd9b7a190614.txt,41,87c684b40a96e3ad504cb52babdb9f50d104c88d314be774e8165296cf6d3557
VADD(minmaldataset)/test/labels/-E3-82-B9-E3-82-AF-E3-83-AA-E3-83-BC-E3-83-B3-E3-82-B7-E3-83-A7-E3-83-83-E3-83-88-202022-12-05-2022-33-40_jpg.rf.eb43d401ef7480266a7480b37db700cf.txt,42,a1c5b7d603209ac250b405ea233af9a1f57660b19d36eecec3c644a5ce4a3672
VADD(minmaldataset)/test/labels/-E3-82-B9-E3-82-AF-E3-83-AA-E3-83-BC-E3-83-B3-E3-82-B7-E3-83-A7-E3-83-83-E3-83-88-202022-12-05-2023-03-03_jpg.rf.12f5cd916ae540ae274f2dee94dd469c.txt,41,b5a5b562465f979c66c773ffec474eefd7331feb9297dc4a97f870b5175ed3c0
VADD(minmaldataset)/test/labels/-E3-82-B9-E3-82-AF-E3-83-AA-E3-83-BC-E3-83-B3-E3-82-B7-E3-83-A7-E3-83-83-E3-83-88-202022-12-05-2023-20-34_jpg.rf.f2a1cdfb7bb8d27426a222bca33b71a6.txt,40,c70b263540a962a8ea3eacc4002fdb22b73fbb20577701ab736eeaa50e9a0520
VADD(minmaldataset)/test/labels/-E3-82-B9-E3-82-AF-E3-83-AA-E3-83-BC-E3-83-B3-E3-82-B7-E3-83-A7-E3-83-83-E3-83-88-202022-12-05-203-10-57_jpg.rf.94956e1c02f0186cf2e79dfd44860e83.txt,37,cce2336992b66dddf9a7c786fd285caae9686c978a8790500e81c19107292c50
VADD(minmaldataset)/test/labels/-E3-82-B9-E3-82-AF-E3-83-AA-E3-83-BC-E3-83-B3-E3-82-B7-E3-83-A7-E3-83-83-E3-83-88-202022-12-05-203-16-39_jpg.rf.1152acc8b320a17175ce91031ec986a3.txt,38,2c55911105542e396e83db0a8815a5c9d52d501178e0123fe0a677b34eea8bb3
VADD(minmaldataset)/test/labels/-E3-82-B9-E3-82-AF-E3-83-AA-E3-83-BC-E3-83-B3-E3-82-B7-E3-83-A7-E3-83-83-E3-83-88-202022-12-05-203-17-36_jpg.rf.85ae4efd546520bc847634313f6e6270.txt,39,93ffd95ed7f7815022865a63b003145790c923635d02ec589b5d67cc088535a9
VADD(minmaldataset)/test/labels/-E3-82-B9-E3-82-AF-E3-83-AA-E3-83-BC-E3-83-B3-E3-82-B7-E3-83-A7-E3-83-83-E3-83-88-202022-12-05-203-40-23_jpg.rf.2cd3a9a627fc6d3222b5c45fe6869949.txt,40,df6c910f844b34958ba809f0cdceca653fb07576c0911807c3045e1e6befc2d0
VADD(minmaldataset)/test/labels/53_18703_jpg.rf.f5bb6f4a8e619c2635ee62c1842c2389.txt,147,f07bf5521cb48353429b8395d6def1f71097f02ef165556c8aff437faa5e1ef2
VADD(minmaldataset)/test/labels/53_18916_jpg.rf.666925ea02d3f5b29aa4adca1be74062.txt,129,c51e9cf371949bc672e36428d3a9ad03e46e0bd77736a0b8c59e4c842e79d7f4
VADD(minmaldataset)/test/labels/modena_tour_mp4-102_jpg.rf.d78671e7481bd5074bee331b8bb858d1.txt,63,56b45ef8496ec7e8c1eeaa06db57537accb8926948037ec725a279b36b2e828b
VADD(minmaldataset)/test/labels/modena_tour_mp4-1067_jpg.rf.9769344318634a21e25c26375b87c612.txt,64,fe291c37ae36af9389b39bf47f663c74ab9342d157024489e102dd55bb2426d7
VADD(minmaldataset)/test/labels/modena_tour_mp4-1102_jpg.rf.6edc2912235256f453676dd1ade425dc.txt,62,7aa7d66f8d3b269b9b2f394bfca1dd8124e394da4186427e8bcb6f181ce9e72c
VADD(minmaldataset)/test/labels/modena_tour_mp4-113_jpg.rf.75ebf5a3fff30dafe1635488830cb83e.txt,63,2a1f8969840d5d61d1a53291a609b341edbd64ad353b90d4ba72ca630d1f6ba6
VADD(minmaldataset)/test/labels/modena_tour_mp4-1160_jpg.rf.9574e943fc017ad101c9238c29dc107d.txt,60,e084d204af21b5dea70e718017760caade20626b6d671ef235edd950af45d4ef
VADD(minmaldataset)/test/labels/modena_tour_mp4-1161_jpg.rf.2d86a6196456ab57fbaf73a41c3147c2.txt,63,fd2c06b267646f6d438b1199942868dadec9490dd2b529acebf3c899dbba1a7b
VADD(minmaldataset)/test/labels/modena_tour_mp4-1177_jpg.rf.fcd1336f9199f14724e4cd21a74c88d2.txt,63,af98be77da0a3544b26cc9614ff7470a2e3a942b593c6988b8b51d2881520087
VADD(minmaldataset)/test/labels/modena_tour_mp4-1216_jpg.rf.cfea035daedb54a3f00380b96204360d.txt,63,aca40eae663f57f05bb902196bd8745f6d2476f49dac98cdeca8f92758c0d4a5
VADD(minmaldataset)/test/labels/modena_tour_mp4-1227_jpg.rf.063431dc518cb4c983c6f5cd62de0bec.txt,161,62d9c1ee494feb09a4d826b5c6bac782b64c1093b4198fdd4b13653a139cbbec
VADD(minmaldataset)/test/labels/modena_tour_mp4-1289_jpg.rf.24cd1c7f7fa959e780f8e88533ea6aad.txt,182,fa0b4568cb2511c95f60d682762eb51d840cdb3795fc6af37eceb6a71c006f4b
VADD(minmaldataset)/test/labels/modena_tour_mp4-1326_jpg.rf.1250aa5c4f1fff2a09a0f357b3225a74.txt,122,65bc623c55579e2549a9bfd4309bcf180eb195069edd9af68cddac362d2681d6
VADD(minmaldataset)/test/labels/modena_tour_mp4-1369_jpg.rf.9ca383a47c3bfa5d6822f27554f59dbf.txt,63,4950a5258f54baf8d3ccdf1a8a4d33e1c7edf43dd291dcc5fceafb4120d367c1
VADD(minmaldataset)/test/labels/modena_tour_mp4-1374_jpg.rf.a3dc165c07fb2b8ae07417b359745dbe.txt,183,781830837beaa1bc865e3d5a4442127793cff3f854efa59bd7845c5e5ecf50ab
VADD(minmaldataset)/test/labels/modena_tour_mp4-138_jpg.rf.f4c6db6d8ad373eb18e2cff208557a5e.txt,62,9a6de6032a9262c2ca91b9b28304c41a3bf7eca7738690a7ba2d60a41d2458f4
VADD(minmaldataset)/test/labels/modena_tour_mp4-1434_jpg.rf.6896201cef212007c6b1f6bbf580a3b9.txt,60,3e1e7e3a4c63949e76acac019c0579afa90967e63f50b34438e320cddbcd234c
VADD(minmaldataset)/test/labels/modena_tour_mp4-1503_jpg.rf.7eea0a2c072b21f25d3f3bfb0ce77801.txt,37,410626beb8e36f3202b2e8d6d90ed132142e2b904dc1921dad6e45178cf053dc
VADD(minmaldataset)/test/labels/modena_tour_mp4-1510_jpg.rf.7f79ec61ae5bd27a37d5294abb1a0763.txt,60,7ab9a818557d6bb194e6f3a6c421630c0498bc82d87d5c68d38e0e55a2bfe855
VADD(minmaldataset)/test/labels/modena_tour_mp4-1557_jpg.rf.174ce69e9b581ae2331d03f8100165ab.txt,44,0566dcddf0e27b825fed1b779da16e139b3213d815cf662d7bd361103e0fa418
VADD(minmaldataset)/test/labels/modena_tour_mp4-1883_jpg.rf.b53a1df8a3d5fc64ae0aa9786e21e884.txt,64,9d9eba6c1b06ca84cfe3643ea5705fa4c5618354c095dc6046e23613c0c28aea
VADD(minmaldataset)/test/labels/modena_tour_mp4-1886_jpg.rf.48932ff193af60e6584c3300258c0320.txt,122,31ef4a5b7dada903bef1836c24a5a1da38063b90dc625537647d1a57ee83e4c5
VADD(minmaldataset)/test/labels/modena_tour_mp4-1889_jpg.rf.ea9b07e2879209df01dc8c1cad60357c.txt,63,17800a8de8059b14746df3064827fa227ef4129c5c489a6d1f10d1310ca7ebb0
VADD(minmaldataset)/test/labels/modena_tour_mp4-1944_jpg.rf.0428e5acf2613623927bc1ca31db05e8.txt,62,e0e168a2f0637072b7739e6afcdf00c694643686db99a9ff80b4f4769b3831c1
VADD(minmaldataset)/test/labels/modena_tour_mp4-196_jpg.rf.202b7b99f927f950e8c905fd45358406.txt,63,a8c41e68e0412dd4616a12ed37169dd93953b1d408207f432489c296ab8277ba
VADD(minmaldataset)/test/labels/modena_tour_mp4-2182_jpg.rf.d412c0bc6c68bfab8eae14880ffe1433.txt,51,3bd52134e4cd9bce12afcde1ea4a0ace83c35cd28d52aacc0b8534dce7d1c275
VADD(minmaldataset)/test/labels/modena_tour_mp4-2184_jpg.rf.ee0f4cefc1d8c3a8f32f3e31d2769f1a.txt,185,ac8c8c15af1843963c9a83011ac4d138a593265f9374c089a256874c91a32763
VADD(minmaldataset)/test/labels/modena_tour_mp4-2237_jpg.rf.37993d01e79cfa8e6d077196fc7d7b91.txt,59,1835b7e0d52efd49e6a4fd6b48cd4b8574ed0301c796be008dfc34210d8933a6
VADD(minmaldataset)/test/labels/modena_tour_mp4-2310_jpg.rf.99e00ab5c36af6d2a533fdcca59f37d8.txt,59,8bc7fc32da78e666e49c436ebcbd43261d1a056e00b48359a9971b26ee9cf4ca
VADD(minmaldataset)/test/labels/modena_tour_mp4-2329_jpg.rf.122bae6b8a91be8a75b13971748ca0fb.txt,49,8f3f43ef90f7b5e991f0c32d926a4eea62a96d34f20968f54dfc9ecce2b054d6
VADD(minmaldataset)/test/labels/modena_tour_mp4-240_jpg.rf.c5ce1e5d81e75019e2308ebc90fc5ece.txt,42,a846472e9ec0f13e831dd556b4372a5bb52a65c8bc5a0191d7ea98df15ec0675
VADD(minmaldataset)/test/labels/modena_tour_mp4-2413_jpg.rf.c924a1fb44183d669a0c55d074036b85.txt,58,3db8eae81448c79099a76919f2033ca1ebb06b42422aa84b007b59110f31e567
VADD(minmaldataset)/test/labels/modena_tour_mp4-2457_jpg.rf.436df3d37dc27736de3c8fc3a67cee13.txt,179,05bd869ceeaacbb0c65520a1a378064b14569940d800674b570ba1e2c6deaa71
VADD(minmaldataset)/test/labels/modena_tour_mp4-2486_jpg.rf.a545829a5b7b49d24c25138dec9f3ea1.txt,58,71fea90946ad19d3c4589adb53f0a32ab8440b8bde7a3a70ed584f3dbb0ef8ce
VADD(minmaldataset)/test/labels/modena_tour_mp4-250_jpg.rf.fb3eb5fac59c80e4d5645d886272f7a6.txt,155,81a939764e122d87e2fde7ceb59bb0f8c7de9634092760dd6873103e090eaff4
VADD(minmaldataset)/test/labels/modena_tour_mp4-2548_jpg.rf.38ab7df42f49f30ba549d1db458b60c1.txt,62,cc35d9cdf30cc33f2b8535537bdd35eed6f3ca7f751b8f4488def4c5bf2fcf88
VADD(minmaldataset)/test/labels/modena_tour_mp4-2553_jpg.rf.0736194c5878cdb5ee086a790ca0f79c.txt,47,b1714dc66106849336cb757716eac72a9389dd603fdf4d53a9bb19742a1d60d0
VADD(minmaldataset)/test/labels/modena_tour_mp4-265_jpg.rf.e5fd49f183ae2b91a76608c0c127c6dd.txt,106,22d3dbe54a56f6178a7cbfd30316530514e895b9bb3b5406e15a1ee79368eeec
VADD(minmaldataset)/test/labels/modena_tour_mp4-2675_jpg.rf.b8089845ae1c9603b71d1157aa8d3174.txt,42,88f0d45c3bc8570612d16f726d7124c5e906b4012b7f8541bf6ddf9d4392471f
VADD(minmaldataset)/test/labels/modena_tour_mp4-2676_jpg.rf.ba28109093a9db92fad94090379c8906.txt,63,56c9f05089992f79031df6e1826991f74abe3fb2c8870b4ec97da7b10e591554
VADD(minmaldataset)/test/labels/modena_tour_mp4-2679_jpg.rf.75360f9a616dfa25152a2be4ffffaab5.txt,61,b580d9f3f64065f6135bd5e8f99e81b3180c3e5483f8a86ad130d3134d0b0672
VADD(minmaldataset)/test/labels/modena_tour_mp4-2726_jpg.rf.fe35eb841ad5ee858b916e3936765452.txt,47,4a6af1b91a4d4cb534a782c7091f6d753e14372dda76a36886651c4840de3a29
VADD(minmaldataset)/test/labels/modena_tour_mp4-2861_jpg.rf.edd82bffb42981ea5ade401c3da791f8.txt,64,46d99422a794209cf500f2212d160e8f9c27d2ba9873da71fcb2a21fe867d5e8
VADD(minmaldataset)/test/labels/modena_tour_mp4-443_jpg.rf.b48dcf2e62691487f275b63d2d978863.txt,127,5bfdc806f382c11c4256793694d0b7118a1100bd2ff0d006e3b4a839e62f62c8
VADD(minmaldataset)/test/labels/modena_tour_mp4-510_jpg.rf.144f81a9179b2d77e04d6c9316e6a94e.txt,124,333ba41d8b30d39dfda53ebef457a8031086035599d83fb9563e632d8ecdea76
VADD(minmaldataset)/test/labels/modena_tour_mp4-677_jpg.rf.132ac226d572bc0e139d10e02fe31800.txt,60,42dfb7484d7c44c537b2adf2b2f5b81c54587bc325889e5144bf0c398d77c1cf
VADD(minmaldataset)/test/labels/modena_tour_mp4-688_jpg.rf.8addb89d3a7aac087e7f912fdc0c2272.txt,233,6492ed75085d9515e2672e25014de7bf9470d700ac687b2fca220dc8f0a892d5
VADD(minmaldataset)/test/labels/modena_tour_mp4-691_jpg.rf.f1bbccd8bcc21213efd3f80eb9ff0a73.txt,163,f9a4d256bb61de4a3b5ac7dd70349c1061c6e5acd5f348ea6fdd98796da71319
VADD(minmaldataset)/test/labels/modena_tour_mp4-716_jpg.rf.81c07b9b0b64a491995207109917b37e.txt,59,65830b0659a4148b049ad61741b5c8f3bfcb3196523b1b0ce49b099543f7b2b1
VADD(minmaldataset)/test/labels/modena_tour_mp4-846_jpg.rf.287311ebc6253bee8c7f0e9047537465.txt,63,c1624ae8529e9c70d8062fbe807eba5e151f6321c84c40daebff235e7fd13968
VADD(minmaldataset)/test/labels/modena_tour_mp4-863_jpg.rf.1cb6d2f94cb4a701ca05adb6fc0181d6.txt,51,4d5739f88c9c9f17a91c44d75fd1da354e44797ed3f6f861d86c7d098bbbd18e
VADD(minmaldataset)/test/labels/test_video_1_mp4-1256_jpg.rf.0fb58b4149e72a6005f2639b8f168769.txt,62,701e84b1b77ee037168e85099282b70ed3e5e1b0a94cd29ddc7095bc0a9f85f2
VADD(minmaldataset)/test/labels/test_video_1_mp4-577_jpg.rf.5e29cac519712eed40be80f3a7512d59.txt,61,6406a83eea2be0637eac5bafeb3e1514a644251860642d5ac2a8823170128b74
VADD(minmaldataset)/test/labels/test_video_1_mp4-629_jpg.rf.eb5a2972ba1d81a973499e95b27e99a5.txt,79,2b9a962e0f3f68da6fffa5300e9f4913ddb6c02171eeef5981da62492acfd99b
VADD(minmaldataset)/test/labels/THA-vs-BEL-Full-Final-13-14-Womens-U20-Volleyball-World-Champs_1_mp4-0_jpg.rf.adbfe493c02ef4dd41e95a9e58cde406.txt,121,4d035835de1c93997429c8ef4014d2ce28307774e5b3e90577f5a111780da7ae
VADD(minmaldataset)/test/labels/THA-vs-BEL-Full-Final-13-14-Womens-U20-Volleyball-World-Champs_1_mp4-217_jpg.rf.cac46df6fb0b0d0fbb858e6179a098ab.txt,131,bf28ddde66cd7ccc86545f8ff13f50f56738c1634dfb6255478061f3071e6109
VADD(minmaldataset)/test/labels/THA-vs-BEL-Full-Final-13-14-Womens-U20-Volleyball-World-Champs_1_mp4-455_jpg.rf.c56137091a4232e03fce03c52b521365.txt,65,96326bc8233270d6d12edfd833b10c26730cff3459a633331b0398a1f24e6a1f
VADD(minmaldataset)/test/labels/THA-vs-BEL-Full-Final-13-14-Womens-U20-Volleyball-World-Champs_1_mp4-477_jpg.rf.aaeb30f801323bd8ba9c0e8dada560c1.txt,131,c25bb87aad80122bd97d1789085d89a6393287facef6300c3f12179876283268
VADD(minmaldataset)/test/labels/THA-vs-BEL-Full-Final-13-14-Womens-U20-Volleyball-World-Champs_1_mp4-595_jpg.rf.debf9df6c8052e4d7a71a8902b391c95.txt,126,f89fd274a851bf53c22fde10a4f40d9ad890a9a48294bf0a86316575eb087c07
VADD(minmaldataset)/test/labels/THA-vs-BEL-Full-Final-13-14-Womens-U20-Volleyball-World-Champs_1_mp4-711_jpg.rf.43c8acb50123b6690a69817a43794bcb.txt,122,a4f94f69b19ec9e5b4bd97bbeedcc6c13de3db94c606dd4791d36964a12a977a
VADD(minmaldataset)/test/labels/THA-vs-BEL-Full-Final-13-14-Womens-U20-Volleyball-World-Champs_2_mp4-74_jpg.rf.f667e4c7ddd4dc7f7ab2d49ec2a15756.txt,190,8c28367ddefaf2392ed352ec4b5596ca2014aac43a28c3d52c2c001cf4d591a0
VADD(minmaldataset)/test/labels/THA-vs-BEL-Full-Final-13-14-Womens-U20-Volleyball-World-Champs_mp4-131_jpg.rf.cf5ebd022f84eac89739e91a0309123c.txt,130,8b0bd7e0bb9a6c9ed1b04b664cfda4c82974f29ca27e92555bae2c1dfd80bbdf
VADD(minmaldataset)/test/labels/THA-vs-BEL-Full-Final-13-14-Womens-U20-Volleyball-World-Champs_mp4-153_jpg.rf.20e901865fe208368486013b7496340d.txt,146,85ef8019289119283f8be585436ac61d56628274ba84e4dcae22a0c7ec35b4c8
VADD(minmaldataset)/test/labels/THA-vs-BEL-Full-Final-13-14-Womens-U20-Volleyball-World-Champs_mp4-171_jpg.rf.b03a6ed16c6abbf78dc0f165e62a4592.txt,136,cf2c24b1bd2402afbc7afb894ccbaa577c5033751e22b46442e0da4a4d5abaa7
VADD(minmaldataset)/test/labels/THA-vs-BEL-Full-Final-13-14-Womens-U20-Volleyball-World-Champs_mp4-36_jpg.rf.cb73304deee82a40d9c5095247688abd.txt,136,582261f71d40eed701dc1ab7c34d25505955299005a425c240966392b4f4fc5c
VADD(minmaldataset)/test/labels/THA-vs-BEL-Full-Final-13-14-Womens-U20-Volleyball-World-Champs_mp4-74_jpg.rf.1e0f07d3e54987a675509d71945f5fdb.txt,142,2ba15217e8d8c0bb0e5332749db20cf67c9e428d107eb011a63a41ec5309b224
VADD(minmaldataset)/val/images/-E3-82-B9-E3-82-AF-E3-83-AA-E3-83-BC-E3-83-B3-E3-82-B7-E3-83-A7-E3-83-83-E3-83-88-202022-07-18-2022-01-52_jpg.rf.7c8008f65aa8629ad6859434b4f18045.jpg,61324,6fb558c0a5ecde0425c6d0dcf1b39e405a51ddcb662f29a0410f99c835908884
VADD(minmaldataset)/val/images/-E3-82-B9-E3-82-AF-E3-83-AA-E3-83-BC-E3-83-B3-E3-82-B7-E3-83-A7-E3-83-83-E3-83-88-202022-07-18-2022-06-26_jpg.rf.4711c4a659572c7865cbf05848cdd09e.jpg,32381,1a0ec3162ec3c07871881f20048d311f785372437c1b2a5d69c035294ef82b9b
VADD(minmaldataset)/val/images/-E3-82-B9-E3-82-AF-E3-83-AA-E3-83-BC-E3-83-B3-E3-82-B7-E3-83-A7-E3-83-83-E3-83-88-202022-07-18-2022-18-54_jpg.rf.f28fd0a64ffa1e328cafe8ff439ebb4c.jpg,48080,17d1084a66957564b9a499e214940dc88de5fd1d0496813fe74f46282e89a1a3
VADD(minmaldataset)/val/images/-E3-82-B9-E3-82-AF-E3-83-AA-E3-83-BC-E3-83-B3-E3-82-B7-E3-83-A7-E3-83-83-E3-83-88-202022-07-18-2022-29-48_jpg.rf.7f1789578bdef7a05b7fde1ee31e2e00.jpg,31636,c6dceaeb8e254a0d776086660218f125be772fc9d240fd3a38b60ec56d6f299c
VADD(minmaldataset)/val/images/-E3-82-B9-E3-82-AF-E3-83-AA-E3-83-BC-E3-83-B3-E3-82-B7-E3-83-A7-E3-83-83-E3-83-88-202022-07-18-2022-31-03_jpg.rf.5e2c2e1e0082555a9c15778cf9e79385.jpg,31329,ff7d3f92379673aa6fc66cd581d1f3c305a0d0038cb5273fd20c5522373ad12b
VADD(minmaldataset)/val/images/-E3-82-B9-E3-82-AF-E3-83-AA-E3-83-BC-E3-83-B3-E3-82-B7-E3-83-A7-E3-83-83-E3-83-88-202022-07-18-2022-56-30_jpg.rf.4feed082feaaba18ceaac9cb6943d98d.jpg,30809,b7c9242cd7a3a6689e405b30e6bc7fc8745760346f241db152e7128dbef0bed0
VADD(minmaldataset)/val/images/-E3-82-B9-E3-82-AF-E3-83-AA-E3-83-BC-E3-83-B3-E3-82-B7-E3-83-A7-E3-83-83-E3-83-88-202022-07-18-2022-56-57_jpg.rf.abe5dd21544563b721faa7822d2cc479.jpg,30534,1a7d83a2c94162b5dde6b53f010aec404eb653521c99e4fc86a053a80ce11258
VADD(minmaldataset)/val/images/-E3-82-B9-E3-82-AF-E3-83-AA-E3-83-BC-E3-83-B3-E3-82-B7-E3-83-A7-E3-83-83-E3-83-88-202022-07-18-2023-10-59_jpg.rf.b4dc27a76c71013790e699d0e01e8f80.jpg,31646,6f935e12f0a6a4bb5135a2a0261a141882b173b0ce282db8a9bdce1153ea508f
VADD(minmaldataset)/val/images/-E3-82-B9-E3-82-AF-E3-83-AA-E3-83-BC-E3-83-B3-E3-82-B7-E3-83-A7-E3-83-83-E3-83-88-202022-07-18-2023-47-42_jpg.rf.de8bd9e9307536b4dd8c5f98df3ce2c5.jpg,30525,98c966cab98b5cc872ec8210d541364274aab5e63bd5240070d746673f0116c7
VADD(minmaldataset)/val/images/-E3-82-B9-E3-82-AF-E3-83-AA-E3-83-BC-E3-83-B3-E3-82-B7-E3-83-A7-E3-83-83-E3-83-88-202022-07-19-200-05-08_jpg.rf.b608e223ff366e1dc737140ad6a09450.jpg,50692,0b4c4a4358f60d1fa7925fc531388201ac30ba252fe6d942b4a624026d6ad79c
VADD(minmaldataset)/val/images/-E3-82-B9-E3-82-AF-E3-83-AA-E3-83-BC-E3-83-B3-E3-82-B7-E3-83-A7-E3-83-83-E3-83-88-202022-07-19-200-08-28_jpg.rf.0f73acbeb56b911b3fc5cd2bc235475b.jpg,35285,13defda99e59a164da15b50a5da6fdad7447e40b4fb98146d06dc1651bb6ef1e
VADD(minmaldataset)/val/images/-E3-82-B9-E3-82-AF-E3-83-AA-E3-83-BC-E3-83-B3-E3-82-B7-E3-83-A7-E3-83-83-E3-83-88-202022-07-19-200-09-42_jpg.rf.9ff73ef31b56d9dd8c2ec9a3701ae6ca.jpg,31777,7c18ca7fa7194799b89e97afb8a2f675cb5295968c448d90bf830b734035301f
VADD(minmaldataset)/val/images/-E3-82-B9-E3-82-AF-E3-83-AA-E3-83-BC-E3-83-B3-E3-82-B7-E3-83-A7-E3-83-83-E3-83-88-202022-07-19-200-12-16_jpg.rf.df5722c36b7cd89cfb91b169847e60b9.jpg,33003,77d72662a89c6c37bb85fcaab69a6e102da211cf3983bc8c8e0c866a11545cfd
VADD(minmaldataset)/val/images/-E3-82-B9-E3-82-AF-E3-83-AA-E3-83-BC-E3-83-B3-E3-82-B7-E3-83-A7-E3-83-83-E3-83-88-202022-07-19-200-17-21_jpg.rf.71481664702203a1f31928292df95761.jpg,31717,878b17a31427b5b41d26f08df6214be201ef51bdd3079407fde7b0aced805fd2
VADD(minmaldataset)/val/images/-E3-82-B9-E3-82-AF-E3-83-AA-E3-83-BC-E3-83-B3-E3-82-B7-E3-83-A7-E3-83-83-E3-83-88-202022-07-19-200-17-59_jpg.rf.ee54c34ac25f555b6030f1bf7fb4f370.jpg,54951,2025b5088c76ac94add4446646864d39941925ca3f091ce06bedff9a7a931901
VADD(minmaldataset)/val/images/-E3-82-B9-E3-82-AF-E3-83-AA-E3-83-BC-E3-83-B3-E3-82-B7-E3-83-A7-E3-83-83-E3-83-88-202022-07-19-200-45-40_jpg.rf.89d2b3dc198c970048e47b7a1281e65d.jpg,44051,2ffb2ce94a2b7aa0228735b20b2d9c0b8dae2aadb32a8b5c77c1059253e0d528
VADD(minmaldataset)/val/images/-E3-82-B9-E3-82-AF-E3-83-AA-E3-83-BC-E3-83-B3-E3-82-B7-E3-83-A7-E3-83-83-E3-83-88-202022-07-19-200-48-46_jpg.rf.5f90ec03127706e85f3a56dd5e22609b.jpg,57390,c69513e4c9191b6f694cfaadec88dc4f9a21a110babf7479ef13a902dab6cbdd
VADD(minmaldataset)/val/images/-E3-82-B9-E3-82-AF-E3-83-AA-E3-83-BC-E3-83-B3-E3-82-B7-E3-83-A7-E3-83-83-E3-83-88-202022-07-23-2012-45-26_jpg.rf.acb499a653d6342adb018f872f3b60e8.jpg,43802,73a2a1f5e5b8706595ae9b8525833b4926431ebffc11169069de598ce6e3b146
VADD(minmaldataset)/val/images/-E3-82-B9-E3-82-AF-E3-83-AA-E3-83-BC-E3-83-B3-E3-82-B7-E3-83-A7-E3-83-83-E3-83-88-202022-07-23-2012-49-28_jpg.rf.12c1d86fd80f1a7eb3c11cd03e5cd628.jpg,57807,e65235b84d753a99b814ae2fe2487e78aecb5a0e12d75a08d3b2b3a7a6bdf72a
VADD(minmaldataset)/val/images/-E3-82-B9-E3-82-AF-E3-83-AA-E3-83-BC-E3-83-B3-E3-82-B7-E3-83-A7-E3-83-83-E3-83-88-202022-07-23-2012-51-00_jpg.rf.a1a3b6fcdccf1afecc1b26d976320753.jpg,31215,836239026845deb4ae9e9c5c4ddb4740d9a3b44a1dc5e31125b78ea410520bda
VADD(minmaldataset)/val/images/-E3-82-B9-E3-82-AF-E3-83-AA-E3-83-BC-E3-83-B3-E3-82-B7-E3-83-A7-E3-83-83-E3-83-88-202022-07-23-2012-57-44_jpg.rf.d92512fee30f6941ce142a0b57d53371.jpg,31134,1c5ee465701e199f283af1800183993300e7355f56fd44b75881c41123b783fa
VADD(minmaldataset)/val/images/-E3-82-B9-E3-82-AF-E3-83-AA-E3-83-BC-E3-83-B3-E3-82-B7-E3-83-A7-E3-83-83-E3-83-88-202022-07-23-2013-05-04_jpg.rf.33074aae786a572337ef86f77529cddb.jpg,28380,4269ea5133b57fe14b3b5ad7a00d6e94c8eb5fbcb524724735f6e199949ec559
VADD(minmaldataset)/val/images/-E3-82-B9-E3-82-AF-E3-83-AA-E3-83-BC-E3-83-B3-E3-82-B7-E3-83-A7-E3-83-83-E3-83-88-202022-07-23-2013-05-04_jpg.rf.af7827a9baa28e4a525cc1ce1d512439.jpg,39798,8c8718a10b38b1d77185b795eaf0b8eeb39f4625dd45fc227bc4855f376bd55a
VADD(minmaldataset)/val/images/-E3-82-B9-E3-82-AF-E3-83-AA-E3-83-BC-E3-83-B3-E3-82-B7-E3-83-A7-E3-83-83-E3-83-88-202022-07-23-2013-08-01_jpg.rf.35b435e9f7c71d31e9f3812cc22bf3e9.jpg,29406,27abd8ed9bc0e02e1e3369ec63cc43b514822ba81d6e64c08db63e892999552a
VADD(minmaldataset)/val/images/-E3-82-B9-E3-82-AF-E3-83-AA-E3-83-BC-E3-83-B3-E3-82-B7-E3-83-A7-E3-83-83-E3-83-88-202022-07-23-2013-16-25_jpg.rf.7c6c519fcd1cb97bf1b6590b187b89c2.jpg,30279,597c7849b2f259c898ed48bde133a68f24213c2daef975e8dc5f073ebb4b1802
VADD(minmaldataset)/val/images/-E3-82-B9-E3-82-AF-E3-83-AA-E3-83-BC-E3-83-B3-E3-82-B7-E3-83-A7-E3-83-83-E3-83-88-202022-07-23-2013-18-56_jpg.rf.d21ddfeb489fa2e276cb4241ac727e67.jpg,43652,cf5213f4fa50129b1c628be6dfa0f01603e39c5357c8545b6ea8e746383eab76
VADD(minmaldataset)/val/images/-E3-82-B9-E3-82-AF-E3-83-AA-E3-83-BC-E3-83-B3-E3-82-B7-E3-83-A7-E3-83-83-E3-83-88-202022-07-23-2013-21-26_jpg.rf.12f346685775780781a8177bf5cc2f86.jpg,35546,f6b44a30d7992a6a3e2095d2f5ccce98c2ce06d70bac769d1f6ec1c5467d8cb1
VADD(minmaldataset)/val/images/-E3-82-B9-E3-82-AF-E3-83-AA-E3-83-BC-E3-83-B3-E3-82-B7-E3-83-A7-E3-83-83-E3-83-88-202022-07-23-2013-26-01_jpg.rf.b6e5e12904781d7e5459ebecd5e69500.jpg,58306,4d25f972e4df4eb5f733663153ff0a7ba1d8d33d4a53e9a6c57bb4e35965f696
VADD(minmaldataset)/val/images/-E3-82-B9-E3-82-AF-E3-83-AA-E3-83-BC-E3-83-B3-E3-82-B7-E3-83-A7-E3-83-83-E3-83-88-202022-07-23-2013-32-37_jpg.rf.480ed53a5db0934d4c796fb5bcf14620.jpg,41171,431f5857b2bd4cce99a36e2a7c2db56baa4f4ad5126d8bdbbd04c095ddab9277
VADD(minmaldataset)/val/images/-E3-82-B9-E3-82-AF-E3-83-AA-E3-83-BC-E3-83-B3-E3-82-B7-E3-83-A7-E3-83-83-E3-83-88-202022-07-23-2013-32-56_jpg.rf.20196d4b52bea0bbb9f8e37a16189bc2.jpg,41223,1acd97d544a200ccca6dc40ccaa6d5c28013bc7a0c4b31f640105536934aba95
VADD(minmaldataset)/val/images/-E3-82-B9-E3-82-AF-E3-83-AA-E3-83-BC-E3-83-B3-E3-82-B7-E3-83-A7-E3-83-83-E3-83-88-202022-07-23-2016-51-27_jpg.rf.57e0b6d02526130546d87f62d403a6e8.jpg,42789,2ab482a4ea5bd559c3732ed9dade44e3f087de7f7416551ee3ba1cbc6db3a791
VADD(minmaldataset)/val/images/-E3-82-B9-E3-82-AF-E3-83-AA-E3-83-BC-E3-83-B3-E3-82-B7-E3-83-A7-E3-83-83-E3-83-88-202022-07-23-2017-13-11_jpg.rf.386804960647dada5645ab570ad2c94a.jpg,37646,c22cdab33ac667ae93bcb2501b88067b36afec36b45f392ab73d0b7779e8cb0e
VADD(minmaldataset)/val/images/-E3-82-B9-E3-82-AF-E3-83-AA-E3-83-BC-E3-83-B3-E3-82-B7-E3-83-A7-E3-83-83-E3-83-88-202022-07-23-2017-15-38_jpg.rf.7c6c3fab0fd234aa568506c4b41fcb9e.jpg,37212,5aa2f1a0c5542b2ede8a59d5404f503fc22c7125e869c83cf857fdbd2d86b1f5
VADD(minmaldataset)/val/images/-E3-82-B9-E3-82-AF-E3-83-AA-E3-83-BC-E3-83-B3-E3-82-B7-E3-83-A7-E3-83-83-E3-83-88-202022-07-23-2017-18-33_jpg.rf.057d15f17a3ddee9fbb8412085c5a3b0.jpg,54412,fd2b60ed2758e29c4d25768b9856f6f412795339e3ede8f3aa914f4446e699c3
VADD(minmaldataset)/val/images/-E3-82-B9-E3-82-AF-E3-83-AA-E3-83-BC-E3-83-B3-E3-82-B7-E3-83-A7-E3-83-83-E3-83-88-202022-07-23-2017-21-58_jpg.rf.f05e0c3ec6008ee485d06b647e622223.jpg,37762,3f0957e033be3836d76b8836a0648a925529bcc5baa5dad60b0577ab471bb8ff
VADD(minmaldataset)/val/images/-E3-82-B9-E3-82-AF-E3-83-AA-E3-83-BC-E3-83-B3-E3-82-B7-E3-83-A7-E3-83-83-E3-83-88-202022-07-23-2017-26-51_jpg.rf.faa545d17cee5b80f153d9681f9a089e.jpg,37753,c1d720d4dd791244f42439b873b7dd7e061557a9b21e3697689831b0801b3397
VADD(minmaldataset)/val/images/-E3-82-B9-E3-82-AF-E3-83-AA-E3-83-BC-E3-83-B3-E3-82-B7-E3-83-A7-E3-83-83-E3-83-88-202022-07-23-2017-41-06_jpg.rf.09322ded95777f9f954dec53d0f04286.jpg,80520,33d5a575e887504b9e124a863fea548cedfd3ec21caad04568914302f3ce526e
VADD(minmaldataset)/val/images/-E3-82-B9-E3-82-AF-E3-83-AA-E3-83-BC-E3-83-B3-E3-82-B7-E3-83-A7-E3-83-83-E3-83-88-202022-07-23-2023-08-12_jpg.rf.5f8326bb2ff46a52572d0158f65a23d1.jpg,27884,0ecab88f4447192866c7260e5b8e10d0efe82a9badcbed508add7d6ae264bca1
VADD(minmaldataset)/val/images/-E3-82-B9-E3-82-AF-E3-83-AA-E3-83-BC-E3-83-B3-E3-82-B7-E3-83-A7-E3-83-83-E3-83-88-202022-07-23-2023-09-14_jpg.rf.930705743628a5aad0f1a72360bcbdb7.jpg,51952,7d8c61ec949c4953698eb895c1826027fc4e74a8107d1b6a3b2dea28b368736e
VADD(minmaldataset)/val/images/-E3-82-B9-E3-82-AF-E3-83-AA-E3-83-BC-E3-83-B3-E3-82-B7-E3-83-A7-E3-83-83-E3-83-88-202022-07-23-2023-16-49_jpg.rf.4b4d6cd1caedd7eca8807c4541c2fc81.jpg,39767,f865e8ed5c5af1781c8ff3b9945759c946a7e864d9e2135c2513b8148e45b63f
VADD(minmaldataset)/val/images/-E3-82-B9-E3-82-AF-E3-83-AA-E3-83-BC-E3-83-B3-E3-82-B7-E3-83-A7-E3-83-83-E3-83-88-202022-07-23-2023-17-18_jpg.rf.6d30894783c817c8cab6ebb0b5a06bf4.jpg,27628,8a157545dbb087d94ec86701ed180ed8e24a29b4d34573ca181a3bb6d4b5fc88
VADD(minmaldataset)/val/images/-E3-82-B9-E3-82-AF-E3-83-AA-E3-83-BC-E3-83-B3-E3-82-B7-E3-83-A7-E3-83-83-E3-83-88-202022-07-23-2023-17-38_jpg.rf.a1e8265c7943f2c66716d17aca1b93d4.jpg,39808,9250285bcb0314596f5fc733a458150039c3646d7c8b359450dd0e71ad04a16f
VADD(minmaldataset)/val/images/-E3-82-B9-E3-82-AF-E3-83-AA-E3-83-BC-E3-83-B3-E3-82-B7-E3-83-A7-E3-83-83-E3-83-88-202022-07-23-2023-21-47_jpg.rf.088d4eaf6d9f71a6bb122f71c8141777.jpg,51933,7cc62845430aa3ded817b954fa36f973c25cfcbb4d9f45f6cdcd634769c61bbd
VADD(minmaldataset)/val/images/-E3-82-B9-E3-82-AF-E3-83-AA-E3-83-BC-E3-83-B3-E3-82-B7-E3-83-A7-E3-83-83-E3-83-88-202022-07-23-2023-25-16_jpg.rf.64b27c4cabadcdc1d757b4cee6ecf264.jpg,27781,873b37b03b75ac6d46b63bc1a281c12a25b543f70b698c6d8ea4b5e2a42fd9eb
VADD(minmaldataset)/val/images/-E3-82-B9-E3-82-AF-E3-83-AA-E3-83-BC-E3-83-B3-E3-82-B7-E3-83-A7-E3-83-83-E3-83-88-202022-07-23-2023-29-05_jpg.rf.6b5ecfc0a64a75fdbf1f16ee9b5f53b1.jpg,40187,f5a8cb3f61a69ab4587a1ce7217e0b1ffd14ea193584d2c2a2a6a8b4630d9adc
VADD(minmaldataset)/val/images/-E3-82-B9-E3-82-AF-E3-83-AA-E3-83-BC-E3-83-B3-E3-82-B7-E3-83-A7-E3-83-83-E3-83-88-202022-07-23-2023-30-08_jpg.rf.1ecc8a181185a27c29f820c65c0aac56.jpg,38207,659c1b24c2e2d17eaf867916ea906f24136a543e1dcb7fb1130722c769c535ed
VADD(minmaldataset)/val/images/-E3-82-B9-E3-82-AF-E3-83-AA-E3-83-BC-E3-83-B3-E3-82-B7-E3-83-A7-E3-83-83-E3-83-88-202022-07-23-2023-31-25_jpg.rf.af1505047ed9184cc0c86743da368eb3.jpg,38622,c5db6c285170dc22f878216d123dac51a52eb95ef79d454b32493bd51170af17
VADD(minmaldataset)/val/images/-E3-82-B9-E3-82-AF-E3-83-AA-E3-83-BC-E3-83-B3-E3-82-B7-E3-83-A7-E3-83-83-E3-83-88-202022-07-23-2023-35-09_jpg.rf.df2f9a5f508cc4cc0692e2043829a73b.jpg,52232,3ce4ce0d6d919e246f4fdda115b035778328e6074a22873ae97cce0a6721b49f
VADD(minmaldataset)/val/images/-E3-82-B9-E3-82-AF-E3-83-AA-E3-83-BC-E3-83-B3-E3-82-B7-E3-83-A7-E3-83-83-E3-83-88-202022-07-23-2023-48-07_jpg.rf.cf70990e252c42cead3ede10397055b5.jpg,27814,2efa98324efb3d58f04cd71f63798d4d60ce7b7b4e178a992863b8d11399f362
VADD(minmaldataset)/val/images/-E3-82-B9-E3-82-AF-E3-83-AA-E3-83-BC-E3-83-B3-E3-82-B7-E3-83-A7-E3-83-83-E3-83-88-202022-07-23-2023-52-54_jpg.rf.86dfbde043fccac87dabba0063b40e26.jpg,53113,3251bbc0d8fa6d8803569aa89af426ef60461a3f941022dd60c27c4f53753bea
VADD(minmaldataset)/val/images/-E3-82-B9-E3-82-AF-E3-83-AA-E3-83-BC-E3-83-B3-E3-82-B7-E3-83-A7-E3-83-83-E3-83-88-202022-07-24-200-02-00_jpg.rf.e6efee0cabe3e3232af2b306caa621d9.jpg,53177,11094d67f6fd1e64dfbec3077f9fd4dc655a8911198bcac55c851c4f4c38cb66
VADD(minmaldataset)/val/images/-E3-82-B9-E3-82-AF-E3-83-AA-E3-83-BC-E3-83-B3-E3-82-B7-E3-83-A7-E3-83-83-E3-83-88-202022-07-24-200-04-24_jpg.rf.5daa190cf3d4869d9002dc86aff59da1.jpg,28307,bb148464a432051b19c5e78de14d858fb29a8bba71ffd8561647e78b6c30e8f6
VADD(minmaldataset)/val/images/-E3-82-B9-E3-82-AF-E3-83-AA-E3-83-BC-E3-83-B3-E3-82-B7-E3-83-A7-E3-83-83-E3-83-88-202022-07-25-200-24-26_jpg.rf.85fdba0e188003be96f232478cfef743.jpg,31448,f0ffd22a47c04865b829fb24cde651f15f26e7bcb6cb98a163036c68c16e561a
VADD(minmaldataset)/val/images/-E3-82-B9-E3-82-AF-E3-83-AA-E3-83-BC-E3-83-B3-E3-82-B7-E3-83-A7-E3-83-83-E3-83-88-202022-07-25-200-29-32_jpg.rf.cab67e2af377911747ea1fc6b6f293cb.jpg,60888,fe6dd0b80cdbfcda689495075241296b3886abd3b28981b610507537f410dbed
VADD(minmaldataset)/val/images/-E3-82-B9-E3-82-AF-E3-83-AA-E3-83-BC-E3-83-B3-E3-82-B7-E3-83-A7-E3-83-83-E3-83-88-202022-07-25-200-36-30_jpg.rf.0677d26ae11df65b2e0670b33d349ede.jpg,31581,7a047bbf9a8d8a7056b0081912ffa1682c9c790a706647c7f5e7455ef07ac717
VADD(minmaldataset)/val/images/-E3-82-B9-E3-82-AF-E3-83-AA-E3-83-BC-E3-83-B3-E3-82-B7-E3-83-A7-E3-83-83-E3-83-88-202022-07-25-200-39-56_jpg.rf.5cf3fe9acf705a5006af9443c953ee64.jpg,61051,161f2f46701e39348e9b74ce2eecdfc6429b729fb81f323c39d03f3e3a0f4a37
VADD(minmaldataset)/val/images/-E3-82-B9-E3-82-AF-E3-83-AA-E3-83-BC-E3-83-B3-E3-82-B7-E3-83-A7-E3-83-83-E3-83-88-202022-07-25-200-40-34_jpg.rf.a781c946dca794dd008849cfa0d8bcc7.jpg,31442,6445f04915d8f2c3704af256bd463788def2563397677c1b1b2e2028c7d7d38b
VADD(minmaldataset)/val/images/-E3-82-B9-E3-82-AF-E3-83-AA-E3-83-BC-E3-83-B3-E3-82-B7-E3-83-A7-E3-83-83-E3-83-88-202022-07-25-200-41-16_jpg.rf.5d9bcda5b39f0b23d96333d5dfc5086f.jpg,44425,a9d9b17b2caf581ed4cffa4166d24f0debcd5d3384954c70ff16885a1014039b
VADD(minmaldataset)/val/images/-E3-82-B9-E3-82-AF-E3-83-AA-E3-83-BC-E3-83-B3-E3-82-B7-E3-83-A7-E3-83-83-E3-83-88-202022-07-25-200-41-16_jpg.rf.a6084069b55e8742f859177eed95257c.jpg,31179,5fac9aed98496786d99af55707ede6eb465f7e99f56e4180b3eeba856eb96a5a
VADD(minmaldataset)/val/images/-E3-82-B9-E3-82-AF-E3-83-AA-E3-83-BC-E3-83-B3-E3-82-B7-E3-83-A7-E3-83-83-E3-83-88-202022-07-25-200-45-06_jpg.rf.ecfff6d04412acda06f9212561ee2ef8.jpg,31075,f3171d852f8a96b10786f460680a4626da15d0db5627ffc557c9a62f5cbdb988
VADD(minmaldataset)/val/images/-E3-82-B9-E3-82-AF-E3-83-AA-E3-83-BC-E3-83-B3-E3-82-B7-E3-83-A7-E3-83-83-E3-83-88-202022-07-25-200-45-26_jpg.rf.4d8d687142eaa5735ba98100e1d8889e.jpg,60306,8e5a4d6d660163094d64130eb8daf9086699d727742adc02bf668b390ec7c9b9
VADD(minmaldataset)/val/images/-E3-82-B9-E3-82-AF-E3-83-AA-E3-83-BC-E3-83-B3-E3-82-B7-E3-83-A7-E3-83-83-E3-83-88-202022-07-25-200-46-31_jpg.rf.d9bac811cea83ce739dfac199eb39730.jpg,31246,4161217b2aa3fa3b3ef71c2fbc36eb2c6fe7e4008c60cf27f24aa2d694f92694
VADD(minmaldataset)/val/images/-E3-82-B9-E3-82-AF-E3-83-AA-E3-83-BC-E3-83-B3-E3-82-B7-E3-83-A7-E3-83-83-E3-83-88-202022-07-25-200-46-53_jpg.rf.1e9d8ec9e9da4054a3b0887d9bfacfa9.jpg,30244,3d7d00924b15e45a85f7260b9e682b2c9d41a5fed4bc763a66b5670a6324b2c0
VADD(minmaldataset)/val/images/-E3-82-B9-E3-82-AF-E3-83-AA-E3-83-BC-E3-83-B3-E3-82-B7-E3-83-A7-E3-83-83-E3-83-88-202022-07-25-200-55-36_jpg.rf.0ec94d30c3e078db9473a473b8b39047.jpg,32064,612050e36655b5d05e93fbcb1ad530288df7f03350e2f1863b5a6f2b121f6ebd
VADD(minmaldataset)/val/images/-E3-82-B9-E3-82-AF-E3-83-AA-E3-83-BC-E3-83-B3-E3-82-B7-E3-83-A7-E3-83-83-E3-83-88-202022-07-25-200-58-16_jpg.rf.bcdfad1fb039b0d31c89b7ef2ec13b89.jpg,31784,5eeeb9af5c4129ca65149d0cf4490741aa89add8217d1fff03556453a4ce3f31
VADD(minmaldataset)/val/images/-E3-82-B9-E3-82-AF-E3-83-AA-E3-83-BC-E3-83-B3-E3-82-B7-E3-83-A7-E3-83-83-E3-83-88-202022-07-25-200-59-41_jpg.rf.3980964e1f9583982ef586436745a555.jpg,31069,777c0208f8fe698c3b51d06b54c810f29cf22d268363d98118d9eaa7223a8474
VADD(minmaldataset)/val/images/-E3-82-B9-E3-82-AF-E3-83-AA-E3-83-BC-E3-83-B3-E3-82-B7-E3-83-A7-E3-83-83-E3-83-88-202022-07-25-201-02-51_jpg.rf.12d2858da68d5dd568d21e068d6c256c.jpg,32397,7be5d25adeb8a1946be9b0befde8c4bcc2c76f2d3262e1e54389d065a3c793af
VADD(minmaldataset)/val/images/-E3-82-B9-E3-82-AF-E3-83-AA-E3-83-BC-E3-83-B3-E3-82-B7-E3-83-A7-E3-83-83-E3-83-88-202022-07-25-201-02-51_jpg.rf.436fbe0d320602afa9610673b0cc742f.jpg,62789,ac9c1ad8a89203b96464ae59b8b7a5c175d69cdfbed62b38bacf0a22b65d1036
VADD(minmaldataset)/val/images/-E3-82-B9-E3-82-AF-E3-83-AA-E3-83-BC-E3-83-B3-E3-82-B7-E3-83-A7-E3-83-83-E3-83-88-202022-07-25-201-05-29_jpg.rf.4c42e7cabb3150e91eb051a5f6ade04f.jpg,31563,b3c2b316d19147d55879314457cee2a5b6112266243136aa899ab0b03450c5f3
VADD(minmaldataset)/val/images/-E3-82-B9-E3-82-AF-E3-83-AA-E3-83-BC-E3-83-B3-E3-82-B7-E3-83-A7-E3-83-83-E3-83-88-202022-07-25-201-09-32_jpg.rf.d8f03e1f6c307f173614b161fbad7a36.jpg,30988,207ffd133b64590d16852bf354130feeba8f92517e505e3b1ef23737843f8a88
VADD(minmaldataset)/val/images/-E3-82-B9-E3-82-AF-E3-83-AA-E3-83-BC-E3-83-B3-E3-82-B7-E3-83-A7-E3-83-83-E3-83-88-202022-07-25-201-10-09_jpg.rf.2140005c9ecd9f9d28f2770174a44b25.jpg,31385,d63861960cac474a8c47704ec75e013731bc73fc8c3ba6aec3cf7caf679f8279
VADD(minmaldataset)/val/images/-E3-82-B9-E3-82-AF-E3-83-AA-E3-83-BC-E3-83-B3-E3-82-B7-E3-83-A7-E3-83-83-E3-83-88-202022-07-25-201-10-22_jpg.rf.151856af22353ec24f8be4dc77dfdbd1.jpg,45165,54d1970b82beb24d0e211374d61a0e9563288e387cd206dd9d3b47598ee03707
VADD(minmaldataset)/val/images/-E3-82-B9-E3-82-AF-E3-83-AA-E3-83-BC-E3-83-B3-E3-82-B7-E3-83-A7-E3-83-83-E3-83-88-202022-07-25-201-10-22_jpg.rf.1b5cd53a51865d182ed7d6d2d98ac323.jpg,31562,26a9b1bd40c296cfc0fe353141443785c18f807469220999a1e0c26dcec8cbc0
VADD(minmaldataset)/val/images/-E3-82-B9-E3-82-AF-E3-83-AA-E3-83-BC-E3-83-B3-E3-82-B7-E3-83-A7-E3-83-83-E3-83-88-202022-07-25-201-18-44_jpg.rf.38d0592ea41650c61d459ee83390ebc0.jpg,61266,e8cd7c3a977c7082e3edbe53f191476aa4c654ed48ada7dfe51d0ce4c8cbe6aa
VADD(minmaldataset)/val/images/-E3-82-B9-E3-82-AF-E3-83-AA-E3-83-BC-E3-83-B3-E3-82-B7-E3-83-A7-E3-83-83-E3-83-88-202022-07-25-201-19-27_jpg.rf.857d7f1f5ba6b4f201d0c4859d92c2c3.jpg,31608,37a521790b37986c1cedeb2344b8caf5f204b86a0a237eb4b0510d83018e3c7d
VADD(minmaldataset)/val/images/-E3-82-B9-E3-82-AF-E3-83-AA-E3-83-BC-E3-83-B3-E3-82-B7-E3-83-A7-E3-83-83-E3-83-88-202022-07-25-201-24-32_jpg.rf.eb263966a117d605061a8ddac9dc9d1a.jpg,31107,ed811cb0e808c3842a2e4c5704dbff4b32dd6eeb9ad412e0a366e5579d2aba43
VADD(minmaldataset)/val/images/-E3-82-B9-E3-82-AF-E3-83-AA-E3-83-BC-E3-83-B3-E3-82-B7-E3-83-A7-E3-83-83-E3-83-88-202022-07-25-2016-16-46_jpg.rf.72ee58473aeb877a77fe2795a3f5ab00.jpg,29007,a4e5a693a42ad193ed262de79da7ce44f1b8038aac16d9ffc1e235a5a0561968
VADD(minmaldataset)/val/images/-E3-82-B9-E3-82-AF-E3-83-AA-E3-83-BC-E3-83-B3-E3-82-B7-E3-83-A7-E3-83-83-E3-83-88-202022-07-25-2016-18-19_jpg.rf.0e6b210686acfdc4b22082a82f01d9f2.jpg,41324,3656ac4321ef3ef50243e59ec4b66d40d676ffc62fbb3a4c2d33c25cde464e74
VADD(minmaldataset)/val/images/-E3-82-B9-E3-82-AF-E3-83-AA-E3-83-BC-E3-83-B3-E3-82-B7-E3-83-A7-E3-83-83-E3-83-88-202022-07-25-2016-19-21_jpg.rf.b206ecd91503725a9d522099aca722c6.jpg,28581,6d2b4e5607bac2e526bb918856ef280fd0348f8aaa545de0a0c6fc28c7cd47f2
VADD(minmaldataset)/val/images/-E3-82-B9-E3-82-AF-E3-83-AA-E3-83-BC-E3-83-B3-E3-82-B7-E3-83-A7-E3-83-83-E3-83-88-202022-07-25-2016-22-21_jpg.rf.33e0760e952fe41418fb9f10c112e211.jpg,29704,5974809a70a65de3bb4a5220329995295c9ad531a906c7fb310899f1d54388ac
VADD(minmaldataset)/val/images/-E3-82-B9-E3-82-AF-E3-83-AA-E3-83-BC-E3-83-B3-E3-82-B7-E3-83-A7-E3-83-83-E3-83-88-202022-07-25-2016-22-21_jpg.rf.fa1708bb78c067d05f26ff78d29ab523.jpg,57110,cb50d9ff3003bc3e64085f7f2be11edf7110857e81f8e1de9fbeea6be5390a63
VADD(minmaldataset)/val/images/-E3-82-B9-E3-82-AF-E3-83-AA-E3-83-BC-E3-83-B3-E3-82-B7-E3-83-A7-E3-83-83-E3-83-88-202022-07-25-2016-25-49_jpg.rf.63a8dded85d70689f9f6b930a45cda55.jpg,28875,821bc0fcfdde343074fe6268f8ae17fdc546119e47265b5245e8ad66a843c8a2
VADD(minmaldataset)/val/images/-E3-82-B9-E3-82-AF-E3-83-AA-E3-83-BC-E3-83-B3-E3-82-B7-E3-83-A7-E3-83-83-E3-83-88-202022-07-25-2016-29-52_jpg.rf.630426d701cd2a40f9d088081ee9fd55.jpg,57722,4354cacdaceb1b4ae13bef190fdd6874f1fbd85c8e72838763842d55597839ac
VADD(minmaldataset)/val/images/-E3-82-B9-E3-82-AF-E3-83-AA-E3-83-BC-E3-83-B3-E3-82-B7-E3-83-A7-E3-83-83-E3-83-88-202022-07-25-2016-37-18_jpg.rf.ba51afe067b2c2f5f898221ec9ac107a.jpg,29809,91bcb6bdc8145eba06cac7e551173a179f357552229a1b102f5a917ebc468b09
VADD(minmaldataset)/val/images/-E3-82-B9-E3-82-AF-E3-83-AA-E3-83-BC-E3-83-B3-E3-82-B7-E3-83-A7-E3-83-83-E3-83-88-202022-07-25-2016-37-59_jpg.rf.4f3857e58c30b4250884f8061a20b707.jpg,29268,b945fa17344c042bb817dc1cf2a13f943e3f36cf20d1f3ae24bfa38fa0272ffe
VADD(minmaldataset)/val/images/-E3-82-B9-E3-82-AF-E3-83-AA-E3-83-BC-E3-83-B3-E3-82-B7-E3-83-A7-E3-83-83-E3-83-88-202022-07-25-2016-44-41_jpg.rf.373f7ec2c16386aa22ff181376444559.jpg,29044,1574af3db9f638ab816ffa863c89487c4a4344633078f092bdb72b10199cb671
VADD(minmaldataset)/val/images/-E3-82-B9-E3-82-AF-E3-83-AA-E3-83-BC-E3-83-B3-E3-82-B7-E3-83-A7-E3-83-83-E3-83-88-202022-07-25-2016-49-24_jpg.rf.33b80f58a8726d5e53eca2ade8c10e64.jpg,56701,5d60412256fd69a1fa1f331d382d7caec950134befbcc153e8cf2d68ea6f4c51
VADD(minmaldataset)/val/images/-E3-82-B9-E3-82-AF-E3-83-AA-E3-83-BC-E3-83-B3-E3-82-B7-E3-83-A7-E3-83-83-E3-83-88-202022-07-25-2016-52-38_jpg.rf.762ee03fbfc3b0d7b2f39bd0130c7104.jpg,28834,f45713637a98203786f864646efe5b1c8a85a73815d61c059f481ac317af5a3e
VADD(minmaldataset)/val/images/-E3-82-B9-E3-82-AF-E3-83-AA-E3-83-BC-E3-83-B3-E3-82-B7-E3-83-A7-E3-83-83-E3-83-88-202022-07-25-2017-05-23_jpg.rf.424b6efc6e1d69e26806dfbac763ffc9.jpg,42354,99c597d0069c0b34a404929944fa3c57f7be28a2743990f44310761bcc71dc2b
VADD(minmaldataset)/val/images/-E3-82-B9-E3-82-AF-E3-83-AA-E3-83-BC-E3-83-B3-E3-82-B7-E3-83-A7-E3-83-83-E3-83-88-202022-07-25-2017-16-16_jpg.rf.61167d87106aed6be8b3871eabf0875b.jpg,56002,28cf9f918f68b4636a5e19176e0e1024020b45819d8c1edb2970344ee16e9209
VADD(minmaldataset)/val/images/-E3-82-B9-E3-82-AF-E3-83-AA-E3-83-BC-E3-83-B3-E3-82-B7-E3-83-A7-E3-83-83-E3-83-88-202022-07-25-2017-16-16_jpg.rf.ab483ece292795c8a27ad8aa94425074.jpg,28828,bfb1eb19c4e9160487b427924df172f72ae5870d09c2e8e090347cd29dd10a85
VADD(minmaldataset)/val/images/-E3-82-B9-E3-82-AF-E3-83-AA-E3-83-BC-E3-83-B3-E3-82-B7-E3-83-A7-E3-83-83-E3-83-88-202022-07-25-2017-17-51_jpg.rf.92fa584cd87bdf79f176131588c00388.jpg,41028,6d7f22785a9dd38e510f28bc65cac147864981659d829196b0c8507fabccdf29
VADD(minmaldataset)/val/images/-E3-82-B9-E3-82-AF-E3-83-AA-E3-83-BC-E3-83-B3-E3-82-B7-E3-83-A7-E3-83-83-E3-83-88-202022-07-25-2017-21-34_jpg.rf.d3b374bc08c1a02e4efcd93bff361da3.jpg,39859,90dfd1b2c88073bb5655910dfd6423ceaf333cef0e3a19695e1803ffd29e8a68
VADD(minmaldataset)/val/images/-E3-82-B9-E3-82-AF-E3-83-AA-E3-83-BC-E3-83-B3-E3-82-B7-E3-83-A7-E3-83-83-E3-83-88-202022-07-25-2017-27-12_jpg.rf.2ad68a7c6cf1a8e82f7233a6ebc94a25.jpg,28302,0888c775fea7ea9f85d5b915fc8cbaa8fe1ff912a0f17bf93ab2c0e57347d2a6
VADD(minmaldataset)/val/images/-E3-82-B9-E3-82-AF-E3-83-AA-E3-83-BC-E3-83-B3-E3-82-B7-E3-83-A7-E3-83-83-E3-83-88-202022-08-11-2014-21-48_jpg.rf.b771c695e7d7b88c8380795e40b706b8.jpg,29575,4f47985f8a73b1d6e01410b78e45f93b283fd35d07937e047b7dda463acfd5d1
VADD(minmaldataset)/val/images/-E3-82-B9-E3-82-AF-E3-83-AA-E3-83-BC-E3-83-B3-E3-82-B7-E3-83-A7-E3-83-83-E3-83-88-202022-08-11-2014-25-40_jpg.rf.8d73dc234ffa97883685f5b9fdf1ded5.jpg,30274,8b7bb6e7fe8375b4616e1c6be3effe5e7b106e1b6ebde4784d01247662429ed7
VADD(minmaldataset)/val/images/-E3-82-B9-E3-82-AF-E3-83-AA-E3-83-BC-E3-83-B3-E3-82-B7-E3-83-A7-E3-83-83-E3-83-88-202022-08-11-2014-25-40_jpg.rf.e8eb3d3a67d4540c614c0827f48a386b.jpg,30274,8b7bb6e7fe8375b4616e1c6be3effe5e7b106e1b6ebde4784d01247662429ed7
VADD(minmaldataset)/val/images/-E3-82-B9-E3-82-AF-E3-83-AA-E3-83-BC-E3-83-B3-E3-82-B7-E3-83-A7-E3-83-83-E3-83-88-202022-08-11-2014-26-29_jpg.rf.72ec304019a81a3d3db368f143670a30.jpg,28940,96d47bf5ca01909e9b653a5e95a6d8411dd37b920e6728e52d87028886598d3d
VADD(minmaldataset)/val/images/-E3-82-B9-E3-82-AF-E3-83-AA-E3-83-BC-E3-83-B3-E3-82-B7-E3-83-A7-E3-83-83-E3-83-88-202022-08-11-2016-13-46_jpg.rf.3855ddb6ccc917ae64f1abcfbc476f34.jpg,36454,a3a00778b4b05affacbde3d3864d2ca60adb4a2b47ff601297a7aa17210ddea6
VADD(minmaldataset)/val/images/-E3-82-B9-E3-82-AF-E3-83-AA-E3-83-BC-E3-83-B3-E3-82-B7-E3-83-A7-E3-83-83-E3-83-88-202022-08-11-2016-20-33_jpg.rf.350bdbb3a214158a24d7d28b2114ced8.jpg,52171,15f2b042fffe66392fe447ba877d0aa673e85c84997acdf476d75630224b62db
VADD(minmaldataset)/val/images/-E3-82-B9-E3-82-AF-E3-83-AA-E3-83-BC-E3-83-B3-E3-82-B7-E3-83-A7-E3-83-83-E3-83-88-202022-08-11-2016-22-13_jpg.rf.a0c648e0d5b42d3e5d5927a8da488583.jpg,72408,f252310e1cb72b997ab77cb831f8ae69b5ffe4399f82e752d1334953d3b4fd28
VADD(minmaldataset)/val/images/-E3-82-B9-E3-82-AF-E3-83-AA-E3-83-BC-E3-83-B3-E3-82-B7-E3-83-A7-E3-83-83-E3-83-88-202022-08-11-2016-30-45_jpg.rf.f97bb7973d5c5bc4334cbd94d35d715f.jpg,35359,dcc49affa605596aaa123bccc7e7a96fff4641cf3ad8dcc7703300498b6ff7ed
VADD(minmaldataset)/val/images/-E3-82-B9-E3-82-AF-E3-83-AA-E3-83-BC-E3-83-B3-E3-82-B7-E3-83-A7-E3-83-83-E3-83-88-202022-08-11-2016-31-43_jpg.rf.388f8da2f5dfe0c3f90e8a100193eae1.jpg,36052,10cf6681f86260dbf639f59bbaa59fd87ef1e9eb83bbc2518c5089d5824e7721
VADD(minmaldataset)/val/images/-E3-82-B9-E3-82-AF-E3-83-AA-E3-83-BC-E3-83-B3-E3-82-B7-E3-83-A7-E3-83-83-E3-83-88-202022-08-11-2016-33-23_jpg.rf.43fecd581f5799eaa934c87b66997845.jpg,36072,f5b1e4a16e7440fa125b5e160980e104791be3a3e3d71c5ac40905abeb648705
VADD(minmaldataset)/val/images/-E3-82-B9-E3-82-AF-E3-83-AA-E3-83-BC-E3-83-B3-E3-82-B7-E3-83-A7-E3-83-83-E3-83-88-202022-08-11-2016-50-24_jpg.rf.35ee708efcc679a9f1cb581885158efc.jpg,35317,b13964964c834a6667b3a3485ad91902df1ac3b8b4bb378269b46e94f7e34136
VADD(minmaldataset)/val/images/-E3-82-B9-E3-82-AF-E3-83-AA-E3-83-BC-E3-83-B3-E3-82-B7-E3-83-A7-E3-83-83-E3-83-88-202022-08-11-2016-53-13_jpg.rf.88333ca99c77b2b8f1e2651bbb76abbc.jpg,35460,9d60747cf9868e6a31f52010c9cc976c80ceb2349e7166720ca74cac86842bff
VADD(minmaldataset)/val/images/-E3-82-B9-E3-82-AF-E3-83-AA-E3-83-BC-E3-83-B3-E3-82-B7-E3-83-A7-E3-83-83-E3-83-88-202022-08-11-2022-47-09_jpg.rf.381e629f78f12f619e02d2c766a2f177.jpg,59977,5d984175c2ca589114fe6ecb1181440b13b402cdf8d7366d4bb2a1486a341dbc
VADD(minmaldataset)/val/images/-E3-82-B9-E3-82-AF-E3-83-AA-E3-83-BC-E3-83-B3-E3-82-B7-E3-83-A7-E3-83-83-E3-83-88-202022-08-11-2022-49-03_jpg.rf.d625524f8b567124ca162d0aa4fa8ca2.jpg,30995,8eb3e6d6fceb848aa398ed94476737fc180f8baf29ae374cb4a235a9b1c0b5cb
VADD(minmaldataset)/val/images/-E3-82-B9-E3-82-AF-E3-83-AA-E3-83-BC-E3-83-B3-E3-82-B7-E3-83-A7-E3-83-83-E3-83-88-202022-08-11-2022-49-27_jpg.rf.37f58c7942220dacfab4f4111e8f4e7b.jpg,30318,132880430c8a6be110bd3f9f91fb330978392334dc8630af80e78c7929e94bd9
VADD(minmaldataset)/val/images/-E3-82-B9-E3-82-AF-E3-83-AA-E3-83-BC-E3-83-B3-E3-82-B7-E3-83-A7-E3-83-83-E3-83-88-202022-08-12-2015-17-41_jpg.rf.068a09d4965358c17e5104ff8527c4a1.jpg,43665,4628fb51a8a4bb4ed0880c374ca0c6f5dda5f9f62d176d228321b987f0e917f9
VADD(minmaldataset)/val/images/-E3-82-B9-E3-82-AF-E3-83-AA-E3-83-BC-E3-83-B3-E3-82-B7-E3-83-A7-E3-83-83-E3-83-88-202022-08-12-2015-24-42_jpg.rf.1f46657f07d35c72e6fe2f6ec768ad14.jpg,31103,081718f33acb2ff4c9346ad2d0528740d7fece7f918b8179ae2e2a3b608920f0
VADD(minmaldataset)/val/images/-E3-82-B9-E3-82-AF-E3-83-AA-E3-83-BC-E3-83-B3-E3-82-B7-E3-83-A7-E3-83-83-E3-83-88-202022-08-12-2015-44-07_jpg.rf.7947017dd52cefd406fbe225102d301b.jpg,60185,3e04b845a95305ea385314f0e450b6471afddce36a2efc064f34897aa8dc2989
VADD(minmaldataset)/val/images/-E3-82-B9-E3-82-AF-E3-83-AA-E3-83-BC-E3-83-B3-E3-82-B7-E3-83-A7-E3-83-83-E3-83-88-202022-08-12-2015-44-50_jpg.rf.48410577e0ac8bfbf6718ac27d220412.jpg,61385,14db3fe39e1aaac058d9cdc0461813146390835915aa44871a81ae548d2fa82b
VADD(minmaldataset)/val/images/-E3-82-B9-E3-82-AF-E3-83-AA-E3-83-BC-E3-83-B3-E3-82-B7-E3-83-A7-E3-83-83-E3-83-88-202022-08-22-2023-25-46_jpg.rf.445d2bf671df87c3eb1f2c72841d8896.jpg,72903,6ac1e05f258dfe5c8a0884816e6f3003de52d96c3dde7d8a798f8c2591cf2646
VADD(minmaldataset)/val/images/-E3-82-B9-E3-82-AF-E3-83-AA-E3-83-BC-E3-83-B3-E3-82-B7-E3-83-A7-E3-83-83-E3-83-88-202022-08-22-2023-43-25_jpg.rf.285617519ec52f7c1544d2dfb9589bcf.jpg,33237,188bc3b2cc18767f4f5c0bae29e73577ef6b73a10319023b4f950e5de6dd83c2
VADD(minmaldataset)/val/images/-E3-82-B9-E3-82-AF-E3-83-AA-E3-83-BC-E3-83-B3-E3-82-B7-E3-83-A7-E3-83-83-E3-83-88-202022-08-22-2023-45-21_jpg.rf.2d7d95eafa9e9c8d28be3ea72259a1c9.jpg,65148,afe3b8d7d375f29ad42c2e5792dd84b6fdfff1c7cb4da527a3b5df18918d6e2b
VADD(minmaldataset)/val/images/-E3-82-B9-E3-82-AF-E3-83-AA-E3-83-BC-E3-83-B3-E3-82-B7-E3-83-A7-E3-83-83-E3-83-88-202022-08-22-2023-47-23_jpg.rf.77e1454ecb17e8f2ab64b82330fcc529.jpg,46699,fb6d34e2c9b96249eeb95f9f9137c5c223894b92865a809421c6a3d43edab237
VADD(minmaldataset)/val/images/-E3-82-B9-E3-82-AF-E3-83-AA-E3-83-BC-E3-83-B3-E3-82-B7-E3-83-A7-E3-83-83-E3-83-88-202022-08-22-2023-58-13_jpg.rf.6cdd845cf7a0f799ff47a1e0ccafeb24.jpg,33506,7116a9a950832ba4004192e16afdbcd3acc01dc19791a8cb8abd35b54dd50c60
VADD(minmaldataset)/val/images/-E3-82-B9-E3-82-AF-E3-83-AA-E3-83-BC-E3-83-B3-E3-82-B7-E3-83-A7-E3-83-83-E3-83-88-202022-08-23-200-19-23_jpg.rf.6eefecbfc9d841580535ec23cdb7fdee.jpg,32545,af35e743c42c8884d6861f16c7599ada541603adb64c49e8df9b264737b1c504
VADD(minmaldataset)/val/images/-E3-82-B9-E3-82-AF-E3-83-AA-E3-83-BC-E3-83-B3-E3-82-B7-E3-83-A7-E3-83-83-E3-83-88-202022-08-23-200-20-57_jpg.rf.6982de661c9a97189d526b3935ee80e3.jpg,62924,bba3ad2960bf200081d5eb2924ba742c6dd44e304cbe08d0fb51cb9a0574b137
VADD(minmaldataset)/val/images/-E3-82-B9-E3-82-AF-E3-83-AA-E3-83-BC-E3-83-B3-E3-82-B7-E3-83-A7-E3-83-83-E3-83-88-202022-08-23-200-38-42_jpg.rf.60664a4ab85725b750e931788d372ebb.jpg,66897,73c2b7f1614f259756bb294ab22c0a0754272c55fea5077f72fbae33a91e7f56
VADD(minmaldataset)/val/images/-E3-82-B9-E3-82-AF-E3-83-AA-E3-83-BC-E3-83-B3-E3-82-B7-E3-83-A7-E3-83-83-E3-83-88-202022-08-27-2015-36-02_jpg.rf.e5e9d65b2ba30fab0284c68e37ef59d0.jpg,32965,753316256ef1f43728585e63736e694704f5d76a2c8ce8ad6c46f9ab2f7bb3cd
VADD(minmaldataset)/val/images/-E3-82-B9-E3-82-AF-E3-83-AA-E3-83-BC-E3-83-B3-E3-82-B7-E3-83-A7-E3-83-83-E3-83-88-202022-08-27-2015-41-33_jpg.rf.97d53b3260f62ccdb27841c3173b8a68.jpg,33736,9878be5c2847ca46ae27243b8bec6c9b7de1d7b7e3014a448b19152155819ea6
VADD(minmaldataset)/val/images/-E3-82-B9-E3-82-AF-E3-83-AA-E3-83-BC-E3-83-B3-E3-82-B7-E3-83-A7-E3-83-83-E3-83-88-202022-08-27-2015-47-38_jpg.rf.53ed50320dd3d1746809fd12b310a88a.jpg,33222,d3ca785d219ab5a55f9dba35d09acb6fa408c0f3abcab2ba293e8d1fc5f4684e
VADD(minmaldataset)/val/images/-E3-82-B9-E3-82-AF-E3-83-AA-E3-83-BC-E3-83-B3-E3-82-B7-E3-83-A7-E3-83-83-E3-83-88-202022-08-27-2015-58-14_jpg.rf.2884310f37df38d7336fbed2ec4f2680.jpg,33267,0f797a66f17590cd4abbb96f1821896c48d7467cc171ab6f0bf7d6f12c556937
VADD(minmaldataset)/val/images/-E3-82-B9-E3-82-AF-E3-83-AA-E3-83-BC-E3-83-B3-E3-82-B7-E3-83-A7-E3-83-83-E3-83-88-202022-08-27-2015-59-15_jpg.rf.18408ba668313e8f2881cf3f61801410.jpg,33823,cd5c865c673b82f8736c4e4b164e128f8ed5c7be806d58015025223d76b9887a
VADD(minmaldataset)/val/images/-E3-82-B9-E3-82-AF-E3-83-AA-E3-83-BC-E3-83-B3-E3-82-B7-E3-83-A7-E3-83-83-E3-83-88-202022-08-27-2016-03-19_jpg.rf.88a0d81552ae91aebeca617d10bc3639.jpg,33563,d1864db5252e1f57784b14415201b9633fabe172bc67461ba958481c077e9f12
VADD(minmaldataset)/val/images/-E3-82-B9-E3-82-AF-E3-83-AA-E3-83-BC-E3-83-B3-E3-82-B7-E3-83-A7-E3-83-83-E3-83-88-202022-08-27-2016-17-28_jpg.rf.ecaa2259d5f27112d073d6b1452f55bd.jpg,33653,51f1277fee455f5d7ccf644900619e4c5b469e8637315cb90e0f06bbd27719a4
VADD(minmaldataset)/val/images/-E3-82-B9-E3-82-AF-E3-83-AA-E3-83-BC-E3-83-B3-E3-82-B7-E3-83-A7-E3-83-83-E3-83-88-202022-08-27-2016-17-28_jpg.rf.f592cac990ce780736b71a8127567b2b.jpg,66730,77551fc74cf597b1b999814b72dea68a400ddb98317c125124b828ef64a91386
VADD(minmaldataset)/val/images/-E3-82-B9-E3-82-AF-E3-83-AA-E3-83-BC-E3-83-B3-E3-82-B7-E3-83-A7-E3-83-83-E3-83-88-202022-08-27-2016-19-22_jpg.rf.f48c508a209f778d77db17575d0ddb75.jpg,33983,bbfd01f31e9a9444e6177281eb593ef93d9f7bec2e4ebb3b053e9126452bce1b
VADD(minmaldataset)/val/images/-E3-82-B9-E3-82-AF-E3-83-AA-E3-83-BC-E3-83-B3-E3-82-B7-E3-83-A7-E3-83-83-E3-83-88-202022-08-27-2016-21-19_jpg.rf.f9388a0529edf6288ea90f95ab7cbdb5.jpg,33490,b244c86cf87d52ee5390f12a0b1a7b6c1d89d682dfea1057a55aeaf4947daca3
VADD(minmaldataset)/val/images/-E3-82-B9-E3-82-AF-E3-83-AA-E3-83-BC-E3-83-B3-E3-82-B7-E3-83-A7-E3-83-83-E3-83-88-202022-08-27-2016-22-27_jpg.rf.c4e43b7083ec92886db915c44543595a.jpg,48744,6393eb17aa4f412f31419e5edbb7907da66c1bf4d56c76ef2e7da1ec339c6238
VADD(minmaldataset)/val/images/-E3-82-B9-E3-82-AF-E3-83-AA-E3-83-BC-E3-83-B3-E3-82-B7-E3-83-A7-E3-83-83-E3-83-88-202022-08-28-2022-21-27_jpg.rf.5355c88c9611f618cea70975b1531229.jpg,63296,9c8d2b7c643e50ad350bac81a083d66d5029051f5b2987fe1179a64a21eca5a9
VADD(minmaldataset)/val/images/-E3-82-B9-E3-82-AF-E3-83-AA-E3-83-BC-E3-83-B3-E3-82-B7-E3-83-A7-E3-83-83-E3-83-88-202022-08-28-2022-22-21_jpg.rf.45bee33bd4e50b2eb2570558c60e57d6.jpg,33275,769a05535a23171b51f612e52bd91a044ee93877dfd6a24f1e3bbb703d707145
VADD(minmaldataset)/val/images/-E3-82-B9-E3-82-AF-E3-83-AA-E3-83-BC-E3-83-B3-E3-82-B7-E3-83-A7-E3-83-83-E3-83-88-202022-08-28-2022-22-45_jpg.rf.38dc704d0a14e8e45ca085db9d98318e.jpg,65754,08a7716daf74784bf9259080d0616498fa87eb0733d4b63cbbc3e6fa20b06bf5
VADD(minmaldataset)/val/images/-E3-82-B9-E3-82-AF-E3-83-AA-E3-83-BC-E3-83-B3-E3-82-B7-E3-83-A7-E3-83-83-E3-83-88-202022-08-28-2022-31-48_jpg.rf.705aa901c2a678e8047d2d265dfe4039.jpg,46733,e9eb4ec152fc2f149dddfa16e5c740b373977e4012317e4315e2438ae0205257
VADD(minmaldataset)/val/images/-E3-82-B9-E3-82-AF-E3-83-AA-E3-83-BC-E3-83-B3-E3-82-B7-E3-83-A7-E3-83-83-E3-83-88-202022-08-28-2022-47-26_jpg.rf.4fcef59782a396c000dbd9dd4624b076.jpg,32775,abb2cb1507bd3eb96a2a04ef63b2d924d4fff6e92452074e6081ad9d70ed8454
VADD(minmaldataset)/val/images/-E3-82-B9-E3-82-AF-E3-83-AA-E3-83-BC-E3-83-B3-E3-82-B7-E3-83-A7-E3-83-83-E3-83-88-202022-08-31-2021-28-38_jpg.rf.df28a30766e9eca4404693fb5af797f9.jpg,59384,e6af93f149bf721a761f09dcf02cfdd0cc4a5358715e86c6a921fe60ba9a446a
VADD(minmaldataset)/val/images/-E3-82-B9-E3-82-AF-E3-83-AA-E3-83-BC-E3-83-B3-E3-82-B7-E3-83-A7-E3-83-83-E3-83-88-202022-08-31-2021-38-38_jpg.rf.7879b8dd291c165164c9de1494af76de.jpg,29502,a91dc1cfcf73ee8d6b2bc667489f796c88d22ed202c408fd691c8ebbab5ac3d5
VADD(minmaldataset)/val/images/-E3-82-B9-E3-82-AF-E3-83-AA-E3-83-BC-E3-83-B3-E3-82-B7-E3-83-A7-E3-83-83-E3-83-88-202022-08-31-2021-47-19_jpg.rf.e641aa2b0ef367a2d4a3cb5755c2c7a6.jpg,49381,c32a4e1f1a4cf655268b4006a39eeb5e30bbb90be0e3fd41c6a9e5ec65a228e7
VADD(minmaldataset)/val/images/-E3-82-B9-E3-82-AF-E3-83-AA-E3-83-BC-E3-83-B3-E3-82-B7-E3-83-A7-E3-83-83-E3-83-88-202022-08-31-2021-47-33_jpg.rf.b58edf9568ed5fb4621dc06c4918ef30.jpg,48053,3f27023c5db147c6138f25834944fdcd938c994d4fa529ddfedc500c348ef9f8
VADD(minmaldataset)/val/images/-E3-82-B9-E3-82-AF-E3-83-AA-E3-83-BC-E3-83-B3-E3-82-B7-E3-83-A7-E3-83-83-E3-83-88-202022-08-31-2021-48-39_jpg.rf.781ffb97dd42d3b174855be16c2a6b62.jpg,55769,558656d9e5e1a574d14bee1abda619bc53b1d6348534f4dad4c64cf8898d0e0c
VADD(minmaldataset)/val/images/-E3-82-B9-E3-82-AF-E3-83-AA-E3-83-BC-E3-83-B3-E3-82-B7-E3-83-A7-E3-83-83-E3-83-88-202022-08-31-2021-53-29_jpg.rf.cb76f9b47f2d233906227ce660a4a423.jpg,30662,f3452662eb5c96d981d263855cf671bea05d87017e9349acc0215edd00a7e50f
VADD(minmaldataset)/val/images/-E3-82-B9-E3-82-AF-E3-83-AA-E3-83-BC-E3-83-B3-E3-82-B7-E3-83-A7-E3-83-83-E3-83-88-202022-08-31-2021-55-01_jpg.rf.293fecb19fff221c0e716c47e9685229.jpg,32675,3b1595064032155b984c024882c279bd5d2da99a6c6bd89fbd35b8f2a6a7a4c9
VADD(minmaldataset)/val/images/-E3-82-B9-E3-82-AF-E3-83-AA-E3-83-BC-E3-83-B3-E3-82-B7-E3-83-A7-E3-83-83-E3-83-88-202022-08-31-2021-55-01_jpg.rf.b02519d1eee58638d7c3ffbdbe17aaa0.jpg,32675,3b1595064032155b984c024882c279bd5d2da99a6c6bd89fbd35b8f2a6a7a4c9
VADD(minmaldataset)/val/images/-E3-82-B9-E3-82-AF-E3-83-AA-E3-83-BC-E3-83-B3-E3-82-B7-E3-83-A7-E3-83-83-E3-83-88-202022-08-31-2021-58-43_jpg.rf.6621f4cc348244be993831c1703186db.jpg,28383,dcc730d7c78e1ea21eb9c1d966a3e6ef998a261c4cd8f0c7faa48285af9dc1fb
VADD(minmaldataset)/val/images/-E3-82-B9-E3-82-AF-E3-83-AA-E3-83-BC-E3-83-B3-E3-82-B7-E3-83-A7-E3-83-83-E3-83-88-202022-08-31-2022-00-30_jpg.rf.e6e2a7ead3bb3341765cb35b4e995ad1.jpg,28445,5a0a756809f1ee0fa789c1dbb711b59141e153816f0c3b5eb636e34bc8550d58
VADD(minmaldataset)/val/images/-E3-82-B9-E3-82-AF-E3-83-AA-E3-83-BC-E3-83-B3-E3-82-B7-E3-83-A7-E3-83-83-E3-83-88-202022-08-31-2022-04-28_jpg.rf.6efa381178508f4614870f6cca1c30e5.jpg,38499,72ce6c3c11d2832a9e56f251f2e124732636375d508235876e06b54918109c1c
VADD(minmaldataset)/val/images/-E3-82-B9-E3-82-AF-E3-83-AA-E3-83-BC-E3-83-B3-E3-82-B7-E3-83-A7-E3-83-83-E3-83-88-202022-08-31-2022-05-06_jpg.rf.ba3688f9dfb187a0b99ed4c36350baba.jpg,30340,8265e531cbdf74aadcd508c0951e02b99dfd85c89053cd04efed167c81b29bdd
VADD(minmaldataset)/val/images/-E3-82-B9-E3-82-AF-E3-83-AA-E3-83-BC-E3-83-B3-E3-82-B7-E3-83-A7-E3-83-83-E3-83-88-202022-08-31-2022-08-50_jpg.rf.437d9571c196773c47523638921007ae.jpg,30050,421b8bb5e352e954fe68cc6dfe784e7f08923a5a8230a3abfab1f0d139098b32
VADD(minmaldataset)/val/images/-E3-82-B9-E3-82-AF-E3-83-AA-E3-83-BC-E3-83-B3-E3-82-B7-E3-83-A7-E3-83-83-E3-83-88-202022-08-31-2022-13-18_jpg.rf.2dfedf8039f62779ea9acbdcf38160b2.jpg,55590,d2f478c560524f4b2891585a858ce537f14cc5b80e83088b0e29ff31a0e5f5de
VADD(minmaldataset)/val/images/-E3-82-B9-E3-82-AF-E3-83-AA-E3-83-BC-E3-83-B3-E3-82-B7-E3-83-A7-E3-83-83-E3-83-88-202022-08-31-2022-14-53_jpg.rf.f7273794d7be8f0813c3eaa3851b3f26.jpg,29977,76a4847f7cbf2198d8e301bef89e32495347bf698870940347aa71d47cce2a84
VADD(minmaldataset)/val/images/-E3-82-B9-E3-82-AF-E3-83-AA-E3-83-BC-E3-83-B3-E3-82-B7-E3-83-A7-E3-83-83-E3-83-88-202022-08-31-2022-16-24_jpg.rf.153bd2f05c38cd303847de8669e8a0c6.jpg,31106,045328e5fb812fefebd23c202e9b188ab4baa3e28714da85ba4204e07b9105d3
VADD(minmaldataset)/val/images/-E3-82-B9-E3-82-AF-E3-83-AA-E3-83-BC-E3-83-B3-E3-82-B7-E3-83-A7-E3-83-83-E3-83-88-202022-08-31-2022-16-39_jpg.rf.b3acba1410ce5273ea997d36e2460cb7.jpg,30853,9eb416c0af70acdfae285c9a9964e0f88da32a2b593d8a20d253084de554a044
VADD(minmaldataset)/val/images/-E3-82-B9-E3-82-AF-E3-83-AA-E3-83-BC-E3-83-B3-E3-82-B7-E3-83-A7-E3-83-83-E3-83-88-202022-08-31-2022-17-10_jpg.rf.74f5107b9aac0445eaafd0b3c7be9776.jpg,30375,1922c14060f58bb3f08806d03ce1ec18b27d09e5ce86673d6117a4ac10fad65a
VADD(minmaldataset)/val/images/-E3-82-B9-E3-82-AF-E3-83-AA-E3-83-BC-E3-83-B3-E3-82-B7-E3-83-A7-E3-83-83-E3-83-88-202022-08-31-2022-18-33_jpg.rf.936c39aa8b5fd7b0d42fefcf8d3d9ef1.jpg,31066,baf681b064e5d1d755a615e971d6121c11880f75135e6feca0c7eb5dbddb2688
VADD(minmaldataset)/val/images/-E3-82-B9-E3-82-AF-E3-83-AA-E3-83-BC-E3-83-B3-E3-82-B7-E3-83-A7-E3-83-83-E3-83-88-202022-08-31-2022-29-18_jpg.rf.bc010c2caae178d207129589a020ea6a.jpg,58058,baf0ead518601177c6f759bca749481b2f5a158c85cd72516e1ec49b090ffe9c
VADD(minmaldataset)/val/images/-E3-82-B9-E3-82-AF-E3-83-AA-E3-83-BC-E3-83-B3-E3-82-B7-E3-83-A7-E3-83-83-E3-83-88-202022-08-31-2022-30-42_jpg.rf.4a9e78ff2de8e9ccc220ace1cb136f30.jpg,61910,e1dd8df79272354bc0c471834225873956377d17b7ba8ee466c74a56d6e17e25
VADD(minmaldataset)/val/images/-E3-82-B9-E3-82-AF-E3-83-AA-E3-83-BC-E3-83-B3-E3-82-B7-E3-83-A7-E3-83-83-E3-83-88-202022-08-31-2022-30-42_jpg.rf.942b55017aa849dbbd5ccb68bb78e404.jpg,46072,b9b8779641c975177df247fee690d1ef6c2cc8dcbafe18e717e3a587d625c03e
VADD(minmaldataset)/val/images/-E3-82-B9-E3-82-AF-E3-83-AA-E3-83-BC-E3-83-B3-E3-82-B7-E3-83-A7-E3-83-83-E3-83-88-202022-08-31-2022-46-24_jpg.rf.057613daadc6ea909489cc3a072600ec.jpg,42811,5e20ec384b51b48b6bd260e107d2f237127a07765f343754895dfce0162154e5
VADD(minmaldataset)/val/images/-E3-82-B9-E3-82-AF-E3-83-AA-E3-83-BC-E3-83-B3-E3-82-B7-E3-83-A7-E3-83-83-E3-83-88-202022-08-31-2022-49-03_jpg.rf.f92454b56ee97de1828c8f8f816b7511.jpg,43807,3cf015731f332d0214e47417c5253a97ab2c5164c25738a563ee9a84b914d90e
VADD(minmaldataset)/val/images/-E3-82-B9-E3-82-AF-E3-83-AA-E3-83-BC-E3-83-B3-E3-82-B7-E3-83-A7-E3-83-83-E3-83-88-202022-08-31-2022-51-37_jpg.rf.6a6b690d72e0cd56d60f5cd60c45cc67.jpg,55701,9b219dd36f915adbe51b23218fadac12dd0b5763397a97ca7af381532c4a96b0
VADD(minmaldataset)/val/images/-E3-82-B9-E3-82-AF-E3-83-AA-E3-83-BC-E3-83-B3-E3-82-B7-E3-83-A7-E3-83-83-E3-83-88-202022-08-31-2022-52-44_jpg.rf.6285ea50db10c99bbe6bbc3fb67a9ced.jpg,58036,27e45b032dc3cde16fcc708d146883277d1f77743946c4fb6acc6060160089a5
VADD(minmaldataset)/val/images/-E3-82-B9-E3-82-AF-E3-83-AA-E3-83-BC-E3-83-B3-E3-82-B7-E3-83-A7-E3-83-83-E3-83-88-202022-08-31-2022-53-25_jpg.rf.3798ad05065e08d78b1fe0694c742647.jpg,30377,3e0a29d7a9f1b4c5d5bb09673f6956d6a9a6fd0f2814e200c29671d16e3ac75c
VADD(minmaldataset)/val/images/-E3-82-B9-E3-82-AF-E3-83-AA-E3-83-BC-E3-83-B3-E3-82-B7-E3-83-A7-E3-83-83-E3-83-88-202022-08-31-2023-27-48_jpg.rf.12e34a544fa27e3f8e586e837a158423.jpg,52678,2a1f39f5363a6c728a0f02230758c94f37760eb1243bce84c03bf4a6baa81411
VADD(minmaldataset)/val/images/-E3-82-B9-E3-82-AF-E3-83-AA-E3-83-BC-E3-83-B3-E3-82-B7-E3-83-A7-E3-83-83-E3-83-88-202022-08-31-2023-29-07_jpg.rf.f4f22c4a9b9ca00190da8c9a6ba9c9c0.jpg,28642,17d378d15f7b7aac6173c23681900ba76e7bc12e73e73984a33c38b3fca986f0
VADD(minmaldataset)/val/images/-E3-82-B9-E3-82-AF-E3-83-AA-E3-83-BC-E3-83-B3-E3-82-B7-E3-83-A7-E3-83-83-E3-83-88-202022-08-31-2023-29-55_jpg.rf.b3825131cbc746e59e0f2e534cf72618.jpg,28081,5ce8df900d5204649951ba27286f9391d247636bccfd8077a152b70ea0fa1faf
VADD(minmaldataset)/val/images/-E3-82-B9-E3-82-AF-E3-83-AA-E3-83-BC-E3-83-B3-E3-82-B7-E3-83-A7-E3-83-83-E3-83-88-202022-08-31-2023-31-00_jpg.rf.30eb68c40176e871b564aa53e8999799.jpg,28106,1d7ff0f2d584553b86abb8624796aad0ac96d8fa42e563ce46f77a4e8d7b2780
VADD(minmaldataset)/val/images/-E3-82-B9-E3-82-AF-E3-83-AA-E3-83-BC-E3-83-B3-E3-82-B7-E3-83-A7-E3-83-83-E3-83-88-202022-08-31-2023-35-45_jpg.rf.08f3b2c2927778c85761d04945778347.jpg,27902,1f618ebba5bec913198164dca6d849d88f9453bf08108a63d4e2e63b7b781c26
VADD(minmaldataset)/val/images/-E3-82-B9-E3-82-AF-E3-83-AA-E3-83-BC-E3-83-B3-E3-82-B7-E3-83-A7-E3-83-83-E3-83-88-202022-08-31-2023-39-26_jpg.rf.1a9efb0ab2c43ffb17b31babeccda903.jpg,39728,92992a7981f848b12ad555faca3cefd3ef5aec1a091a65fb72894a3504ba38be
VADD(minmaldataset)/val/images/-E3-82-B9-E3-82-AF-E3-83-AA-E3-83-BC-E3-83-B3-E3-82-B7-E3-83-A7-E3-83-83-E3-83-88-202022-08-31-2023-40-27_jpg.rf.6324138a564145d81ed8978458a95c6e.jpg,53348,4c0801ea51dd69fb5e71dea2c1b433f836ca5a2ee5b23f7ce0cc955a755b0b6d
VADD(minmaldataset)/val/images/-E3-82-B9-E3-82-AF-E3-83-AA-E3-83-BC-E3-83-B3-E3-82-B7-E3-83-A7-E3-83-83-E3-83-88-202022-08-31-2023-41-55_jpg.rf.3b7d848364bc694c6641d70fc1443ae7.jpg,55503,078c05e2c723eb99522c30acb7d859c86eafe0e6a259cf5fe7046b7374478697
VADD(minmaldataset)/val/images/-E3-82-B9-E3-82-AF-E3-83-AA-E3-83-BC-E3-83-B3-E3-82-B7-E3-83-A7-E3-83-83-E3-83-88-202022-08-31-2023-53-16_jpg.rf.230aa1b31098e80189fc326faba64aad.jpg,40206,2b550426aaaf4777ce56ed6ae22dd5b0dab26c1797d99b4ac8bf40e7fec69363
VADD(minmaldataset)/val/images/-E3-82-B9-E3-82-AF-E3-83-AA-E3-83-BC-E3-83-B3-E3-82-B7-E3-83-A7-E3-83-83-E3-83-88-202022-08-31-2023-56-31_jpg.rf.fe6358d91dd3d1729b134a81af6544a1.jpg,28241,cb00bb1f68ab16fd4dbd8fda7f0feff4b25e19f463ec1e11fb08aeb45d1de7a5
VADD(minmaldataset)/val/images/-E3-82-B9-E3-82-AF-E3-83-AA-E3-83-BC-E3-83-B3-E3-82-B7-E3-83-A7-E3-83-83-E3-83-88-202022-09-01-200-13-24_jpg.rf.9052b97d70d82dbdb28ce61d8343498f.jpg,34237,5fb1b2ec5d057e5cbcda2c111f0236d53ad0eaea6698d6f37a84fc52a0fb5cd9
VADD(minmaldataset)/val/images/-E3-82-B9-E3-82-AF-E3-83-AA-E3-83-BC-E3-83-B3-E3-82-B7-E3-83-A7-E3-83-83-E3-83-88-202022-09-01-200-18-26_jpg.rf.363a5972bed68202ba37937522bbf511.jpg,33693,aa2b0c210a604a620bd239ea0e887850fda0a769ac0e65ee342ce12eec477f1a
VADD(minmaldataset)/val/images/-E3-82-B9-E3-82-AF-E3-83-AA-E3-83-BC-E3-83-B3-E3-82-B7-E3-83-A7-E3-83-83-E3-83-88-202022-09-01-200-29-34_jpg.rf.32d5794f90feaa5344b0aaa21366f82f.jpg,33331,fd284ec59f9d19d382dc904332b0811fbd31ce2766b62569703921cfa4df75d1
VADD(minmaldataset)/val/images/-E3-82-B9-E3-82-AF-E3-83-AA-E3-83-BC-E3-83-B3-E3-82-B7-E3-83-A7-E3-83-83-E3-83-88-202022-09-01-200-29-34_jpg.rf.73551e9b09b7c060f0fa689b251d4d5a.jpg,33331,fd284ec59f9d19d382dc904332b0811fbd31ce2766b62569703921cfa4df75d1
VADD(minmaldataset)/val/images/-E3-82-B9-E3-82-AF-E3-83-AA-E3-83-BC-E3-83-B3-E3-82-B7-E3-83-A7-E3-83-83-E3-83-88-202022-09-01-200-29-34_jpg.rf.73fedf59bc5a574f400c105f88418b84.jpg,33331,fd284ec59f9d19d382dc904332b0811fbd31ce2766b62569703921cfa4df75d1
VADD(minmaldataset)/val/images/-E3-82-B9-E3-82-AF-E3-83-AA-E3-83-BC-E3-83-B3-E3-82-B7-E3-83-A7-E3-83-83-E3-83-88-202022-09-01-200-40-03_jpg.rf.06e3d8505d888dd1603a23cf5d2e3602.jpg,64313,2e8fbd5e724c402da7457cbea995c003a9648f4ace74f9ae458dc61ea12cdc2e
VADD(minmaldataset)/val/images/-E3-82-B9-E3-82-AF-E3-83-AA-E3-83-BC-E3-83-B3-E3-82-B7-E3-83-A7-E3-83-83-E3-83-88-202022-09-01-200-40-03_jpg.rf.535e67d5758c5cd41564ce54827cbb7c.jpg,46161,ffc9090af5580876a074fcb765ec4f6ad1dbbf044acc2e743c3b26abde087d49
VADD(minmaldataset)/val/images/-E3-82-B9-E3-82-AF-E3-83-AA-E3-83-BC-E3-83-B3-E3-82-B7-E3-83-A7-E3-83-83-E3-83-88-202022-09-01-200-41-13_jpg.rf.8b19bd645b26cffec78bf8d067c6616f.jpg,33385,f4188043b6483537019f64896152cc99fc543776ad04753ef97c64fa38258e7b
VADD(minmaldataset)/val/images/-E3-82-B9-E3-82-AF-E3-83-AA-E3-83-BC-E3-83-B3-E3-82-B7-E3-83-A7-E3-83-83-E3-83-88-202022-09-01-200-43-30_jpg.rf.114d9a238e70848a8b10ea49bd699458.jpg,35398,b301aa91202abce3b04d744e989876923bb2c49bf11c1d2490922762a699c31c
VADD(minmaldataset)/val/images/-E3-82-B9-E3-82-AF-E3-83-AA-E3-83-BC-E3-83-B3-E3-82-B7-E3-83-A7-E3-83-83-E3-83-88-202022-09-01-200-43-30_jpg.rf.7b025f56d03ddee526294fe5e9e04624.jpg,35398,b301aa91202abce3b04d744e989876923bb2c49bf11c1d2490922762a699c31c
VADD(minmaldataset)/val/images/-E3-82-B9-E3-82-AF-E3-83-AA-E3-83-BC-E3-83-B3-E3-82-B7-E3-83-A7-E3-83-83-E3-83-88-202022-09-01-200-50-32_jpg.rf.4448c7063c45f0c05d40ac7a15664355.jpg,35552,ebe5b269001670f6475b0187476b0611c7c16eae84ddedcd733068130ee116db
VADD(minmaldataset)/val/images/-E3-82-B9-E3-82-AF-E3-83-AA-E3-83-BC-E3-83-B3-E3-82-B7-E3-83-A7-E3-83-83-E3-83-88-202022-09-01-2015-57-31_jpg.rf.da12455b9fc30a07c6c7fc55e4a1f5d2.jpg,29262,60a124ad82040cf421ebf2a85c5fcb7d99a1a391cc31b03decb271b8754f3319
VADD(minmaldataset)/val/images/-E3-82-B9-E3-82-AF-E3-83-AA-E3-83-BC-E3-83-B3-E3-82-B7-E3-83-A7-E3-83-83-E3-83-88-202022-09-01-2016-06-48_jpg.rf.baf4a8ee760bd2c9c5ef2f8c627b7fd2.jpg,57957,9570655c30267e7c135d5602f399ac9336a1009e49badcc91b0d1169ea68af77
VADD(minmaldataset)/val/images/-E3-82-B9-E3-82-AF-E3-83-AA-E3-83-BC-E3-83-B3-E3-82-B7-E3-83-A7-E3-83-83-E3-83-88-202022-09-01-2016-42-11_jpg.rf.76419061123b27b43ae4929e7c8aae7e.jpg,29153,3bdec92de5d6bddc8ca53274f2cb87b3b063e992e7017a730745074c7e13a572
VADD(minmaldataset)/val/images/-E3-82-B9-E3-82-AF-E3-83-AA-E3-83-BC-E3-83-B3-E3-82-B7-E3-83-A7-E3-83-83-E3-83-88-202022-09-01-2016-42-51_jpg.rf.c2d23efcd8d390ed099afa238563be07.jpg,56745,7167ca193ff75ce3c2856a6bb062e5a6c7dcf8c251ca222f9287752196f2671c
VADD(minmaldataset)/val/images/-E3-82-B9-E3-82-AF-E3-83-AA-E3-83-BC-E3-83-B3-E3-82-B7-E3-83-A7-E3-83-83-E3-83-88-202022-09-01-2016-54-37_jpg.rf.09b5c4b7fca3d02cead9c73c65918244.jpg,42293,de23715ed044bcf70ab8e9b3d1e47fe1c910db5cb51ed87d929b4bcbdf34a418
VADD(minmaldataset)/val/images/-E3-82-B9-E3-82-AF-E3-83-AA-E3-83-BC-E3-83-B3-E3-82-B7-E3-83-A7-E3-83-83-E3-83-88-202022-09-01-2017-09-42_jpg.rf.34a9e45556f2781c09984237f398c9fa.jpg,28442,46fc5f9d3bfb29c9549d9339681bf0915eca96567faec83b87ce13977e6a30ec
VADD(minmaldataset)/val/images/-E3-82-B9-E3-82-AF-E3-83-AA-E3-83-BC-E3-83-B3-E3-82-B7-E3-83-A7-E3-83-83-E3-83-88-202022-09-01-2017-25-58_jpg.rf.13e8f88ede316247f19268411bc5095e.jpg,28775,ed93c04652af72fac197b60c7c5bd2a2066d360bade53c335ff847cf946a8dfc
VADD(minmaldataset)/val/images/-E3-82-B9-E3-82-AF-E3-83-AA-E3-83-BC-E3-83-B3-E3-82-B7-E3-83-A7-E3-83-83-E3-83-88-202022-09-01-202-12-05_jpg.rf.d3b9c5c5f5187c23669ce549332596c1.jpg,35619,c6448061b350bae94914438edeeb94d7a17f8d89bc0ef502514b78f4e547c8eb
VADD(minmaldataset)/val/images/-E3-82-B9-E3-82-AF-E3-83-AA-E3-83-BC-E3-83-B3-E3-82-B7-E3-83-A7-E3-83-83-E3-83-88-202022-09-02-2016-32-24_jpg.rf.79ac72fa280cf7227fe4184fe40a6b7c.jpg,46167,4d5ee9e1420e7aca6ceb3fe47abb390ef703e810e82c7bc00dfbd3f3878ef3d1
VADD(minmaldataset)/val/images/-E3-82-B9-E3-82-AF-E3-83-AA-E3-83-BC-E3-83-B3-E3-82-B7-E3-83-A7-E3-83-83-E3-83-88-202022-09-02-2016-35-31_jpg.rf.3b6dbf653208ca67746baf38d33487ba.jpg,66701,672d11b1d7dd4de52cda9f386004d5127686307e9061f0a9c4ea9871dffe5e3c
VADD(minmaldataset)/val/images/-E3-82-B9-E3-82-AF-E3-83-AA-E3-83-BC-E3-83-B3-E3-82-B7-E3-83-A7-E3-83-83-E3-83-88-202022-09-02-2016-37-41_jpg.rf.a9124415ddf41619e0dee74862807b8b.jpg,46816,1d135fa11aa9fb088d3d9de9369e7fee3588f5d64949b325b6758682a49ef642
VADD(minmaldataset)/val/images/-E3-82-B9-E3-82-AF-E3-83-AA-E3-83-BC-E3-83-B3-E3-82-B7-E3-83-A7-E3-83-83-E3-83-88-202022-09-02-2016-39-02_jpg.rf.0fdb3bcde9f859bba39286e1f7f1f6dc.jpg,64214,4664f8ff6353bae1416ffab3e07a235df0d825dff0b58273a256f40a698e2f82
VADD(minmaldataset)/val/images/-E3-82-B9-E3-82-AF-E3-83-AA-E3-83-BC-E3-83-B3-E3-82-B7-E3-83-A7-E3-83-83-E3-83-88-202022-09-02-2016-58-29_jpg.rf.37054dd378a439d925bd109efc743a08.jpg,74418,6d492123fe701f18a11fc9ea1bb1a3b525d6e445d771badb1db11aa9c21dc016
VADD(minmaldataset)/val/images/-E3-82-B9-E3-82-AF-E3-83-AA-E3-83-BC-E3-83-B3-E3-82-B7-E3-83-A7-E3-83-83-E3-83-88-202022-09-02-2017-02-44_jpg.rf.ba1a11b9e66fe7e65379fb2478667169.jpg,74608,4a9fe0319e17bb377c2eb09333d889ed78be49ff70d57d75e9a030f5ee180118
VADD(minmaldataset)/val/images/-E3-82-B9-E3-82-AF-E3-83-AA-E3-83-BC-E3-83-B3-E3-82-B7-E3-83-A7-E3-83-83-E3-83-88-202022-09-03-200-43-08_jpg.rf.42c605cdf7352cc305729a31facfa085.jpg,36137,13e32a0cea6bea77a91fd527e6e72a082b29eaffc5ee51570628fd2709844b5a
VADD(minmaldataset)/val/images/-E3-82-B9-E3-82-AF-E3-83-AA-E3-83-BC-E3-83-B3-E3-82-B7-E3-83-A7-E3-83-83-E3-83-88-202022-09-03-200-46-34_jpg.rf.2292311a63f229d7b6aeb1adc2ce473d.jpg,35339,75a0b6896792271f728ebadee5e2e5c197bfbbea83ad739634ee69d9e97ad31b
VADD(minmaldataset)/val/images/-E3-82-B9-E3-82-AF-E3-83-AA-E3-83-BC-E3-83-B3-E3-82-B7-E3-83-A7-E3-83-83-E3-83-88-202022-09-03-200-57-56_jpg.rf.73be5f575cf86067dda40276d3faca8f.jpg,70049,9b6a32d96e39b1167904ef32ad4670589348112c1745c38d0a526b891f20bcf2
VADD(minmaldataset)/val/images/-E3-82-B9-E3-82-AF-E3-83-AA-E3-83-BC-E3-83-B3-E3-82-B7-E3-83-A7-E3-83-83-E3-83-88-202022-09-03-201-00-43_jpg.rf.ffab172b7d1801795cee378e6d561b3d.jpg,52018,5c8c8d2a2b7afc67f4d45dcec593fdfeea0ec4dc038480cc23632dc964bba71e
VADD(minmaldataset)/val/images/-E3-82-B9-E3-82-AF-E3-83-AA-E3-83-BC-E3-83-B3-E3-82-B7-E3-83-A7-E3-83-83-E3-83-88-202022-09-03-201-02-24_jpg.rf.165e22ce495d397b76ff45d989fcbcde.jpg,70106,e86ef16beaf3c8aedbe2fcee93f425b2811d7b11ef593f4a9e5ad4135182b41d
VADD(minmaldataset)/val/images/-E3-82-B9-E3-82-AF-E3-83-AA-E3-83-BC-E3-83-B3-E3-82-B7-E3-83-A7-E3-83-83-E3-83-88-202022-09-03-201-12-48_jpg.rf.2589471731059d6d90c08a55c0d37835.jpg,86081,6a5052ce145e696ff065964ef01804906060d23d8f5c02972b2c1e5f974add5a
VADD(minmaldataset)/val/images/-E3-82-B9-E3-82-AF-E3-83-AA-E3-83-BC-E3-83-B3-E3-82-B7-E3-83-A7-E3-83-83-E3-83-88-202022-09-03-201-21-46_jpg.rf.f5566b28c322746c89a98c6c550bd934.jpg,59641,68d5de02cbf0349476c1bf8d8153b45e0541691da78c2153ea286271f5ba48aa
VADD(minmaldataset)/val/images/-E3-82-B9-E3-82-AF-E3-83-AA-E3-83-BC-E3-83-B3-E3-82-B7-E3-83-A7-E3-83-83-E3-83-88-202022-09-03-201-22-51_jpg.rf.fcdf63df394d1163fe8417e3231b0906.jpg,41277,d61eac803482aff8c7cbe8b5b6208a0360a1b366cb91c364f154d387c65c1e46
VADD(minmaldataset)/val/images/-E3-82-B9-E3-82-AF-E3-83-AA-E3-83-BC-E3-83-B3-E3-82-B7-E3-83-A7-E3-83-83-E3-83-88-202022-09-03-201-24-49_jpg.rf.5a6e34cea4518af01fe5ee0e252bf5ae.jpg,41141,865a508dcee78e167404a860817a252c38a1966fb17ff4736d6e57fe64b80b5f
VADD(minmaldataset)/val/images/-E3-82-B9-E3-82-AF-E3-83-AA-E3-83-BC-E3-83-B3-E3-82-B7-E3-83-A7-E3-83-83-E3-83-88-202022-09-03-201-31-22_jpg.rf.02e8d0f7e561aa3e40b72c92ed71ec6f.jpg,82906,773ce9add68a9727864d884d63eba6b7706d3c88fff65f15ff6bd7946b9af6ca
VADD(minmaldataset)/val/images/-E3-82-B9-E3-82-AF-E3-83-AA-E3-83-BC-E3-83-B3-E3-82-B7-E3-83-A7-E3-83-83-E3-83-88-202022-09-03-201-40-06_jpg.rf.83994f80839939f339f9ea9c0613901d.jpg,41277,bfb3ea718408b440ec3a64a991ab84583794faa937493adc65d57007b195f67a
VADD(minmaldataset)/val/images/-E3-82-B9-E3-82-AF-E3-83-AA-E3-83-BC-E3-83-B3-E3-82-B7-E3-83-A7-E3-83-83-E3-83-88-202022-09-03-201-42-41_jpg.rf.f14de701f2e71c730e55abe63fa0e694.jpg,41598,7cdc6ff4936ccae9c5c24ab5816077ca2b352d404e2df3b4bb71fb0d0badbe05
VADD(minmaldataset)/val/images/-E3-82-B9-E3-82-AF-E3-83-AA-E3-83-BC-E3-83-B3-E3-82-B7-E3-83-A7-E3-83-83-E3-83-88-202022-09-03-201-45-54_jpg.rf.2fe8ad1da96afbe5dd7c1b07f5651b6b.jpg,41013,fd8eeadec5a94f8cda0311d90af06f30083582d6909f51feb66cadce936c4b5c
VADD(minmaldataset)/val/images/-E3-82-B9-E3-82-AF-E3-83-AA-E3-83-BC-E3-83-B3-E3-82-B7-E3-83-A7-E3-83-83-E3-83-88-202022-09-03-2017-17-36_jpg.rf.4b303cb527116ff4560e16e9d99e791d.jpg,60641,6dab9c747b2684918e3274f0738c3a0892c835fdf79531252efc4e91b01106d7
VADD(minmaldataset)/val/images/-E3-82-B9-E3-82-AF-E3-83-AA-E3-83-BC-E3-83-B3-E3-82-B7-E3-83-A7-E3-83-83-E3-83-88-202022-09-03-2017-24-05_jpg.rf.316a65e22046de7294beeb12dcfb337c.jpg,41833,1f7a0f9f6b3cd537d473c178567e434a7357280013e8531f26c77f3bb743714c
VADD(minmaldataset)/val/images/-E3-82-B9-E3-82-AF-E3-83-AA-E3-83-BC-E3-83-B3-E3-82-B7-E3-83-A7-E3-83-83-E3-83-88-202022-09-03-2017-33-46_jpg.rf.765b90de2981f970cc35d2251bd62e14.jpg,87148,3e2413d69c3e1cee9f3f1117e9626292754488477e8b3dd521177a6fbc3f0329
VADD(minmaldataset)/val/images/-E3-82-B9-E3-82-AF-E3-83-AA-E3-83-BC-E3-83-B3-E3-82-B7-E3-83-A7-E3-83-83-E3-83-88-202022-09-03-2017-34-43_jpg.rf.ecef51c8888eab3a9dcdd85ee99d4595.jpg,42302,2121a463a585dc448806e74d6e4884d36620a3b65ff3faee11f5c00edf295735
VADD(minmaldataset)/val/images/-E3-82-B9-E3-82-AF-E3-83-AA-E3-83-BC-E3-83-B3-E3-82-B7-E3-83-A7-E3-83-83-E3-83-88-202022-09-03-202-27-13_jpg.rf.b00355298d306692a4678a9f5463ce2c.jpg,41778,16033c5471529c93fb4acca69eb3097dd62fa2f78a3d13bc2b29415ae25d8216
VADD(minmaldataset)/val/images/-E3-82-B9-E3-82-AF-E3-83-AA-E3-83-BC-E3-83-B3-E3-82-B7-E3-83-A7-E3-83-83-E3-83-88-202022-09-03-202-28-25_jpg.rf.c6d57bd317160a3e73e7faeb6d820375.jpg,42069,b710a57a70cf0c9117e4c1e5ab6152ca53d9a19245058f378fd9c4b97e272d43
VADD(minmaldataset)/val/images/-E3-82-B9-E3-82-AF-E3-83-AA-E3-83-BC-E3-83-B3-E3-82-B7-E3-83-A7-E3-83-83-E3-83-88-202022-09-03-202-49-36_jpg.rf.0d0d5ba923b9ad2ea61b80e8c2ebbd90.jpg,88225,dbeed241f45fa7820c75b261c2c2f310939573345cfbc58ed3306640d093daca
VADD(minmaldataset)/val/images/-E3-82-B9-E3-82-AF-E3-83-AA-E3-83-BC-E3-83-B3-E3-82-B7-E3-83-A7-E3-83-83-E3-83-88-202022-09-03-203-03-14_jpg.rf.fa551f5b944828fa89cf74e37ee813d1.jpg,60757,03ad63e49eaa09a7f5eaf72b6ed288ecbfd20ba5f5afc80a8d9e1541ecf5d1f8
VADD(minmaldataset)/val/images/-E3-82-B9-E3-82-AF-E3-83-AA-E3-83-BC-E3-83-B3-E3-82-B7-E3-83-A7-E3-83-83-E3-83-88-202022-09-03-203-06-09_jpg.rf.5da4873812f2056f0454bbf4e04ce454.jpg,60691,3808a557d1f178234e70da3877de3a93edb8e4f7d3fc0701464506a3dd57bb99
VADD(minmaldataset)/val/images/-E3-82-B9-E3-82-AF-E3-83-AA-E3-83-BC-E3-83-B3-E3-82-B7-E3-83-A7-E3-83-83-E3-83-88-202022-09-03-203-06-09_jpg.rf.ba47d090dcae3fecb318f506e0705553.jpg,41761,f6d8a00e80a8ed0aca8e2d5e7764eeff9d3f4d7cdd874b0d6ab9496d8c51a724
VADD(minmaldataset)/val/images/-E3-82-B9-E3-82-AF-E3-83-AA-E3-83-BC-E3-83-B3-E3-82-B7-E3-83-A7-E3-83-83-E3-83-88-202022-09-03-203-13-05_jpg.rf.21b730caa6352cc117730166acfc154a.jpg,41611,55258de99a7e6d9a53ee459f596be665edcf3d7fa1ab8f42907397702d45185b
VADD(minmaldataset)/val/images/-E3-82-B9-E3-82-AF-E3-83-AA-E3-83-BC-E3-83-B3-E3-82-B7-E3-83-A7-E3-83-83-E3-83-88-202022-09-05-2022-38-41_jpg.rf.db8e454394ef7c94afe3aa7fa1dfc318.jpg,44077,804a5db25ff269408cbeb29a1956fa0eba495c097b751ac3f7044e6676aa8523
VADD(minmaldataset)/val/images/-E3-82-B9-E3-82-AF-E3-83-AA-E3-83-BC-E3-83-B3-E3-82-B7-E3-83-A7-E3-83-83-E3-83-88-202022-09-05-2022-43-45_jpg.rf.5f726ca3ad4a41872bda78da4a43e46b.jpg,44379,4a8cfa4b30f417b9ffa0fc9f1a79871c6d1de83b1eef65b1a0f114ee0c513c82
VADD(minmaldataset)/val/images/-E3-82-B9-E3-82-AF-E3-83-AA-E3-83-BC-E3-83-B3-E3-82-B7-E3-83-A7-E3-83-83-E3-83-88-202022-09-05-2022-48-38_jpg.rf.bd6557963c1f58ba7d4d309bdb3c3e45.jpg,79829,568073e3dffccc902a0c9bf78138be8e8eaf5cde0a359a7e4990df48c2a1ac8b
VADD(minmaldataset)/val/images/-E3-82-B9-E3-82-AF-E3-83-AA-E3-83-BC-E3-83-B3-E3-82-B7-E3-83-A7-E3-83-83-E3-83-88-202022-09-05-2022-54-46_jpg.rf.46ef2bec97f67d167ea09cb70c00d11a.jpg,42735,699340301da958df9eef3bf800583f0d685227f808057083ea53168e1b047d24
VADD(minmaldataset)/val/images/-E3-82-B9-E3-82-AF-E3-83-AA-E3-83-BC-E3-83-B3-E3-82-B7-E3-83-A7-E3-83-83-E3-83-88-202022-09-05-2022-54-46_jpg.rf.6bdcf68798e601363d1ebc2d8b8ee909.jpg,61592,44f7457d04e3df9942a72fd736b1b89f408b09453a04028d0cef98b21673ecf6
VADD(minmaldataset)/val/images/-E3-82-B9-E3-82-AF-E3-83-AA-E3-83-BC-E3-83-B3-E3-82-B7-E3-83-A7-E3-83-83-E3-83-88-202022-09-05-2022-55-36_jpg.rf.aa9e5ba355a1fbe18ae133d13a583f80.jpg,41828,0834580f0feeca34e4e53a5dfff62613db38d50db1d5fe6859f2ed50702df49f
VADD(minmaldataset)/val/images/-E3-82-B9-E3-82-AF-E3-83-AA-E3-83-BC-E3-83-B3-E3-82-B7-E3-83-A7-E3-83-83-E3-83-88-202022-09-05-2022-57-14_jpg.rf.ad3cf6f0975d1bb47296d5eeb9e1ab50.jpg,42299,06cc0f532ea201ae2e926f836557b7b387c46bdde105060ddaf358a272b36926
VADD(minmaldataset)/val/images/-E3-82-B9-E3-82-AF-E3-83-AA-E3-83-BC-E3-83-B3-E3-82-B7-E3-83-A7-E3-83-83-E3-83-88-202022-09-05-2023-03-43_jpg.rf.405ad061e12a08ab0d8017453935fdc8.jpg,39424,768352546887f22f5b5c7a373419dc7173f88ffeb972a8f0c6e977ccef846a4b
VADD(minmaldataset)/val/images/-E3-82-B9-E3-82-AF-E3-83-AA-E3-83-BC-E3-83-B3-E3-82-B7-E3-83-A7-E3-83-83-E3-83-88-202022-09-05-2023-04-10_jpg.rf.ec397774debf306d8bada096813cc79f.jpg,54507,e36875a8b2a0abb55a3d217b2426badd0ff76e978e99ba06550ee1592b4d4339
VADD(minmaldataset)/val/images/-E3-82-B9-E3-82-AF-E3-83-AA-E3-83-BC-E3-83-B3-E3-82-B7-E3-83-A7-E3-83-83-E3-83-88-202022-09-05-2023-15-43_jpg.rf.e5c9fc2a7d16bc860e64b1b343cdb97c.jpg,57844,4f229510319fd91b14a85ddc5fc4296e831dd1af1dbfe24ddc484a31f0effa52
VADD(minmaldataset)/val/images/-E3-82-B9-E3-82-AF-E3-83-AA-E3-83-BC-E3-83-B3-E3-82-B7-E3-83-A7-E3-83-83-E3-83-88-202022-09-05-2023-20-31_jpg.rf.d06425a4faca8032f8e94492969a8c24.jpg,41301,04bfb5b414faa95567a819288883a6fd1df3dda8d5c2f43b1303dc023d11014a
VADD(minmaldataset)/val/images/-E3-82-B9-E3-82-AF-E3-83-AA-E3-83-BC-E3-83-B3-E3-82-B7-E3-83-A7-E3-83-83-E3-83-88-202022-09-05-2023-21-25_jpg.rf.8d98889813e34baeacd6d17c3ecc1899.jpg,59514,cd11b30be782ce34bcf22d717742b985927ce3c2b1af3f4c623d07509190b938
VADD(minmaldataset)/val/images/-E3-82-B9-E3-82-AF-E3-83-AA-E3-83-BC-E3-83-B3-E3-82-B7-E3-83-A7-E3-83-83-E3-83-88-202022-09-05-2023-21-31_jpg.rf.9a5be5501083748c5e6a5d10283d354d.jpg,41814,d7901cc311ecade991632a50ba20cbe173fc15f84e3a770d1c5b1ddd70afb7a4
VADD(minmaldataset)/val/images/-E3-82-B9-E3-82-AF-E3-83-AA-E3-83-BC-E3-83-B3-E3-82-B7-E3-83-A7-E3-83-83-E3-83-88-202022-09-05-2023-39-11_jpg.rf.44ac406675cceb2ac224aaa2386d2610.jpg,86726,4f18fac5c9188875223309b350428087e150a6299281220be888b48bc62ca8a5
VADD(minmaldataset)/val/images/-E3-82-B9-E3-82-AF-E3-83-AA-E3-83-BC-E3-83-B3-E3-82-B7-E3-83-A7-E3-83-83-E3-83-88-202022-09-05-2023-41-03_jpg.rf.f56bf66a9bf489fc38a5e34fe77a07bb.jpg,62117,3f099c33d8262bfe5c2072517ced21881589669f47a9e5c0fe431e874770ada9
VADD(minmaldataset)/val/images/-E3-82-B9-E3-82-AF-E3-83-AA-E3-83-BC-E3-83-B3-E3-82-B7-E3-83-A7-E3-83-83-E3-83-88-202022-09-05-2023-41-25_jpg.rf.19bb68d1944694799f6b7e0973134c71.jpg,86034,62f405464003eeae75b254a90c119b4edccc16c99384693193d8ad3e53948bdb
VADD(minmaldataset)/val/images/-E3-82-B9-E3-82-AF-E3-83-AA-E3-83-BC-E3-83-B3-E3-82-B7-E3-83-A7-E3-83-83-E3-83-88-202022-09-05-2023-41-31_jpg.rf.e4abeeee0fb2cabd1ec60e51a64c22d0.jpg,42503,847e0b814abc724664580375cb09e2eab62d080f354a63975e23690b2a80d980
VADD(minmaldataset)/val/images/-E3-82-B9-E3-82-AF-E3-83-AA-E3-83-BC-E3-83-B3-E3-82-B7-E3-83-A7-E3-83-83-E3-83-88-202022-09-05-2023-43-38_jpg.rf.781a9c8cde268e8dd004a435b99f4eaa.jpg,61432,6d808de868fcad9f53757ed925f0409643daf8e4731435c8cff7df7eaf8be0de
VADD(minmaldataset)/val/images/-E3-82-B9-E3-82-AF-E3-83-AA-E3-83-BC-E3-83-B3-E3-82-B7-E3-83-A7-E3-83-83-E3-83-88-202022-09-09-2022-27-40_jpg.rf.8ab21af4382692edc99d9d7238074256.jpg,37985,39b97b0fbe6b9180b65005b3095015371c19e52f1056ab5d756adb103507c651
VADD(minmaldataset)/val/images/-E3-82-B9-E3-82-AF-E3-83-AA-E3-83-BC-E3-83-B3-E3-82-B7-E3-83-A7-E3-83-83-E3-83-88-202022-09-09-2022-31-49_jpg.rf.db5184972269cfa727a8724d563321b6.jpg,75852,78b9b708b5a32fdf1433f62ab9b4bc542309c4b296f50f1192f7109932ca6f8b
VADD(minmaldataset)/val/images/-E3-82-B9-E3-82-AF-E3-83-AA-E3-83-BC-E3-83-B3-E3-82-B7-E3-83-A7-E3-83-83-E3-83-88-202022-09-09-2022-35-32_jpg.rf.e8ae67bd8884c1d16eafc943a4faaa1b.jpg,38813,5285ae9df49f14a914c2efc3ecd27e3ff304c58949fa7dcaf29d1270871fa2a4
VADD(minmaldataset)/val/images/-E3-82-B9-E3-82-AF-E3-83-AA-E3-83-BC-E3-83-B3-E3-82-B7-E3-83-A7-E3-83-83-E3-83-88-202022-09-09-2022-39-25_jpg.rf.676a66b54f422ad8b2d9d95010f35319.jpg,39674,d10f9d6a5bf96dd84f6eecc78de1caf38d4ecfe6dc4d045cc4797f8dac361c76
VADD(minmaldataset)/val/images/-E3-82-B9-E3-82-AF-E3-83-AA-E3-83-BC-E3-83-B3-E3-82-B7-E3-83-A7-E3-83-83-E3-83-88-202022-09-09-2022-39-25_jpg.rf.bc132a96b365c136c1fd488e13297223.jpg,78199,d288b5c4c76fdfdc238673babb45b653640d0d94606b807dc3782b1119879bb8
VADD(minmaldataset)/val/images/-E3-82-B9-E3-82-AF-E3-83-AA-E3-83-BC-E3-83-B3-E3-82-B7-E3-83-A7-E3-83-83-E3-83-88-202022-09-12-2018-04-41_jpg.rf.1a72102e70b35e5b9bb817dbac0d14fc.jpg,30073,23c4f559acf9aa1732af2ad9261c0903621a871d81277efb0d819f8d29fdd743
VADD(minmaldataset)/val/images/-E3-82-B9-E3-82-AF-E3-83-AA-E3-83-BC-E3-83-B3-E3-82-B7-E3-83-A7-E3-83-83-E3-83-88-202022-09-12-2018-07-55_jpg.rf.7728ec9796ebd389635180e35b90520f.jpg,58616,340ea69b92ce59ac9682bb938a2030aada3dc6a7da56ca1ea7d07f508243d240
VADD(minmaldataset)/val/images/-E3-82-B9-E3-82-AF-E3-83-AA-E3-83-BC-E3-83-B3-E3-82-B7-E3-83-A7-E3-83-83-E3-83-88-202022-09-13-200-03-07_jpg.rf.29b35df64e6c7e86fde53bfb9b8e1001.jpg,30743,884316b5857b0fecae9a3633d44b2e0a2dc113f4b42f8aaf8b48ddc0408f3252
VADD(minmaldataset)/val/images/-E3-82-B9-E3-82-AF-E3-83-AA-E3-83-BC-E3-83-B3-E3-82-B7-E3-83-A7-E3-83-83-E3-83-88-202022-09-13-200-22-30_jpg.rf.dae5bd86106789be47fc3921aa4e33bb.jpg,57864,ab9217b9865d5d0ba2597cd9357b024f87ebecc7adbb9d79aea22a6a519dda75
VADD(minmaldataset)/val/images/-E3-82-B9-E3-82-AF-E3-83-AA-E3-83-BC-E3-83-B3-E3-82-B7-E3-83-A7-E3-83-83-E3-83-88-202022-09-13-200-34-06_jpg.rf.43dc1ab52011eb67d8389bf76571284d.jpg,45704,37a16b32267f5b680486ba2d84a93b9b879ab809b92a6eff5a40950efe1bedd2
VADD(minmaldataset)/val/images/-E3-82-B9-E3-82-AF-E3-83-AA-E3-83-BC-E3-83-B3-E3-82-B7-E3-83-A7-E3-83-83-E3-83-88-202022-09-13-200-37-20_jpg.rf.fb971da797185a83eef036ea40007846.jpg,30817,bdcfc35219f411ed0f7e6bb2c6241faf06d73a7b40203116702385c531a075f1
VADD(minmaldataset)/val/images/-E3-82-B9-E3-82-AF-E3-83-AA-E3-83-BC-E3-83-B3-E3-82-B7-E3-83-A7-E3-83-83-E3-83-88-202022-09-13-200-57-16_jpg.rf.008a625b869e2d61f8ac1649476ed2b7.jpg,42070,c1b1383cae2e838ed8af5a08d32ccd1625d8ca5ccac9d3d6129973691fde331d
VADD(minmaldataset)/val/images/-E3-82-B9-E3-82-AF-E3-83-AA-E3-83-BC-E3-83-B3-E3-82-B7-E3-83-A7-E3-83-83-E3-83-88-202022-09-13-200-57-16_jpg.rf.42861c77b6af6b81f5db2b8ab133d8bd.jpg,30066,658c4d86911fa3ad52c4d803e29fa33bebf33d19047b96b7918022d6f7391797
VADD(minmaldataset)/val/images/-E3-82-B9-E3-82-AF-E3-83-AA-E3-83-BC-E3-83-B3-E3-82-B7-E3-83-A7-E3-83-83-E3-83-88-202022-09-13-201-01-33_jpg.rf.1b2e35bfbee989b2680344cfcea9f199.jpg,32016,b5d7f7a3623299e561be46c3cf9e12a89a3e5bfbb98ea4808c885b501e1cc0ae
VADD(minmaldataset)/val/images/-E3-82-B9-E3-82-AF-E3-83-AA-E3-83-BC-E3-83-B3-E3-82-B7-E3-83-A7-E3-83-83-E3-83-88-202022-09-13-201-04-50_jpg.rf.1e04ad393eee695be87797627eb94b63.jpg,44547,a07024edba2f235a9d371d92e4162ef50bba57c2aa0d493dde735fc9878bec19
VADD(minmaldataset)/val/images/-E3-82-B9-E3-82-AF-E3-83-AA-E3-83-BC-E3-83-B3-E3-82-B7-E3-83-A7-E3-83-83-E3-83-88-202022-09-13-201-46-35_jpg.rf.90635b71bab725d5cdbd0b0e1434e801.jpg,32735,da1aa065e724e57b34141717dbe634e95fb30496d5cb354216ead7d747c4c84c
VADD(minmaldataset)/val/images/-E3-82-B9-E3-82-AF-E3-83-AA-E3-83-BC-E3-83-B3-E3-82-B7-E3-83-A7-E3-83-83-E3-83-88-202022-09-13-202-07-24_jpg.rf.8e2f0194d58c2c2b71c9afebbeb668d3.jpg,45905,c0615f662e45236c7ab6463e61c01a2f4c5edc1b701d93e4b5b0776cebdcd18e
VADD(minmaldataset)/val/images/-E3-82-B9-E3-82-AF-E3-83-AA-E3-83-BC-E3-83-B3-E3-82-B7-E3-83-A7-E3-83-83-E3-83-88-202022-09-13-202-09-47_jpg.rf.409961e2442d7c281715f678f28cb8bc.jpg,43855,d9f764c7ea7be2650e5827f99d9eb2b13ee2824d894e7e9fa0e0a9d2dcd35e2e
VADD(minmaldataset)/val/images/-E3-82-B9-E3-82-AF-E3-83-AA-E3-83-BC-E3-83-B3-E3-82-B7-E3-83-A7-E3-83-83-E3-83-88-202022-09-13-202-09-47_jpg.rf.ae60a3d4d5c0e34a5cf9d535b6431a72.jpg,31488,4b9ccb2bad4d2558b28cb14bee0a86e2abc8f842de2d8bf8621df2b01276d531
VADD(minmaldataset)/val/images/-E3-82-B9-E3-82-AF-E3-83-AA-E3-83-BC-E3-83-B3-E3-82-B7-E3-83-A7-E3-83-83-E3-83-88-202022-09-15-201-20-44_jpg.rf.290cf67a3bce8f73ea2e88eef09e1024.jpg,57223,6ecfb11db2aefa4b7ded101d0a4ebd22e86586f7f0ad9d5a488f6d5193eec8fd
VADD(minmaldataset)/val/images/-E3-82-B9-E3-82-AF-E3-83-AA-E3-83-BC-E3-83-B3-E3-82-B7-E3-83-A7-E3-83-83-E3-83-88-202022-09-15-201-21-26_jpg.rf.d8d819570791794c8146a3c591d12c06.jpg,43165,a54dc3941e34eb17b264ba3abf59d0cd473cb86682eb9a0f323a2e5dc07234d8
VADD(minmaldataset)/val/images/-E3-82-B9-E3-82-AF-E3-83-AA-E3-83-BC-E3-83-B3-E3-82-B7-E3-83-A7-E3-83-83-E3-83-88-202022-09-15-201-24-07_jpg.rf.3d645622d39c02c02c8c30640b2e6030.jpg,29458,ce2ac2ff4206f7770778f36b598fb69793fb3d7f0bc1cdc8f9178f006cca37e0
VADD(minmaldataset)/val/images/-E3-82-B9-E3-82-AF-E3-83-AA-E3-83-BC-E3-83-B3-E3-82-B7-E3-83-A7-E3-83-83-E3-83-88-202022-09-15-201-25-21_jpg.rf.dadf7db4777359f8726c26b3aa6f0c7c.jpg,56862,794c081830938a885fefc15245eb4f6ef08dfebe28b1b3e57d50ab1d3db71549
VADD(minmaldataset)/val/images/-E3-82-B9-E3-82-AF-E3-83-AA-E3-83-BC-E3-83-B3-E3-82-B7-E3-83-A7-E3-83-83-E3-83-88-202022-09-15-201-28-01_jpg.rf.140c09157f392a7b583bc8a516d2f1ae.jpg,32400,da180a54d65ba15ff4944770f56cb52fe5fa215b3a6ec3f8a5fc282f6d40c963
VADD(minmaldataset)/val/images/-E3-82-B9-E3-82-AF-E3-83-AA-E3-83-BC-E3-83-B3-E3-82-B7-E3-83-A7-E3-83-83-E3-83-88-202022-09-15-201-29-37_jpg.rf.11bb5f39816ffeeb67f62a0c44ace725.jpg,57154,5dccf38199d377975efe732ddc00f3bad0ebc9d35b68ec3a43a1547c43f3dc8d
VADD(minmaldataset)/val/images/-E3-82-B9-E3-82-AF-E3-83-AA-E3-83-BC-E3-83-B3-E3-82-B7-E3-83-A7-E3-83-83-E3-83-88-202022-09-15-201-32-27_jpg.rf.5361aa7ada06c2157a857523f811da90.jpg,32746,a987d563f3cf5a13acbc0f865b2b65049eac5faaa83b04524dbb6077b9652439
VADD(minmaldataset)/val/images/-E3-82-B9-E3-82-AF-E3-83-AA-E3-83-BC-E3-83-B3-E3-82-B7-E3-83-A7-E3-83-83-E3-83-88-202022-09-15-201-36-54_jpg.rf.28cb947ba981e08841ed15a391258dc4.jpg,48349,8fc33f29b6e6eb90a4570b3b04add202e15524e054c51a12a5b6de3a05e0eae5
VADD(minmaldataset)/val/images/-E3-82-B9-E3-82-AF-E3-83-AA-E3-83-BC-E3-83-B3-E3-82-B7-E3-83-A7-E3-83-83-E3-83-88-202022-09-15-201-37-33_jpg.rf.71ac74007fb68b3af24392f18daad854.jpg,31599,b2651d602a7cc864904e4066227110f8b47ec1dee498680fce2670c124ad876d
VADD(minmaldataset)/val/images/-E3-82-B9-E3-82-AF-E3-83-AA-E3-83-BC-E3-83-B3-E3-82-B7-E3-83-A7-E3-83-83-E3-83-88-202022-09-15-201-45-24_jpg.rf.38c44f2ccb4aaa2d11fe74901de8e3b4.jpg,45919,9ac879488ff1936625a12cfc0c2a1506b1cf49887ce39e30fbb89b3fe83354bb
VADD(minmaldataset)/val/images/-E3-82-B9-E3-82-AF-E3-83-AA-E3-83-BC-E3-83-B3-E3-82-B7-E3-83-A7-E3-83-83-E3-83-88-202022-09-15-201-53-33_jpg.rf.d480c02e3e19fa199421806fb2ef2ecd.jpg,59617,e01d28ae9669e30a708a4ba6a78b10cb6cdd8b74fa547a3abb38ebed6f858d89
VADD(minmaldataset)/val/images/-E3-82-B9-E3-82-AF-E3-83-AA-E3-83-BC-E3-83-B3-E3-82-B7-E3-83-A7-E3-83-83-E3-83-88-202022-09-15-2023-55-52_jpg.rf.0ec4845ab15960bfadd1ead52ecc4608.jpg,30056,856288e61056180475fe1ef6bb9e7c1935a68e7950520683f7e27ee1353e7dd2
VADD(minmaldataset)/val/images/-E3-82-B9-E3-82-AF-E3-83-AA-E3-83-BC-E3-83-B3-E3-82-B7-E3-83-A7-E3-83-83-E3-83-88-202022-09-15-2023-57-29_jpg.rf.b703f3948642995ea1c7099103530ce4.jpg,57080,a4e713c3cbb0ca5374e6803b33681447c3c358e0bfaa6fce1f03bd2960a230db
VADD(minmaldataset)/val/images/-E3-82-B9-E3-82-AF-E3-83-AA-E3-83-BC-E3-83-B3-E3-82-B7-E3-83-A7-E3-83-83-E3-83-88-202022-09-15-2023-58-05_jpg.rf.95dd836898acbe05b7f56de4ca4db139.jpg,58215,84175842c32e854071f3b2d57d61a128a535d5f717b967feeffab928451c7ee6
VADD(minmaldataset)/val/images/-E3-82-B9-E3-82-AF-E3-83-AA-E3-83-BC-E3-83-B3-E3-82-B7-E3-83-A7-E3-83-83-E3-83-88-202022-09-16-200-09-07_jpg.rf.50487d4800d69bbda19965089022c2ae.jpg,30625,2c2dc6d62178e4bec8e469ea9119ed83d1ec303eefdcf8f6eae29c6e16911b38
VADD(minmaldataset)/val/images/-E3-82-B9-E3-82-AF-E3-83-AA-E3-83-BC-E3-83-B3-E3-82-B7-E3-83-A7-E3-83-83-E3-83-88-202022-09-16-200-10-10_jpg.rf.6b0230ed4220c7ed7c46db4d9c594c8f.jpg,29968,730784caa5d75f8a6702ce60a01d29dc19843f80c5e1d59f20df24f87d6e6902
VADD(minmaldataset)/val/images/-E3-82-B9-E3-82-AF-E3-83-AA-E3-83-BC-E3-83-B3-E3-82-B7-E3-83-A7-E3-83-83-E3-83-88-202022-09-16-200-14-58_jpg.rf.7c324369cf6568c8d823da83e0977456.jpg,41908,95eff4f36db39813c78ebc0cdd2a8af5ce4538534bf269d677c3af733cfd238c
VADD(minmaldataset)/val/images/-E3-82-B9-E3-82-AF-E3-83-AA-E3-83-BC-E3-83-B3-E3-82-B7-E3-83-A7-E3-83-83-E3-83-88-202022-09-16-200-14-58_jpg.rf.d5a5bcd259b7ac024d11a85671bc73f6.jpg,29675,0b40d57071a16eecc9f9d0c03ac1a8ffee97c45fae109de00299de89a9faabbf
VADD(minmaldataset)/val/images/-E3-82-B9-E3-82-AF-E3-83-AA-E3-83-BC-E3-83-B3-E3-82-B7-E3-83-A7-E3-83-83-E3-83-88-202022-09-16-200-32-39_jpg.rf.22d6984c01d4f2566384938d0a9d46ac.jpg,33169,1539ef9380f69df14b2c5ec5f18d8d7a4fb6907255c43909fed9f2fa1bbc0a7e
VADD(minmaldataset)/val/images/-E3-82-B9-E3-82-AF-E3-83-AA-E3-83-BC-E3-83-B3-E3-82-B7-E3-83-A7-E3-83-83-E3-83-88-202022-09-16-200-37-47_jpg.rf.3261fa6886b6438e8b030cd1e953a6fe.jpg,46802,148f9c59a12817894f2f5840a276bb3582ba356da10b3bd4cd4699d90b7c72e9
VADD(minmaldataset)/val/images/-E3-82-B9-E3-82-AF-E3-83-AA-E3-83-BC-E3-83-B3-E3-82-B7-E3-83-A7-E3-83-83-E3-83-88-202022-09-16-200-41-35_jpg.rf.3c1f1c82d92196b4e614992883ce6df1.jpg,47030,bf0b757634b83ef05eb55eca5a839c164b7136b90d2b782811c96fd9b4346652
VADD(minmaldataset)/val/images/-E3-82-B9-E3-82-AF-E3-83-AA-E3-83-BC-E3-83-B3-E3-82-B7-E3-83-A7-E3-83-83-E3-83-88-202022-09-16-200-54-24_jpg.rf.df7804077669d0d78660b2f37398d255.jpg,66845,472f9e2c3dbba97ee248bed1157ae4d48be8a2ebc2c9ee936d81f3b3bd819cf8
VADD(minmaldataset)/val/images/-E3-82-B9-E3-82-AF-E3-83-AA-E3-83-BC-E3-83-B3-E3-82-B7-E3-83-A7-E3-83-83-E3-83-88-202022-09-16-200-57-10_jpg.rf.2889b289b1ba7db1a77b2dee1b4b6adc.jpg,47384,cf3c83c3568fb4e75a0bf8fd5a1981ea0e9afe36b83e9f079048cc9c5449c14d
VADD(minmaldataset)/val/images/-E3-82-B9-E3-82-AF-E3-83-AA-E3-83-BC-E3-83-B3-E3-82-B7-E3-83-A7-E3-83-83-E3-83-88-202022-09-16-201-00-02_jpg.rf.58ddc00b8fbcf6c251e6ce314a263dcd.jpg,33439,eecd1f8c1486c4a007bcba68b08bac1755eb43a36af9fa84d94fe386e8172bee
VADD(minmaldataset)/val/images/-E3-82-B9-E3-82-AF-E3-83-AA-E3-83-BC-E3-83-B3-E3-82-B7-E3-83-A7-E3-83-83-E3-83-88-202022-09-16-201-00-02_jpg.rf.fa347f73e8a99d2c0df24a7f9f5ede10.jpg,66043,3051d49e6442a9b7b65c8f3741a72b3f2e1244832fd1882e6ff3239c8c19b568
VADD(minmaldataset)/val/images/-E3-82-B9-E3-82-AF-E3-83-AA-E3-83-BC-E3-83-B3-E3-82-B7-E3-83-A7-E3-83-83-E3-83-88-202022-09-16-201-19-06_jpg.rf.0fa03e0e8a856fef2a8d0f3454346375.jpg,46769,1825e1e032be66cba1d8d0cc942148506c3c6de3564bf8b26d9b8c6ef2311733
VADD(minmaldataset)/val/images/-E3-82-B9-E3-82-AF-E3-83-AA-E3-83-BC-E3-83-B3-E3-82-B7-E3-83-A7-E3-83-83-E3-83-88-202022-09-16-201-19-37_jpg.rf.f8e5536d9ff86bdbc571f6de600b05ba.jpg,47989,b995fa95092300ae5668b56bc348081a9d5018dc5b8df88311a86f8f5e43fecb
VADD(minmaldataset)/val/images/-E3-82-B9-E3-82-AF-E3-83-AA-E3-83-BC-E3-83-B3-E3-82-B7-E3-83-A7-E3-83-83-E3-83-88-202022-09-16-201-27-32_jpg.rf.cdf8464d22fe50b54caceda1c3fcb882.jpg,34462,648ef212f391a0927bdab9ac93c0fc3ee79621c3e5277e97bd8a8d03386b3660
VADD(minmaldataset)/val/images/-E3-82-B9-E3-82-AF-E3-83-AA-E3-83-BC-E3-83-B3-E3-82-B7-E3-83-A7-E3-83-83-E3-83-88-202022-09-16-2017-06-38_jpg.rf.7e92a290a36f6c663914d004c9be9e8c.jpg,55588,340f9de7592193ba02e3083d93cc194f92f686f97ec88fecf32d299d3331a56a
VADD(minmaldataset)/val/images/-E3-82-B9-E3-82-AF-E3-83-AA-E3-83-BC-E3-83-B3-E3-82-B7-E3-83-A7-E3-83-83-E3-83-88-202022-09-16-2017-10-32_jpg.rf.c88d811e455171df5215a7e9cdeb695d.jpg,56897,734f7b36858de7e4339d578cb16c6f8daab32bbc9eb4f927c7446109575e81c4
VADD(minmaldataset)/val/images/-E3-82-B9-E3-82-AF-E3-83-AA-E3-83-BC-E3-83-B3-E3-82-B7-E3-83-A7-E3-83-83-E3-83-88-202022-09-16-2017-12-46_jpg.rf.e2a3cc8cd6e95448c691e6eaa863d973.jpg,29833,1c14853a85967ad19f8d4ff2cf716b3f406299af59d4fde0e176570a04af029a
VADD(minmaldataset)/val/images/-E3-82-B9-E3-82-AF-E3-83-AA-E3-83-BC-E3-83-B3-E3-82-B7-E3-83-A7-E3-83-83-E3-83-88-202022-09-16-2017-12-58_jpg.rf.226b7529582076dedf3914511119554a.jpg,29934,03de75695613daead48628d06737eee351ff0720d117ebeb0b56a61b4dcf38a3
VADD(minmaldataset)/val/images/-E3-82-B9-E3-82-AF-E3-83-AA-E3-83-BC-E3-83-B3-E3-82-B7-E3-83-A7-E3-83-83-E3-83-88-202022-09-16-2017-12-58_jpg.rf.d789fd87b09cb885adc49260fc53ae5f.jpg,42259,d13f7f08e8483b24dac7d46646df3dee235ad367c2ec64bf6b3eacca25b03744
VADD(minmaldataset)/val/images/-E3-82-B9-E3-82-AF-E3-83-AA-E3-83-BC-E3-83-B3-E3-82-B7-E3-83-A7-E3-83-83-E3-83-88-202022-09-16-2017-29-42_jpg.rf.29f597d6b436e28b1528e0ae7f0ab48e.jpg,57956,248c2d1497627fbe0c7aa8fb7c6d33cb83223b8e7ea4c024a4af69b0521c8607
VADD(minmaldataset)/val/images/-E3-82-B9-E3-82-AF-E3-83-AA-E3-83-BC-E3-83-B3-E3-82-B7-E3-83-A7-E3-83-83-E3-83-88-202022-09-16-2017-37-40_jpg.rf.b5e1af7bf9c688d560d27a49dc28082a.jpg,30018,1cfe49733e949834039e07079c80eba2b890d0d91bc5d40cd5f94b18e21eeee3
VADD(minmaldataset)/val/images/-E3-82-B9-E3-82-AF-E3-83-AA-E3-83-BC-E3-83-B3-E3-82-B7-E3-83-A7-E3-83-83-E3-83-88-202022-09-16-202-00-37_jpg.rf.f1b6a5fdce8829b97301cf087907d32d.jpg,32813,59ba7e46cbae5ee9dba2164f5a8251304aa0d07689d66d571ca3666c91f3c4c9
VADD(minmaldataset)/val/images/-E3-82-B9-E3-82-AF-E3-83-AA-E3-83-BC-E3-83-B3-E3-82-B7-E3-83-A7-E3-83-83-E3-83-88-202022-09-16-202-01-49_jpg.rf.d4eb70c4b6c81bd8d022a8c846402bb8.jpg,64713,d940b9994c3fa3b3fe0533a219c1da1a6ff0a815fe3f2b0e97a2caa7c034e9e9
VADD(minmaldataset)/val/images/-E3-82-B9-E3-82-AF-E3-83-AA-E3-83-BC-E3-83-B3-E3-82-B7-E3-83-A7-E3-83-83-E3-83-88-202022-09-16-202-02-01_jpg.rf.6d36a85cf54f7fd6fdecb0d3de1d395c.jpg,33198,9cbbe9c4ee60be7f9d729612285da6770615559c74bb534f61e1fdd8d7c9a73a
VADD(minmaldataset)/val/images/-E3-82-B9-E3-82-AF-E3-83-AA-E3-83-BC-E3-83-B3-E3-82-B7-E3-83-A7-E3-83-83-E3-83-88-202022-09-16-2022-33-40_jpg.rf.1ff5ad2bf42c8656de3bc55eb21ff22c.jpg,30279,3c5ef8b7119771ca026c2ecf3da195b42924866054bbb369d69d4d8eb7f446c5
VADD(minmaldataset)/val/images/-E3-82-B9-E3-82-AF-E3-83-AA-E3-83-BC-E3-83-B3-E3-82-B7-E3-83-A7-E3-83-83-E3-83-88-202022-09-16-2022-40-59_jpg.rf.c5627dbdd28bab938a4b19ef28471020.jpg,29559,a678fc17fa2d04eacdc9f4bcf7045bc004b6e95bcc388bcfe89abefd1222911e
VADD(minmaldataset)/val/images/-E3-82-B9-E3-82-AF-E3-83-AA-E3-83-BC-E3-83-B3-E3-82-B7-E3-83-A7-E3-83-83-E3-83-88-202022-09-16-2022-44-21_jpg.rf.3e0d05d56bf87eff3e70114867810bdb.jpg,57491,d62219582efd3a14835a435089978ef44dd16b26b19be6c7bfc020dcf28d9c0b
VADD(minmaldataset)/val/images/-E3-82-B9-E3-82-AF-E3-83-AA-E3-83-BC-E3-83-B3-E3-82-B7-E3-83-A7-E3-83-83-E3-83-88-202022-09-16-2022-48-01_jpg.rf.b1cdb7fc97a741152681ffdceca642f3.jpg,28980,c03c6ba5eef7eafc7262b9cf3262d9a24ad7a82048578339511f3e83405b016e
VADD(minmaldataset)/val/images/-E3-82-B9-E3-82-AF-E3-83-AA-E3-83-BC-E3-83-B3-E3-82-B7-E3-83-A7-E3-83-83-E3-83-88-202022-10-03-2023-46-04_jpg.rf.d764830edf4ea2938a86029b21332928.jpg,33097,996a4a556d48dcd0f38070fc39100c04f687b74064cb95e8c007b5de607ba36b
VADD(minmaldataset)/val/images/-E3-82-B9-E3-82-AF-E3-83-AA-E3-83-BC-E3-83-B3-E3-82-B7-E3-83-A7-E3-83-83-E3-83-88-202022-10-03-2023-56-03_jpg.rf.be85e289a1623a8e1d2ca5075a557fce.jpg,34928,8a5ee344431b236617e709d6b43ed24a5733c9cda4493f1ccc310063d712f1c2
VADD(minmaldataset)/val/images/-E3-82-B9-E3-82-AF-E3-83-AA-E3-83-BC-E3-83-B3-E3-82-B7-E3-83-A7-E3-83-83-E3-83-88-202022-10-03-2023-56-12_jpg.rf.a3bade5efa81d97b547015b273a7d38c.jpg,49249,34ea5c5c7c80f031da9a5d6b5d0e211d4307b568e6f6f617fd6c392b6829a96c
VADD(minmaldataset)/val/images/-E3-82-B9-E3-82-AF-E3-83-AA-E3-83-BC-E3-83-B3-E3-82-B7-E3-83-A7-E3-83-83-E3-83-88-202022-10-03-2023-59-00_jpg.rf.a1f31907e40327281fa64a9fbd86e60f.jpg,65028,459f419c3554e45df3279d3b2e0a5226b290cf32a4139c3fd0d9d90bf8af0774
VADD(minmaldataset)/val/images/-E3-82-B9-E3-82-AF-E3-83-AA-E3-83-BC-E3-83-B3-E3-82-B7-E3-83-A7-E3-83-83-E3-83-88-202022-10-04-200-03-52_jpg.rf.d7e4544740d53630c6d071f1eb9d6ed7.jpg,46518,15fbc60043fde9928d949649c93d3734a548ef06aad54f920776e81b25140b2b
VADD(minmaldataset)/val/images/-E3-82-B9-E3-82-AF-E3-83-AA-E3-83-BC-E3-83-B3-E3-82-B7-E3-83-A7-E3-83-83-E3-83-88-202022-10-04-200-07-51_jpg.rf.7a708bf2afa54a66a1b4d9173bd871e5.jpg,33163,237ddf7bbf7c7f3288e1d71c38bed88a81dd43a8193d5cb95558594ea80f1690
VADD(minmaldataset)/val/images/-E3-82-B9-E3-82-AF-E3-83-AA-E3-83-BC-E3-83-B3-E3-82-B7-E3-83-A7-E3-83-83-E3-83-88-202022-10-04-200-16-19_jpg.rf.c7996022657d48201ebcdb4b132b7672.jpg,63676,85d971905f7f068317605b2565b9bcbc760da37fad2056b5be6cdd3f44ddf4c3
VADD(minmaldataset)/val/images/-E3-82-B9-E3-82-AF-E3-83-AA-E3-83-BC-E3-83-B3-E3-82-B7-E3-83-A7-E3-83-83-E3-83-88-202022-10-04-200-19-12_jpg.rf.091fe81fc1ac58c7db509dc61fe04fb2.jpg,33920,ad79b5a18823b61371ce8f79db4ef9437640e4f4a0709249e4acacea8acb1840
VADD(minmaldataset)/val/images/-E3-82-B9-E3-82-AF-E3-83-AA-E3-83-BC-E3-83-B3-E3-82-B7-E3-83-A7-E3-83-83-E3-83-88-202022-10-04-200-20-25_jpg.rf.e90bd718a01a352fe9c9c79a69d91780.jpg,46147,a57d5cbc731cc230f3a3eeb5bac1c77ddc3b448f73166e6e5528af9df7f8cafd
VADD(minmaldataset)/val/images/-E3-82-B9-E3-82-AF-E3-83-AA-E3-83-BC-E3-83-B3-E3-82-B7-E3-83-A7-E3-83-83-E3-83-88-202022-10-04-200-23-21_jpg.rf.643de1e5e4be2106ba790097613c78cf.jpg,64439,a122fd5da068746a938c820d2096ddb21a4c966244c56c38b17658c98052f895
VADD(minmaldataset)/val/images/-E3-82-B9-E3-82-AF-E3-83-AA-E3-83-BC-E3-83-B3-E3-82-B7-E3-83-A7-E3-83-83-E3-83-88-202022-10-04-200-24-21_jpg.rf.4e0f77e0fd027c6556ff272b38041617.jpg,45669,396843667381b81e3ff6bdfbe6f4a621f6dee8a7ece8dd242e0335ffa79ca473
VADD(minmaldataset)/val/images/-E3-82-B9-E3-82-AF-E3-83-AA-E3-83-BC-E3-83-B3-E3-82-B7-E3-83-A7-E3-83-83-E3-83-88-202022-10-04-200-51-21_jpg.rf.06f97ec694f822dc4dceb5286e82b584.jpg,49993,0f31689ee73ca646b0d73d57213bcff15a70708f90bb1f4d92177874a5b9a183
VADD(minmaldataset)/val/images/-E3-82-B9-E3-82-AF-E3-83-AA-E3-83-BC-E3-83-B3-E3-82-B7-E3-83-A7-E3-83-83-E3-83-88-202022-10-04-200-54-57_jpg.rf.9cd12c7fbb62c54d3cc4abbcad44ddc8.jpg,35986,2abeed837fb915bfb30e8753f6fb2881afec921d759647ba49bcbf5606e4f3f0
VADD(minmaldataset)/val/images/-E3-82-B9-E3-82-AF-E3-83-AA-E3-83-BC-E3-83-B3-E3-82-B7-E3-83-A7-E3-83-83-E3-83-88-202022-10-04-200-56-16_jpg.rf.c1036f5e4c86e76e99231204841811b7.jpg,69646,5005b97b98a50051602038da9b133a342313d99ff33ca157e2d98de76144583c
VADD(minmaldataset)/val/images/-E3-82-B9-E3-82-AF-E3-83-AA-E3-83-BC-E3-83-B3-E3-82-B7-E3-83-A7-E3-83-83-E3-83-88-202022-10-04-201-10-42_jpg.rf.28981306f47c012febaf4f9e378aa937.jpg,67080,05ea98d8fcb1aa4c065cfb41f4bfccbe4ba7d49768197c1f2aa960fd7a86ce11
VADD(minmaldataset)/val/images/-E3-82-B9-E3-82-AF-E3-83-AA-E3-83-BC-E3-83-B3-E3-82-B7-E3-83-A7-E3-83-83-E3-83-88-202022-10-04-201-11-53_jpg.rf.1a2c9c44a79f26f3184eeef2b8b52b6a.jpg,50998,37f966193b34d4f4f50b46fc9f86fc0f631b5d774b8ef0fdc3ab4b5bc6bff18d
VADD(minmaldataset)/val/images/-E3-82-B9-E3-82-AF-E3-83-AA-E3-83-BC-E3-83-B3-E3-82-B7-E3-83-A7-E3-83-83-E3-83-88-202022-10-04-201-12-48_jpg.rf.3894d21241c652699a631d9a6d9613bf.jpg,50696,2ce3c5816aa5b22f342a0b294ae61f76a32825bcc1e971a6a3f29dfd2539d29c
VADD(minmaldataset)/val/images/-E3-82-B9-E3-82-AF-E3-83-AA-E3-83-BC-E3-83-B3-E3-82-B7-E3-83-A7-E3-83-83-E3-83-88-202022-10-04-201-12-48_jpg.rf.40a8d8cb489da6d3724220dc06d89375.jpg,35923,de344f1628e3a428f1bbb9733efc534a2cd85d441f7575a9eb8b05043967f21e
VADD(minmaldataset)/val/images/-E3-82-B9-E3-82-AF-E3-83-AA-E3-83-BC-E3-83-B3-E3-82-B7-E3-83-A7-E3-83-83-E3-83-88-202022-10-04-201-15-00_jpg.rf.efbcdbb10cb5cdcd2e3689282d19e10e.jpg,35835,0363bbc03849fb520984e8f5814f2fce7bea8e921472a23a5d73fce1b715a3ef
VADD(minmaldataset)/val/images/-E3-82-B9-E3-82-AF-E3-83-AA-E3-83-BC-E3-83-B3-E3-82-B7-E3-83-A7-E3-83-83-E3-83-88-202022-10-04-201-15-13_jpg.rf.30e13c17a276133e05760c66c3ebb999.jpg,67905,692614d4356c70c0749078796dee030e1b961806b3f3ed80c0ffbfd475fbfb79
VADD(minmaldataset)/val/images/-E3-82-B9-E3-82-AF-E3-83-AA-E3-83-BC-E3-83-B3-E3-82-B7-E3-83-A7-E3-83-83-E3-83-88-202022-10-04-201-26-10_jpg.rf.e0056e6fc1bfedfc884310baa470446b.jpg,70774,dc8b8927eee59dd8bfea18da030fe3e3c6c78c1ee3aee6baccf04d175e143b8f
VADD(minmaldataset)/val/images/-E3-82-B9-E3-82-AF-E3-83-AA-E3-83-BC-E3-83-B3-E3-82-B7-E3-83-A7-E3-83-83-E3-83-88-202022-10-04-201-30-39_jpg.rf.3201d822461d09bfab0b34ba05e05a63.jpg,35621,2b9e55b44c0e7c12df2d92b8e4a73a8bc00f63a13890012c379b2e726b8bb9d5
VADD(minmaldataset)/val/images/-E3-82-B9-E3-82-AF-E3-83-AA-E3-83-BC-E3-83-B3-E3-82-B7-E3-83-A7-E3-83-83-E3-83-88-202022-10-04-2023-20-40_jpg.rf.3d04d172582e06b1272c7ecc7e9bd573.jpg,35699,f4b23a2f15ee2d401442fce4fa8489be02efdfd58884a2e24015c15abd710cc4
VADD(minmaldataset)/val/images/-E3-82-B9-E3-82-AF-E3-83-AA-E3-83-BC-E3-83-B3-E3-82-B7-E3-83-A7-E3-83-83-E3-83-88-202022-10-04-2023-24-32_jpg.rf.b73c845f6b1b95cf888ce99c7fe7f3c9.jpg,69745,8a67b4ecf90dac253314b3aed136da11e75b17ddd07d1d4f1d80bb4e0e524602
VADD(minmaldataset)/val/images/-E3-82-B9-E3-82-AF-E3-83-AA-E3-83-BC-E3-83-B3-E3-82-B7-E3-83-A7-E3-83-83-E3-83-88-202022-10-04-2023-31-58_jpg.rf.d8f66468574f7f0c6ceab044efe58e4a.jpg,69806,a3b4076c2cfe9b0dcbe8d3cb03756a8f1d89812095dc0bd8a40aa8226554e480
VADD(minmaldataset)/val/images/-E3-82-B9-E3-82-AF-E3-83-AA-E3-83-BC-E3-83-B3-E3-82-B7-E3-83-A7-E3-83-83-E3-83-88-202022-10-04-2023-34-51_jpg.rf.00255082c9961bb5f6ffd0e7981c4a52.jpg,69406,f77f78096c3bcd28a54630d7c0a643b3160d43e5f406c342b69e902520df095d
VADD(minmaldataset)/val/images/-E3-82-B9-E3-82-AF-E3-83-AA-E3-83-BC-E3-83-B3-E3-82-B7-E3-83-A7-E3-83-83-E3-83-88-202022-10-04-2023-37-37_jpg.rf.2f65a65db0f9aac9884366f23fec5472.jpg,69224,83a7bdea5b9371d1bd1b9476386b3f472df97ee17b3075e7b58d16b8c4495898
VADD(minmaldataset)/val/images/-E3-82-B9-E3-82-AF-E3-83-AA-E3-83-BC-E3-83-B3-E3-82-B7-E3-83-A7-E3-83-83-E3-83-88-202022-10-04-2023-45-53_jpg.rf.20108f7c1f317ef56736314317527de6.jpg,35260,8f506c994f0f7d0243f594647dad7bd2447fc655226be1527a7bea42ae097053
VADD(minmaldataset)/val/images/-E3-82-B9-E3-82-AF-E3-83-AA-E3-83-BC-E3-83-B3-E3-82-B7-E3-83-A7-E3-83-83-E3-83-88-202022-10-04-2023-47-26_jpg.rf.43921308ab95f9034fcb8a78f32c1a75.jpg,34698,0b3f69a202f5a281440170f5b713331b784d4bd5df25a1dc9ee185246f3790f4
VADD(minmaldataset)/val/images/-E3-82-B9-E3-82-AF-E3-83-AA-E3-83-BC-E3-83-B3-E3-82-B7-E3-83-A7-E3-83-83-E3-83-88-202022-10-04-2023-49-44_jpg.rf.69070d5d82a6c4cbf4d29ab3ac7c17cd.jpg,35282,603ce8c6182b9fe72d691c1a33555f998e5268689a7696c0db8ade5166412dc8
VADD(minmaldataset)/val/images/-E3-82-B9-E3-82-AF-E3-83-AA-E3-83-BC-E3-83-B3-E3-82-B7-E3-83-A7-E3-83-83-E3-83-88-202022-10-04-2023-52-42_jpg.rf.a6f812d026b66fbcf2db1cd67fb965ea.jpg,71284,d292c91dbe3d00a824fc5ea2bd855b25394e357c450556ce3751af3d79b40a14
VADD(minmaldataset)/val/images/-E3-82-B9-E3-82-AF-E3-83-AA-E3-83-BC-E3-83-B3-E3-82-B7-E3-83-A7-E3-83-83-E3-83-88-202022-10-05-200-14-18_jpg.rf.06ea0028373ee9d4664f888591d31cb1.jpg,70933,5641a27ef1ba302245de0a6baa929e8155e8d96294e49ccd42da87f939cbe3b8
VADD(minmaldataset)/val/images/-E3-82-B9-E3-82-AF-E3-83-AA-E3-83-BC-E3-83-B3-E3-82-B7-E3-83-A7-E3-83-83-E3-83-88-202022-10-05-200-16-32_jpg.rf.8ffa93953ca8b8a63912a206b3b4af80.jpg,36037,1a10f805c28997d3e5e64af2f3808bb67c5b6bcb1015f34621723e19adca02a7
VADD(minmaldataset)/val/images/-E3-82-B9-E3-82-AF-E3-83-AA-E3-83-BC-E3-83-B3-E3-82-B7-E3-83-A7-E3-83-83-E3-83-88-202022-10-05-200-17-46_jpg.rf.1e7e708196f384f61dc1a2af7231ef1d.jpg,72367,dc7673cf1c465987806317b0ede75d2b8295df7d5cd568c3ff7d9d1d51ff2ee6
VADD(minmaldataset)/val/images/-E3-82-B9-E3-82-AF-E3-83-AA-E3-83-BC-E3-83-B3-E3-82-B7-E3-83-A7-E3-83-83-E3-83-88-202022-10-05-200-17-54_jpg.rf.ce29779f48164539f4b817318c1d8b14.jpg,35694,6e12ed40ece1dc30d21bb4c0d83a8d873ebc8b0aa857303bd23167cd40c99bd4
VADD(minmaldataset)/val/images/-E3-82-B9-E3-82-AF-E3-83-AA-E3-83-BC-E3-83-B3-E3-82-B7-E3-83-A7-E3-83-83-E3-83-88-202022-10-05-200-25-04_jpg.rf.781cb098b3c6170a397ebd0812085382.jpg,33004,2e9ff2d0ea03b2a0576599e807281e90f4029b4a0853bba6b699f5434b300fcb
VADD(minmaldataset)/val/images/-E3-82-B9-E3-82-AF-E3-83-AA-E3-83-BC-E3-83-B3-E3-82-B7-E3-83-A7-E3-83-83-E3-83-88-202022-10-05-200-25-11_jpg.rf.88aa14f0b7c21ea0ed74a0b75288140f.jpg,64622,44a945b8bb36dd1585f71bdfb8a6deca187abd55727811a5fb3aa1b090060784
VADD(minmaldataset)/val/images/-E3-82-B9-E3-82-AF-E3-83-AA-E3-83-BC-E3-83-B3-E3-82-B7-E3-83-A7-E3-83-83-E3-83-88-202022-10-05-201-09-07_jpg.rf.a0dc22f198f6471e612070155634a773.jpg,31836,6420a900b406aa40e0d8aa7d974544ad2898f1dd01a37696709aa831ca5818b0
VADD(minmaldataset)/val/images/-E3-82-B9-E3-82-AF-E3-83-AA-E3-83-BC-E3-83-B3-E3-82-B7-E3-83-A7-E3-83-83-E3-83-88-202022-10-05-201-10-06_jpg.rf.2b9e21868809793c2d81d95ff4a52b43.jpg,46311,3757ec24cc385c04efe153edfe464753f18535a9f3e5212e5740cedb003e1a07
VADD(minmaldataset)/val/images/-E3-82-B9-E3-82-AF-E3-83-AA-E3-83-BC-E3-83-B3-E3-82-B7-E3-83-A7-E3-83-83-E3-83-88-202022-10-05-201-10-32_jpg.rf.6529358031802dc0e077e82325280df5.jpg,31311,991d6b3eed5bbbd290ec46eeacf4a0836272d3f261ef3d28dbedb5a9d432a827
VADD(minmaldataset)/val/images/-E3-82-B9-E3-82-AF-E3-83-AA-E3-83-BC-E3-83-B3-E3-82-B7-E3-83-A7-E3-83-83-E3-83-88-202022-10-05-201-12-50_jpg.rf.48582168f2fe3340101fb814ed3e2b32.jpg,32459,a585efd26d4502b07d1170f3ef6ba0bd066f25ad1c31dd01c1e1a3305752fa91
VADD(minmaldataset)/val/images/-E3-82-B9-E3-82-AF-E3-83-AA-E3-83-BC-E3-83-B3-E3-82-B7-E3-83-A7-E3-83-83-E3-83-88-202022-10-05-201-16-05_jpg.rf.f86094ca94ba93a751de373663a2ffa9.jpg,66493,9e42c073bce0b03fae85ab059f488e015c47ef97285574b12c39618af8401490
VADD(minmaldataset)/val/images/-E3-82-B9-E3-82-AF-E3-83-AA-E3-83-BC-E3-83-B3-E3-82-B7-E3-83-A7-E3-83-83-E3-83-88-202022-10-05-201-18-47_jpg.rf.ada576e6a0aa419adf88403cc7bc25a2.jpg,47516,561946df751106ad9a45d084fd3da7aed6481d64c9b0db5a12afa9f123f3dcd7
VADD(minmaldataset)/val/images/-E3-82-B9-E3-82-AF-E3-83-AA-E3-83-BC-E3-83-B3-E3-82-B7-E3-83-A7-E3-83-83-E3-83-88-202022-10-05-201-20-16_jpg.rf.157b0591b582d1282e6a6c79b9bbcdae.jpg,66320,48c37d36cb7486c9d96992027c1bc61400cdd5247dd579a0aac3eb117cd0e241
VADD(minmaldataset)/val/images/-E3-82-B9-E3-82-AF-E3-83-AA-E3-83-BC-E3-83-B3-E3-82-B7-E3-83-A7-E3-83-83-E3-83-88-202022-10-05-201-29-33_jpg.rf.97f60134e25497c8dd346d4c0fb2ac38.jpg,48299,ae0c358e685cb02096d2185d908c7bb205306f56e207ffc5e16efd012503636e
VADD(minmaldataset)/val/images/-E3-82-B9-E3-82-AF-E3-83-AA-E3-83-BC-E3-83-B3-E3-82-B7-E3-83-A7-E3-83-83-E3-83-88-202022-10-05-201-31-18_jpg.rf.0db32af229c22ec6980c4db5118a8b98.jpg,33577,e16bda1b27fef99b74dc1331f772bab46d157438e666c7ca54719328ae960c3b
VADD(minmaldataset)/val/images/-E3-82-B9-E3-82-AF-E3-83-AA-E3-83-BC-E3-83-B3-E3-82-B7-E3-83-A7-E3-83-83-E3-83-88-202022-10-05-201-39-18_jpg.rf.092884e76bb456083a833cabe5fb31b7.jpg,33662,cbcfa38c5f977e877225f2470e099d1e214f8e2fad47f0888aebbc02ab47e187
VADD(minmaldataset)/val/images/-E3-82-B9-E3-82-AF-E3-83-AA-E3-83-BC-E3-83-B3-E3-82-B7-E3-83-A7-E3-83-83-E3-83-88-202022-10-05-201-42-52_jpg.rf.2c18f9540198a1b640df7fd15c2afa46.jpg,33651,3bd1332fc4576c18f13849ab2020e005e0464f505cda1ffbc6be57aadd55c81a
VADD(minmaldataset)/val/images/-E3-82-B9-E3-82-AF-E3-83-AA-E3-83-BC-E3-83-B3-E3-82-B7-E3-83-A7-E3-83-83-E3-83-88-202022-10-06-207-30-10_jpg.rf.3376e1981bcce4707941a7deb50b15bc.jpg,39071,dc4d2dca60dcffe8685138c571ba48fda5e2b1cb2fc15d03cad2235f5eaae7c3
VADD(minmaldataset)/val/images/-E3-82-B9-E3-82-AF-E3-83-AA-E3-83-BC-E3-83-B3-E3-82-B7-E3-83-A7-E3-83-83-E3-83-88-202022-10-06-207-30-44_jpg.rf.29b3bc9c28d58ece35cf84fabb458a61.jpg,79025,e0428549c79498fa6fdfcc1c33f877af8ab8a1e08276a8823aa35abc2bd5c0d0
VADD(minmaldataset)/val/images/-E3-82-B9-E3-82-AF-E3-83-AA-E3-83-BC-E3-83-B3-E3-82-B7-E3-83-A7-E3-83-83-E3-83-88-202022-10-06-207-33-13_jpg.rf.6af38e980b1a7730c9eaa18a57be9db9.jpg,77463,b97fb9c97fcf4c50c86782faf631f2adc99593e9fcb2506e04a43903da1bd282
VADD(minmaldataset)/val/images/-E3-82-B9-E3-82-AF-E3-83-AA-E3-83-BC-E3-83-B3-E3-82-B7-E3-83-A7-E3-83-83-E3-83-88-202022-10-06-207-34-17_jpg.rf.3d7a2d0370b928cb56b4de1311728472.jpg,38814,f6794258ee3be509b044f360b702ca63d2a19c2b9f5b7a57f8135b0b014b2d96
VADD(minmaldataset)/val/images/-E3-82-B9-E3-82-AF-E3-83-AA-E3-83-BC-E3-83-B3-E3-82-B7-E3-83-A7-E3-83-83-E3-83-88-202022-10-06-207-38-23_jpg.rf.a92db3bda984d31474bcf36a201382d7.jpg,77075,f7f68f2b27001583d5190bdd7b0962c6034d22bdd0540f507fd383b6eecb20ec
VADD(minmaldataset)/val/images/-E3-82-B9-E3-82-AF-E3-83-AA-E3-83-BC-E3-83-B3-E3-82-B7-E3-83-A7-E3-83-83-E3-83-88-202022-10-06-207-40-47_jpg.rf.4e54e5eb52a164f4edac7321448fcc2e.jpg,56636,14958ab65359e516d3dfb199e14649794f1784e209b37842ff37c5ceee57bea4
VADD(minmaldataset)/val/images/-E3-82-B9-E3-82-AF-E3-83-AA-E3-83-BC-E3-83-B3-E3-82-B7-E3-83-A7-E3-83-83-E3-83-88-202022-10-06-207-43-13_jpg.rf.b75b87877a2b95e2a7576a895f3a7001.jpg,39738,69c397b27598b649d27a17e4565764c6bb8f68c49d9c21309b6a8b4c42f8d26f
VADD(minmaldataset)/val/images/-E3-82-B9-E3-82-AF-E3-83-AA-E3-83-BC-E3-83-B3-E3-82-B7-E3-83-A7-E3-83-83-E3-83-88-202022-10-06-207-49-29_jpg.rf.ab7f463967654be18d938aba1bcb0825.jpg,39340,593ddda41ccf7d0ffc54ae9c963c2de47273621ff0b1df1b3e3002490d71d23d
VADD(minmaldataset)/val/images/-E3-82-B9-E3-82-AF-E3-83-AA-E3-83-BC-E3-83-B3-E3-82-B7-E3-83-A7-E3-83-83-E3-83-88-202022-10-06-207-50-18_jpg.rf.0400ac635978dd935f2de5e17e7e61d5.jpg,57971,4a07925909b17a5077ec7f174580ab4c2998c40639b04787bb5b59296989e67d
VADD(minmaldataset)/val/images/-E3-82-B9-E3-82-AF-E3-83-AA-E3-83-BC-E3-83-B3-E3-82-B7-E3-83-A7-E3-83-83-E3-83-88-202022-10-11-2017-14-37_jpg.rf.4b1d3fa2d0e0216986b505adf013455b.jpg,63075,5dd4afb2dc2296d40dbb61e3e8f62961062306d962e565b5b3a01c14ae697e0e
VADD(minmaldataset)/val/images/-E3-82-B9-E3-82-AF-E3-83-AA-E3-83-BC-E3-83-B3-E3-82-B7-E3-83-A7-E3-83-83-E3-83-88-202022-10-11-2017-49-00_jpg.rf.b66262d4be2419f02bc3412d5dd1b1ee.jpg,52638,2ee810bb6c7fdc6a769a3e1a7b2e38181d16f61a2eed9f69c7fe701e43572ce2
VADD(minmaldataset)/val/images/-E3-82-B9-E3-82-AF-E3-83-AA-E3-83-BC-E3-83-B3-E3-82-B7-E3-83-A7-E3-83-83-E3-83-88-202022-10-12-2010-15-43_jpg.rf.43f3ad79e96d67e3476e41042146850b.jpg,53295,8e6d1bdf5fb7f649235e114a90d969fa6bbd8135f33483e6c7780e9d7498a91a
VADD(minmaldataset)/val/images/-E3-82-B9-E3-82-AF-E3-83-AA-E3-83-BC-E3-83-B3-E3-82-B7-E3-83-A7-E3-83-83-E3-83-88-202022-10-12-2010-19-34_jpg.rf.48f3727c7af7622f233a0284625b24e2.jpg,62525,c630f6a12e2f587313fb4ee72cccf10cea23bbab53647861189ba066b7535a91
VADD(minmaldataset)/val/images/-E3-82-B9-E3-82-AF-E3-83-AA-E3-83-BC-E3-83-B3-E3-82-B7-E3-83-A7-E3-83-83-E3-83-88-202022-10-12-2010-24-47_jpg.rf.19ec34b5b551216615e3e3aa4f1cfdf7.jpg,60323,8ea0c2f1b0dfa5a1dc4f8d20f4bb8a007f5d8bc66cb3d03ab9e323b277e0bc87
VADD(minmaldataset)/val/images/-E3-82-B9-E3-82-AF-E3-83-AA-E3-83-BC-E3-83-B3-E3-82-B7-E3-83-A7-E3-83-83-E3-83-88-202022-10-12-2010-25-59_jpg.rf.5d5c24cc77cd019f8cce0ee46f0b0096.jpg,32463,9e33ade0eb12fcc29ac3fa3c4af076442172c00c6a2570000e6ae05aa9f66945
VADD(minmaldataset)/val/images/-E3-82-B9-E3-82-AF-E3-83-AA-E3-83-BC-E3-83-B3-E3-82-B7-E3-83-A7-E3-83-83-E3-83-88-202022-10-12-2010-38-40_jpg.rf.14797e32e8a6d4678708af163c3899cc.jpg,32862,051e0aa6f8ea62d6fd5c470b039b77c4f197ebcba648796fa4ed8cd97060aa2d
VADD(minmaldataset)/val/images/-E3-82-B9-E3-82-AF-E3-83-AA-E3-83-BC-E3-83-B3-E3-82-B7-E3-83-A7-E3-83-83-E3-83-88-202022-10-12-2010-53-00_jpg.rf.4e4df5b676c15d582c71a91dc303db28.jpg,41029,1c452a388834c69fc4ed49597b79ba697dd636485038bb554aca516618abf009
VADD(minmaldataset)/val/images/-E3-82-B9-E3-82-AF-E3-83-AA-E3-83-BC-E3-83-B3-E3-82-B7-E3-83-A7-E3-83-83-E3-83-88-202022-10-12-2010-54-45_jpg.rf.b417a94533328e821a0955129ce790d6.jpg,40874,674d8e59414f56bea1fadbd1ce9944776338cba49c9f01ec1ba63881f09a2fe2
VADD(minmaldataset)/val/images/-E3-82-B9-E3-82-AF-E3-83-AA-E3-83-BC-E3-83-B3-E3-82-B7-E3-83-A7-E3-83-83-E3-83-88-202022-10-12-2010-56-48_jpg.rf.94c6c2376a728a9b684f73d2bc6decaf.jpg,41155,825044b4308dccd7e54e6685755ddbf7e120632eebc73a7c03d67500f1ddf758
VADD(minmaldataset)/val/images/-E3-82-B9-E3-82-AF-E3-83-AA-E3-83-BC-E3-83-B3-E3-82-B7-E3-83-A7-E3-83-83-E3-83-88-202022-10-12-2010-57-36_jpg.rf.0b5d2eaddfd69cbc5e401b969dbb5531.jpg,80432,7af0dade2dfb8d9cb722ec775b26134106a941ef91b97faaecf227900b99c6d0
VADD(minmaldataset)/val/images/-E3-82-B9-E3-82-AF-E3-83-AA-E3-83-BC-E3-83-B3-E3-82-B7-E3-83-A7-E3-83-83-E3-83-88-202022-10-12-2013-47-23_jpg.rf.8cde64e4ae45c6066faade00f928a698.jpg,43097,1d454fcb9ad3e5d2ea4452274f587c97282839e8c611b165ad9155347e1c0232
VADD(minmaldataset)/val/images/-E3-82-B9-E3-82-AF-E3-83-AA-E3-83-BC-E3-83-B3-E3-82-B7-E3-83-A7-E3-83-83-E3-83-88-202022-10-12-2013-50-35_jpg.rf.34a67254d3495aaf9a10903df074ec0b.jpg,86072,87437497bedc6f2cf693f8d7f36079a3f41e96105c3c4be8dcab71ec4c51f105
VADD(minmaldataset)/val/images/-E3-82-B9-E3-82-AF-E3-83-AA-E3-83-BC-E3-83-B3-E3-82-B7-E3-83-A7-E3-83-83-E3-83-88-202022-10-12-2013-54-34_jpg.rf.ef939d7a1c9bb2f10433d4811f90e3dc.jpg,42927,36f466668bbcc059268eef037b8dc7ee2c0eb1a24afa732317ee6cdf24b7ef09
VADD(minmaldataset)/val/images/-E3-82-B9-E3-82-AF-E3-83-AA-E3-83-BC-E3-83-B3-E3-82-B7-E3-83-A7-E3-83-83-E3-83-88-202022-10-12-2014-51-21_jpg.rf.9428277134c3b134bc6da2df4cca53be.jpg,33409,8928a010d839180de894d8419f9e379a0b999d4cb22438e0de8a79170528c8f5
VADD(minmaldataset)/val/images/-E3-82-B9-E3-82-AF-E3-83-AA-E3-83-BC-E3-83-B3-E3-82-B7-E3-83-A7-E3-83-83-E3-83-88-202022-10-12-2014-57-22_jpg.rf.58aeaa26589607af4be70e78dd839faf.jpg,64160,276e22256326c4a48b6a6d2341c661c9884d682db25b12ed13d916f6e624c85e
VADD(minmaldataset)/val/images/-E3-82-B9-E3-82-AF-E3-83-AA-E3-83-BC-E3-83-B3-E3-82-B7-E3-83-A7-E3-83-83-E3-83-88-202022-10-12-2014-57-41_jpg.rf.2ddf98bf1eb0364c0c634814f1a90630.jpg,64484,6b375cc6cd29758a7d5cbdf36491a34cded920e3237d648c656fb3cfa79387ac
VADD(minmaldataset)/val/images/-E3-82-B9-E3-82-AF-E3-83-AA-E3-83-BC-E3-83-B3-E3-82-B7-E3-83-A7-E3-83-83-E3-83-88-202022-10-12-2015-01-12_jpg.rf.b96433bfb955798395a4b93dd7e47a2d.jpg,33693,62e26c5561ecb31ad0f4f24b4adb6ea079635baf1c283404d4a680266607228d
VADD(minmaldataset)/val/images/-E3-82-B9-E3-82-AF-E3-83-AA-E3-83-BC-E3-83-B3-E3-82-B7-E3-83-A7-E3-83-83-E3-83-88-202022-10-12-2015-34-01_jpg.rf.604f0892393dd4cfe566691d8731f7dc.jpg,59749,9fe56da9123d4ee246507a79ab85b75e745c464b3f9764058ca62a187608eb67
VADD(minmaldataset)/val/images/-E3-82-B9-E3-82-AF-E3-83-AA-E3-83-BC-E3-83-B3-E3-82-B7-E3-83-A7-E3-83-83-E3-83-88-202022-10-12-2015-35-44_jpg.rf.7d08b4430eac649687428b348c6d4f8b.jpg,31430,89d6e6a380abf0b3c5b2d6e5f85dacf64f51286ff59205cda86176984eb6e7a4
VADD(minmaldataset)/val/images/-E3-82-B9-E3-82-AF-E3-83-AA-E3-83-BC-E3-83-B3-E3-82-B7-E3-83-A7-E3-83-83-E3-83-88-202022-10-12-2015-41-54_jpg.rf.d722ea47e605e57d9c820ed80102cbcc.jpg,65393,4f17e7c8dd0ef0576afbbfebe7f74de3dd299460fc2222bca2c4788a8829f4b4
VADD(minmaldataset)/val/images/-E3-82-B9-E3-82-AF-E3-83-AA-E3-83-BC-E3-83-B3-E3-82-B7-E3-83-A7-E3-83-83-E3-83-88-202022-10-12-2015-44-25_jpg.rf.208a06802c761ce6383b19400d681e6f.jpg,33251,d2629f3f423be6390a675d6ad16b09d107a9a919d7f6ed211cfb2ced5d859488
VADD(minmaldataset)/val/images/-E3-82-B9-E3-82-AF-E3-83-AA-E3-83-BC-E3-83-B3-E3-82-B7-E3-83-A7-E3-83-83-E3-83-88-202022-10-12-2015-53-56_jpg.rf.54a1b1c72b56ae2985f72b63a2b24fa7.jpg,34403,d67f3eca74cb023fc7a5928aafbdde776b99539239a679f29f80d9011a3d41aa
VADD(minmaldataset)/val/images/-E3-82-B9-E3-82-AF-E3-83-AA-E3-83-BC-E3-83-B3-E3-82-B7-E3-83-A7-E3-83-83-E3-83-88-202022-10-12-2016-18-24_jpg.rf.70441887c1722caec4f8683c8472c265.jpg,33887,1387378557165d85d5b310cf75be653b8da1fa101bce8128560f098e930f67a2
VADD(minmaldataset)/val/images/-E3-82-B9-E3-82-AF-E3-83-AA-E3-83-BC-E3-83-B3-E3-82-B7-E3-83-A7-E3-83-83-E3-83-88-202022-10-12-2016-25-38_jpg.rf.8436260e39c5002171e603d57a114f7b.jpg,58242,bc31f941e6ac93d73277998450929e81897b8e2ae74bf2dda4bfa6bf4db01a66
VADD(minmaldataset)/val/images/-E3-82-B9-E3-82-AF-E3-83-AA-E3-83-BC-E3-83-B3-E3-82-B7-E3-83-A7-E3-83-83-E3-83-88-202022-10-12-2016-29-47_jpg.rf.4e1d764a6f80d006af32e78af4ba53b4.jpg,32784,3d6362404b5b99fa12e3e04a224f658fd8147cc6370603f96f0558acacac10b1
VADD(minmaldataset)/val/images/-E3-82-B9-E3-82-AF-E3-83-AA-E3-83-BC-E3-83-B3-E3-82-B7-E3-83-A7-E3-83-83-E3-83-88-202022-10-12-2016-29-47_jpg.rf.fe420e085454b6e0af7480ef6e06ea8b.jpg,63216,b72b2759e454e3bf27c6002620a38db7ec604ed27f6992898a58a8e5350924c1
VADD(minmaldataset)/val/images/-E3-82-B9-E3-82-AF-E3-83-AA-E3-83-BC-E3-83-B3-E3-82-B7-E3-83-A7-E3-83-83-E3-83-88-202022-10-12-2016-46-12_jpg.rf.6dfa0a970e98391b4d9a1a8079b43524.jpg,29803,e34da7628559e058ee7ace1bd4a7707bd7c41c2ded403de40d729a12c38074c8
VADD(minmaldataset)/val/images/-E3-82-B9-E3-82-AF-E3-83-AA-E3-83-BC-E3-83-B3-E3-82-B7-E3-83-A7-E3-83-83-E3-83-88-202022-10-12-2016-52-24_jpg.rf.63292f3905f81f16728693d00ae9e163.jpg,33093,6270fa2cacb2636b746eb3c38005bfbf9d16f55f4db5c3294d7e16ebe5599b0e
VADD(minmaldataset)/val/images/-E3-82-B9-E3-82-AF-E3-83-AA-E3-83-BC-E3-83-B3-E3-82-B7-E3-83-A7-E3-83-83-E3-83-88-202022-10-12-2016-52-45_jpg.rf.00c9add077a2f8429227431569dca5c2.jpg,58997,12a3391c17d9fd5f11aea0b928fae737a575a81bb236cb0b6eea9161a1582253
VADD(minmaldataset)/val/images/-E3-82-B9-E3-82-AF-E3-83-AA-E3-83-BC-E3-83-B3-E3-82-B7-E3-83-A7-E3-83-83-E3-83-88-202022-10-12-2016-53-06_jpg.rf.910220797bbd254d1c62f6779d1072f6.jpg,57484,1a2f515ab66def87a963f7b53aa274161f3c484ba2075db412d77143ce004735
VADD(minmaldataset)/val/images/-E3-82-B9-E3-82-AF-E3-83-AA-E3-83-BC-E3-83-B3-E3-82-B7-E3-83-A7-E3-83-83-E3-83-88-202022-10-19-201-11-44_jpg.rf.48d8f9086678a0c27d49219d460d9263.jpg,73275,aeeae073cc63ecdd4e1fd6ac37ed8e31756856a896d8fd87eb4955c8d6a75c5a
VADD(minmaldataset)/val/images/-E3-82-B9-E3-82-AF-E3-83-AA-E3-83-BC-E3-83-B3-E3-82-B7-E3-83-A7-E3-83-83-E3-83-88-202022-10-19-201-14-30_jpg.rf.764a262fccd5f6c463d39237967ed7fb.jpg,72714,ad7865342d15d7d6c48a84029cf5e76493889381b7298e8e0a1a46556457e0da
VADD(minmaldataset)/val/images/-E3-82-B9-E3-82-AF-E3-83-AA-E3-83-BC-E3-83-B3-E3-82-B7-E3-83-A7-E3-83-83-E3-83-88-202022-10-19-201-16-01_jpg.rf.efe4d242c22d92dc2cb1ab95ad5f71e5.jpg,74878,db8721b6c2d9ff908e5c558984028ac5f074b6f461909b8cb7f8939973004733
VADD(minmaldataset)/val/images/-E3-82-B9-E3-82-AF-E3-83-AA-E3-83-BC-E3-83-B3-E3-82-B7-E3-83-A7-E3-83-83-E3-83-88-202022-10-19-201-17-07_jpg.rf.77e984c2caa3ab1055e95c6d5f7666d5.jpg,72971,e6322c9ff3c7db9ee72ff4189492b14cb5f5e00c0d5b0b0338b9a4b5540a131d
VADD(minmaldataset)/val/images/-E3-82-B9-E3-82-AF-E3-83-AA-E3-83-BC-E3-83-B3-E3-82-B7-E3-83-A7-E3-83-83-E3-83-88-202022-10-19-201-56-52_jpg.rf.7c2a84a4703b9cd9e4662c1f6e85ed37.jpg,73107,e481eccf7c6f9c6ed90b36176fc9534cb79a2d2de972bb065b385ac25c8f2e84
VADD(minmaldataset)/val/images/-E3-82-B9-E3-82-AF-E3-83-AA-E3-83-BC-E3-83-B3-E3-82-B7-E3-83-A7-E3-83-83-E3-83-88-202022-10-19-2017-04-03_jpg.rf.90878d39f154452e2f5fc1b9cb962927.jpg,66886,26781da76905420bbb2713e3d2810ed72057fe66ded31c58154a41b887ae1584
VADD(minmaldataset)/val/images/-E3-82-B9-E3-82-AF-E3-83-AA-E3-83-BC-E3-83-B3-E3-82-B7-E3-83-A7-E3-83-83-E3-83-88-202022-10-19-2017-14-13_jpg.rf.0c065c6ac01dfe745a633469cf76ab84.jpg,65513,44d1a72028cf6cf2c45e18ed07118ffb6ce0b10bbb249fa4ba45402d2b0c5ec2
VADD(minmaldataset)/val/images/-E3-82-B9-E3-82-AF-E3-83-AA-E3-83-BC-E3-83-B3-E3-82-B7-E3-83-A7-E3-83-83-E3-83-88-202022-10-19-2018-31-18_jpg.rf.33d32214f7546aa72f161af0daa0582e.jpg,68916,ab0b4a9027a155f0111e788b608527d60ff6c8347ae296eb5bb2389578c1fbd2
VADD(minmaldataset)/val/images/-E3-82-B9-E3-82-AF-E3-83-AA-E3-83-BC-E3-83-B3-E3-82-B7-E3-83-A7-E3-83-83-E3-83-88-202022-10-19-202-12-44_jpg.rf.96b630a8cd3b953a671d8c2e407fb6cc.jpg,74013,5d73a2f732a40a2e19b51e57e562a41384c474e2bee759a270feb284e2f601e0
VADD(minmaldataset)/val/images/-E3-82-B9-E3-82-AF-E3-83-AA-E3-83-BC-E3-83-B3-E3-82-B7-E3-83-A7-E3-83-83-E3-83-88-202022-10-19-2021-53-23_jpg.rf.2e405559d523a1ce48e9a16ac44e8d9b.jpg,72178,ad6f77a9a804ac9c91dcb871c83cd50f66b179955bb593a01998204ef167b599
VADD(minmaldataset)/val/images/-E3-82-B9-E3-82-AF-E3-83-AA-E3-83-BC-E3-83-B3-E3-82-B7-E3-83-A7-E3-83-83-E3-83-88-202022-12-04-201-01-25_jpg.rf.ddb039dba3348a39a923c96a1c3ecf65.jpg,56808,3ec3888ce9eda983300440272ec90809f9789b73511916ab55511c2a7ec14f2f
VADD(minmaldataset)/val/images/-E3-82-B9-E3-82-AF-E3-83-AA-E3-83-BC-E3-83-B3-E3-82-B7-E3-83-A7-E3-83-83-E3-83-88-202022-12-04-201-28-29_jpg.rf.a07e923a4d2ddd1d28f41748abb71a63.jpg,59420,c29786ad62c68b933ef28f1f4b0a537817881d3fcddc61184c392e14cd6ea2aa
VADD(minmaldataset)/val/images/-E3-82-B9-E3-82-AF-E3-83-AA-E3-83-BC-E3-83-B3-E3-82-B7-E3-83-A7-E3-83-83-E3-83-88-202022-12-04-201-37-34_jpg.rf.d6b8c8b40d2aa10975c3de3b074071ff.jpg,59747,76a5c47bcdd766fad03bf11c23e5a790567db107f37f174ea6125663794e7187
VADD(minmaldataset)/val/images/-E3-82-B9-E3-82-AF-E3-83-AA-E3-83-BC-E3-83-B3-E3-82-B7-E3-83-A7-E3-83-83-E3-83-88-202022-12-04-201-46-11_jpg.rf.325b61faee654dd90bb99b269ac47e33.jpg,59772,887cec7a6ae41c976eed121a999f11b820a1e09c1dc74feba31ffaf269ee828a
VADD(minmaldataset)/val/images/-E3-82-B9-E3-82-AF-E3-83-AA-E3-83-BC-E3-83-B3-E3-82-B7-E3-83-A7-E3-83-83-E3-83-88-202022-12-04-201-56-47_jpg.rf.25e05b345a0c1859a431d6baf8676650.jpg,57163,42d9b931b908acc03d5b6fa6b82be2800c862dc6233672ca6f9343e43db9df4e
VADD(minmaldataset)/val/images/-E3-82-B9-E3-82-AF-E3-83-AA-E3-83-BC-E3-83-B3-E3-82-B7-E3-83-A7-E3-83-83-E3-83-88-202022-12-04-201-57-31_jpg.rf.2fdf6de1edfb4efe19a00759cb550edd.jpg,61717,a7d472dc94f901af12529d47fc4cc226e1362051d88b9dd9710db0ae0d34fba7
VADD(minmaldataset)/val/images/-E3-82-B9-E3-82-AF-E3-83-AA-E3-83-BC-E3-83-B3-E3-82-B7-E3-83-A7-E3-83-83-E3-83-88-202022-12-04-202-26-10_jpg.rf.46b44d9ed5bc204c18a0d67bcefbf94b.jpg,59218,100562c4f54da42fb00543878cba52a1d9677dabf5a33bcbf0babaf602dbeaca
VADD(minmaldataset)/val/images/-E3-82-B9-E3-82-AF-E3-83-AA-E3-83-BC-E3-83-B3-E3-82-B7-E3-83-A7-E3-83-83-E3-83-88-202022-12-04-202-26-26_jpg.rf.c4536bff3030f75853003d398638dffc.jpg,61593,1dd07a34b6c6e041f7fd10d23255cc43664a6e6d1eaa54f3d62cd3a3292bf71b
VADD(minmaldataset)/val/images/-E3-82-B9-E3-82-AF-E3-83-AA-E3-83-BC-E3-83-B3-E3-82-B7-E3-83-A7-E3-83-83-E3-83-88-202022-12-04-202-31-54_jpg.rf.b4a4e26e682b61c376ec03f2415742c5.jpg,55530,1eeea75fe7b949148991cc000f831ea903987a76881df77dccfc60a985b00765
VADD(minmaldataset)/val/images/-E3-82-B9-E3-82-AF-E3-83-AA-E3-83-BC-E3-83-B3-E3-82-B7-E3-83-A7-E3-83-83-E3-83-88-202022-12-04-202-39-55_jpg.rf.5f4c2a31a8ccdb7afac0604745069dbb.jpg,61264,e539cde545bb4088665b7cc80d53d3c43549a643af2d8991c7487af4c4921e23
VADD(minmaldataset)/val/images/-E3-82-B9-E3-82-AF-E3-83-AA-E3-83-BC-E3-83-B3-E3-82-B7-E3-83-A7-E3-83-83-E3-83-88-202022-12-04-202-51-14_jpg.rf.7dc8218b86ba8e4018040b3c44c5f9ae.jpg,61724,ad11691199aa1b4ac0895f847db136a22690e43dea78e13b0fd023edc32439fd
VADD(minmaldataset)/val/images/-E3-82-B9-E3-82-AF-E3-83-AA-E3-83-BC-E3-83-B3-E3-82-B7-E3-83-A7-E3-83-83-E3-83-88-202022-12-04-202-53-01_jpg.rf.1c06799a2613e9d8e0657d2809682e60.jpg,60077,ba9dcf618b3da25fc83465bcfe08d4febdc09cb806268c1582faf5dd7edfc2bd
VADD(minmaldataset)/val/images/-E3-82-B9-E3-82-AF-E3-83-AA-E3-83-BC-E3-83-B3-E3-82-B7-E3-83-A7-E3-83-83-E3-83-88-202022-12-04-2023-55-53_jpg.rf.2c7079d7f43e8add1f0f374adf972d2a.jpg,70275,0bde828976a93a3a26df7b9ac4013e344c8ff0acef9f7556ecff1b4bca4a015f
VADD(minmaldataset)/val/images/-E3-82-B9-E3-82-AF-E3-83-AA-E3-83-BC-E3-83-B3-E3-82-B7-E3-83-A7-E3-83-83-E3-83-88-202022-12-04-2023-56-06_jpg.rf.364c570647810f6e9afe217ff8d41e4a.jpg,71279,e3250ab99f6eb8109b68f3b90bec52f0b44c99debc249171347097c098591e5e
VADD(minmaldataset)/val/images/-E3-82-B9-E3-82-AF-E3-83-AA-E3-83-BC-E3-83-B3-E3-82-B7-E3-83-A7-E3-83-83-E3-83-88-202022-12-04-2023-57-43_jpg.rf.b4deafd3ac6df7bc62925357d1de0826.jpg,69110,b9847a5e8474a0e5c42b4d44dbf746a1b2fa8afc482fb8c44ad894d65037b447
VADD(minmaldataset)/val/images/-E3-82-B9-E3-82-AF-E3-83-AA-E3-83-BC-E3-83-B3-E3-82-B7-E3-83-A7-E3-83-83-E3-83-88-202022-12-04-2023-59-09_jpg.rf.9f5374ca26b5b22e641be3b7f31e1a60.jpg,71373,c85346bc37d60e8bb3cad8d61439bd0577f98ce12c2872dd03f8159ad64664f7
VADD(minmaldataset)/val/images/-E3-82-B9-E3-82-AF-E3-83-AA-E3-83-BC-E3-83-B3-E3-82-B7-E3-83-A7-E3-83-83-E3-83-88-202022-12-05-200-34-23_jpg.rf.2a05d273fe40d81cc70fbd1065b3ebaa.jpg,68397,67e1e5f8a9c759f1e62f3490fa5156eb7822aed7c7b48528fe0b0dc4efc1c7b2
VADD(minmaldataset)/val/images/-E3-82-B9-E3-82-AF-E3-83-AA-E3-83-BC-E3-83-B3-E3-82-B7-E3-83-A7-E3-83-83-E3-83-88-202022-12-05-201-16-25_jpg.rf.a03acc1bc9e46e2d87e0e4c16ea21ac0.jpg,66106,0fd74c09b2efb27514d2918b6e5bbdadcd165bf42f21761b6e76bfe68b60d359
VADD(minmaldataset)/val/images/-E3-82-B9-E3-82-AF-E3-83-AA-E3-83-BC-E3-83-B3-E3-82-B7-E3-83-A7-E3-83-83-E3-83-88-202022-12-05-201-37-04_jpg.rf.4923fc1e6bcf7020230a5b6942eb8a22.jpg,66710,fd47588d21aca7acd00883e005bec4e8e19292335f71de6b0a9d7c863f9de799
VADD(minmaldataset)/val/images/-E3-82-B9-E3-82-AF-E3-83-AA-E3-83-BC-E3-83-B3-E3-82-B7-E3-83-A7-E3-83-83-E3-83-88-202022-12-05-201-37-44_jpg.rf.fb0856551ca5afccedb5f1b36f913e1b.jpg,65867,a66ff98546f8b44bcd8e0523c8fbeac30663fa8c7867d73dac0bf63bc12eb60c
VADD(minmaldataset)/val/images/-E3-82-B9-E3-82-AF-E3-83-AA-E3-83-BC-E3-83-B3-E3-82-B7-E3-83-A7-E3-83-83-E3-83-88-202022-12-05-201-42-48_jpg.rf.93351ba4c70b986c0e037d40599ac6de.jpg,64438,51263be3cd8b8547099048b3a161442abff96d880b8aedc70b69b8da7fa764bd
VADD(minmaldataset)/val/images/-E3-82-B9-E3-82-AF-E3-83-AA-E3-83-BC-E3-83-B3-E3-82-B7-E3-83-A7-E3-83-83-E3-83-88-202022-12-05-201-47-45_jpg.rf.0255b54650ec21c6a689f30e9061a52f.jpg,67264,3910403552c37aafcd961f8f387f4cb5ccfb596858a25f91c780541dde6e9d04
VADD(minmaldataset)/val/images/-E3-82-B9-E3-82-AF-E3-83-AA-E3-83-BC-E3-83-B3-E3-82-B7-E3-83-A7-E3-83-83-E3-83-88-202022-12-05-202-56-30_jpg.rf.f91cd8e60c1c7676c941892a789d1868.jpg,68081,87fa80ec9abc4317a66934d9ce32c90f41e6809137f5770fcb64242ecaf1d3d5
VADD(minmaldataset)/val/images/-E3-82-B9-E3-82-AF-E3-83-AA-E3-83-BC-E3-83-B3-E3-82-B7-E3-83-A7-E3-83-83-E3-83-88-202022-12-05-2022-10-56_jpg.rf.aa2736ad6255550432aff0dafcd1a74c.jpg,69267,4b3d871145864aed938e71c3a27fdadac9382313c95854599d50a5df06fc04c8
VADD(minmaldataset)/val/images/-E3-82-B9-E3-82-AF-E3-83-AA-E3-83-BC-E3-83-B3-E3-82-B7-E3-83-A7-E3-83-83-E3-83-88-202022-12-05-2022-18-26_jpg.rf.38d7e5b88d58819f3528556084bba1ae.jpg,63949,27da79c066b8d30b31c2658ae0288725c50bed405499bef5abc9c292dcc7f828
VADD(minmaldataset)/val/images/-E3-82-B9-E3-82-AF-E3-83-AA-E3-83-BC-E3-83-B3-E3-82-B7-E3-83-A7-E3-83-83-E3-83-88-202022-12-05-2022-22-38_jpg.rf.5f2df59abbd998d7e888c3d28ec871cd.jpg,65923,75ad3fb0797ec3eab008f3fdf823ce23cf08cdca2f2bc8fd7c524e4b0b286c67
VADD(minmaldataset)/val/images/-E3-82-B9-E3-82-AF-E3-83-AA-E3-83-BC-E3-83-B3-E3-82-B7-E3-83-A7-E3-83-83-E3-83-88-202022-12-05-2022-32-16_jpg.rf.eb94b7b9c9535eee46db5524d389b275.jpg,69230,61490d6cd2959a7aa276ac378b1481e10373983f5c175e428dc8e0d86684d54f
VADD(minmaldataset)/val/images/-E3-82-B9-E3-82-AF-E3-83-AA-E3-83-BC-E3-83-B3-E3-82-B7-E3-83-A7-E3-83-83-E3-83-88-202022-12-05-2023-11-44_jpg.rf.c7b67051ae0978aab76feba39735b79d.jpg,67833,8b43334549d761ba08ebe2b3679cc38678d603c1ea422b734b7acec1ebcb909b
VADD(minmaldataset)/val/images/-E3-82-B9-E3-82-AF-E3-83-AA-E3-83-BC-E3-83-B3-E3-82-B7-E3-83-A7-E3-83-83-E3-83-88-202022-12-05-2023-19-01_jpg.rf.9a781c215e4fb933e234d274903daea0.jpg,67749,8c25806352bcb0a0d7a63413f88cbbee4cc414f90846a6db6d1bd96c9680e8e4
VADD(minmaldataset)/val/images/-E3-82-B9-E3-82-AF-E3-83-AA-E3-83-BC-E3-83-B3-E3-82-B7-E3-83-A7-E3-83-83-E3-83-88-202022-12-05-2023-21-43_jpg.rf.df06d5999a19c72214f7e8ef3dc168e7.jpg,67333,61829e314a24a88a1761853f5c5db899d940ff27d06651db13556624d321fcf1
VADD(minmaldataset)/val/images/-E3-82-B9-E3-82-AF-E3-83-AA-E3-83-BC-E3-83-B3-E3-82-B7-E3-83-A7-E3-83-83-E3-83-88-202022-12-05-2023-22-39_jpg.rf.9cec1dc22d1287a24587c5c5db76d3cd.jpg,67287,64673ae353e5c2d63aa5d981e3a2569776a3defc8db9916c2251bd1aa271ed05
VADD(minmaldataset)/val/images/-E3-82-B9-E3-82-AF-E3-83-AA-E3-83-BC-E3-83-B3-E3-82-B7-E3-83-A7-E3-83-83-E3-83-88-202022-12-05-203-33-58_jpg.rf.52f8bf3f6e2f72a96212dae28e35963c.jpg,66442,981fd50c48e895ac51c99d46d5190a2327be444370814bbc4c698010a3427b45
VADD(minmaldataset)/val/images/-E3-82-B9-E3-82-AF-E3-83-AA-E3-83-BC-E3-83-B3-E3-82-B7-E3-83-A7-E3-83-83-E3-83-88-202022-12-05-203-35-19_jpg.rf.5996aa6afe513cda41abe69c3d9b9879.jpg,68114,d8dab3d803faf4fb7c28365e5f676e9d9e98c42bb3583407a0a732dddf6cdab2
VADD(minmaldataset)/val/images/-E3-82-B9-E3-82-AF-E3-83-AA-E3-83-BC-E3-83-B3-E3-82-B7-E3-83-A7-E3-83-83-E3-83-88-202022-12-05-203-39-13_jpg.rf.30e48aee16db94adb598f54cd916b298.jpg,67427,503a22d6278c8a2d88355287e0f54db5dfda9fe1022568355e281df1f86d05d9
VADD(minmaldataset)/val/images/53_18704_jpg.rf.e761f469b268eb24b31032849e464526.jpg,118002,90da279925df57060f4ee889287db531ca7fe604e66e127fc15b3ade096d6f7d
VADD(minmaldataset)/val/images/53_19399_jpg.rf.5d9c57d217be7f4ba4b73083b39fb41a.jpg,122772,a28c406f8eba26bd08c7b3475317e2b0ec9ee9af40d755d21e3856d179c43ced
VADD(minmaldataset)/val/images/modena_tour_mp4-1063_jpg.rf.3566e37554af12d4264f8b7a1e0fdf04.jpg,129795,54f77ac7462cc016f6fdde11dcd4510991b18ea3c851e544e3e81056d1a13e71
VADD(minmaldataset)/val/images/modena_tour_mp4-1078_jpg.rf.59ea2d1bc7cb3f4e140f6a5eb2b1d9a2.jpg,130343,0039dc8bb3c13526fb922cabf2bf8b1be15abd2a7243403e55c38ea9b0130ce5
VADD(minmaldataset)/val/images/modena_tour_mp4-1124_jpg.rf.8104b4f914370655d3114a806163d0f3.jpg,127999,5f040dd09c0d1348eff6fc5dbd8529ad9154a49273836f16172b6bfaf103c142
VADD(minmaldataset)/val/images/modena_tour_mp4-1126_jpg.rf.bba3b97141a719855cbb1faece561996.jpg,130003,60e6c2ae9a8517753113648c89a97becd9067ccf96c23e75e48291e5c12d17c1
VADD(minmaldataset)/val/images/modena_tour_mp4-1166_jpg.rf.885f58323b6a63b22bc399083d248fc1.jpg,133598,69f6ce238993c98157bf6f801855f0e154eb3e952dd9a323b76f8102d8573b05
VADD(minmaldataset)/val/images/modena_tour_mp4-1169_jpg.rf.434deca703818aab4e494cabb40026a4.jpg,132649,0ac326efed535057dad3d134cdfd262bc4b0ada2b5eb7c49117ffb64df1f935d
VADD(minmaldataset)/val/images/modena_tour_mp4-1198_jpg.rf.37c5677f01277d3aec379ca935cb994e.jpg,131335,c8af197493a87176ce2f56f7888be332252f6ec1dbce575b3553c853bb2a4d38
VADD(minmaldataset)/val/images/modena_tour_mp4-1293_jpg.rf.72fc24c316e5572d249bc671d7a58bfd.jpg,131659,ac717a699dd3859cad6c74527333939cb845a3304e5a7b35402fa77da8841d23
VADD(minmaldataset)/val/images/modena_tour_mp4-1308_jpg.rf.95cd1c63e65527e5f467a6b5210919c4.jpg,130089,be72c6f8c63a407e718d277dcb85115a504dbb836504768b28b23458e5a17c88
VADD(minmaldataset)/val/images/modena_tour_mp4-1472_jpg.rf.c350e30f55339ca42572776e8fd89060.jpg,130766,e4628fae595c348917b351bdb55531a38c9abb48bf5df85c78762bfa29bd3a1c
VADD(minmaldataset)/val/images/modena_tour_mp4-1559_jpg.rf.4e33417c08be43dd9aca724c95ff4ef7.jpg,133337,533eb35e680ca91089949dcce80ef2c00193c9e4ff1243a1335b921574a4fa18
VADD(minmaldataset)/val/images/modena_tour_mp4-1684_jpg.rf.33715549c69366801d84e0f43bdc6ee7.jpg,132509,1445df693be4bdaeec5869af4fdc0a2ee047f2c09c63ada8d59451c3add3e4fd
VADD(minmaldataset)/val/images/modena_tour_mp4-1738_jpg.rf.6362091b47865dac7e736521c09aa482.jpg,123987,a6650f9294df6ecbc1ec093a1e841a811d8b113002e569f4c5deb9705fcbb882
VADD(minmaldataset)/val/images/modena_tour_mp4-1891_jpg.rf.008e0d3b0789f6e466e751e9c6d151b7.jpg,129484,f40e0a113444a99398b0a501088d797b9fbb309416b45c76533a3ccb1e5ee7c7
VADD(minmaldataset)/val/images/modena_tour_mp4-2046_jpg.rf.fd9734d4ffada934e7c99cf93da250ad.jpg,131542,e0272a4f362cc8b22dba7440946a43bb0e3a844db41051ed8a8d80d071455eee
VADD(minmaldataset)/val/images/modena_tour_mp4-2050_jpg.rf.33d8e5df11e19e2f9d5f4c45d285fc30.jpg,129193,c0b883be2ea31c037b39cf87a0fcfff2b88281f09c3465799b4ae73b94f4a6b9
VADD(minmaldataset)/val/images/modena_tour_mp4-2183_jpg.rf.c4e2b5900a81e88e78e88c3454a16531.jpg,128846,88b30c1e5921e9787653ebce3f22434dc5bb2903e809be3409f7185c5a6551db
VADD(minmaldataset)/val/images/modena_tour_mp4-2336_jpg.rf.a4bda394e3c28bf29531b727a4e952a4.jpg,128005,7a18398e9ac9b9eff9676da7ae0535a5ff08c8297fee5c953f45f6eeb2c8a621
VADD(minmaldataset)/val/images/modena_tour_mp4-2376_jpg.rf.4f0ef236ed558a97aad3384899107a1a.jpg,133875,fac3bc45f38ede6455dd00ef263ae4f6480ac2a9e2ae9835c9023127f228821f
VADD(minmaldataset)/val/images/modena_tour_mp4-2390_jpg.rf.ff5aea17077fca33ab2455d8802c850c.jpg,134177,03966d8e08efd4af8ded3e28294316250b2486ebbcaa9704a235093c9733c1c5
VADD(minmaldataset)/val/images/modena_tour_mp4-2407_jpg.rf.fa5e7ab1d782891b90dde051c74366cb.jpg,125536,fec5e3325f2ee5612054a1a10cad3113c55b001e291529c1b961d7c4759277b1
VADD(minmaldataset)/val/images/modena_tour_mp4-2446_jpg.rf.1f51830a610fb5c159643cb8f8168fb9.jpg,131733,21a0bb45cc404f4e4cd580f3324d581942ce39fb1ad090b5c79fb51fea2c8089
VADD(minmaldataset)/val/images/modena_tour_mp4-2537_jpg.rf.ff4c52ed09599f55a8c6cc3516f0d258.jpg,128964,5b59a8cee09d744af006cd9b59457cd798be8d078be8890ac6cbc9aae3b7fded
VADD(minmaldataset)/val/images/modena_tour_mp4-2577_jpg.rf.572392d4c469fdaff9665735f4c4741f.jpg,128791,6aece3c2877d0ba889122727037ead56003b9484a04b892a94c7266def19c70f
VADD(minmaldataset)/val/images/modena_tour_mp4-2612_jpg.rf.088c6b3e9d0a1d81d9f3b0bb7ce64e57.jpg,124256,b320368b832b4218a94388d4d6c8dfd2fdc35e157d9ae4dca3bcf3beab831993
VADD(minmaldataset)/val/images/modena_tour_mp4-261_jpg.rf.8c9bf97d102b25eb38b5d226adc82c07.jpg,124416,1adb12867b267865ba1a875d8899a8507942cb4ad0c5b9924743b03e1ff9a044
VADD(minmaldataset)/val/images/modena_tour_mp4-2647_jpg.rf.95d5abe2f3dc7e00f200ab4b267bd27d.jpg,129820,7af55971b66519138d9957c380cc4a722114914e1411c896bf06669fe7cb4468
VADD(minmaldataset)/val/images/modena_tour_mp4-2677_jpg.rf.fa0ed3084385f7f45d1ae13bcc44bf40.jpg,126062,cb65ce466bdf4b339b04fdcf68c978e1593c907330db63b0e418c3ff45dff9f8
VADD(minmaldataset)/val/images/modena_tour_mp4-2695_jpg.rf.7bdda74e063b353965be377f26e05c89.jpg,130675,d688c2268c5be1f8a951bcbbc29f636fcb00735e1a77ee2f26272f7e7ec1b822
VADD(minmaldataset)/val/images/modena_tour_mp4-2867_jpg.rf.daa050b31c952d5ea6fb015c2d7f6602.jpg,128022,50a36633be2b3471beefe3c0822edd86c3f899650a06852405d14c1b9fe307f9
VADD(minmaldataset)/val/images/modena_tour_mp4-373_jpg.rf.b8c6a65152495c82a699d6fcbe1f2407.jpg,123850,13aed0bac0593812caeb80ddd1c3ac024f7bf8a1262d87628545a4ec6d8b658e
VADD(minmaldataset)/val/images/modena_tour_mp4-479_jpg.rf.35379698dfac85631a65adad0218a8f6.jpg,125629,2542f5c9546c1d09eb216dedc7a50d0dab1316a5fbdcb4af2a4af4993f926a2c
VADD(minmaldataset)/val/images/modena_tour_mp4-507_jpg.rf.8e0e50c11fddc926f0a7390b37f92513.jpg,122626,16aa0df56d6f8577cb7bc57c034fa6cdb9a84fa401410390c91de641a6ec4dd3
VADD(minmaldataset)/val/images/modena_tour_mp4-693_jpg.rf.7e672185508af615d781ddaa69948242.jpg,127993,86ee5d8e69c13a199a5b84333c6c45251def01734345452a3326443fcc1bc9ad
VADD(minmaldataset)/val/images/modena_tour_mp4-73_jpg.rf.67a745dd23a9f13071a3002c605e75ef.jpg,123473,ea1221be2e0dfc5e563cbc38df2ccc8411a539cce01c12ad3c51d5f2e5df477e
VADD(minmaldataset)/val/images/modena_tour_mp4-760_jpg.rf.2eb9afbc9487399326779b3da91f49cc.jpg,128725,b690680d6e9bd9065f5951521b2361c8e26db27aae12e319a4d2e2574a29c6b4
VADD(minmaldataset)/val/images/modena_tour_mp4-771_jpg.rf.66c9c0104bf658fbd8248ad2d5c0069e.jpg,122043,910284ce4b9eabdf4e17d3c6dd9955b227854b77ed225fb308d36ab3749e6bc5
VADD(minmaldataset)/val/images/modena_tour_mp4-821_jpg.rf.6c13bd5bfc1cb87e632509300b372f41.jpg,120254,9c446124fd0e5996128dc956cb0331033bdc713a743ed6f53514396733c5a201
VADD(minmaldataset)/val/images/modena_tour_mp4-849_jpg.rf.e8f89da6bfe122220713d92e84079001.jpg,128575,9e8146aefb955621b0b097a0a91268b8d55dc56aed4ced9abcae066cced235b6
VADD(minmaldataset)/val/images/modena_tour_mp4-867_jpg.rf.dcefab8c40e7067ae7512a4470f2efee.jpg,127898,fec9f9383240bb505b1d66c0c01244ab6884afab26bdf115492058d9e02eb063
VADD(minmaldataset)/val/images/modena_tour_mp4-868_jpg.rf.263721008d2a7863af8e554dbf0ebb1d.jpg,128006,9b4e86b8bf12d910c3cc5183a968c0b53226e80d9133635c95d3bc61df0797ef
VADD(minmaldataset)/val/images/modena_tour_mp4-958_jpg.rf.1ea18de8b3bf977bb8205efc9700bd58.jpg,125130,22bdfe21810bad8fdd9b6e499ed3135e1f46602f30dbe2bdfa48a2199e665d35
VADD(minmaldataset)/val/images/modena_tour_mp4-989_jpg.rf.f0d0ebc85e12df4097550713aa116cda.jpg,123860,356547c60a3d79c6e5f12729bbd525f324e2d77c02c940bf21c5cd647577f600
VADD(minmaldataset)/val/images/test_video_1_mp4-1265_jpg.rf.1068a5c1f13fb4f48bc9d67928d625ca.jpg,92026,82a908ab6aaf9cc3dca49611a8eb833c856be2ffdb6840b0f102b70455952ab7
VADD(minmaldataset)/val/images/test_video_1_mp4-1282_jpg.rf.fe7f5fd43e2eec5121c53333642daba7.jpg,92588,9c241838bef9d4bf18bd08d2075a370438b154258e87ddb9121b018d181d80e5
VADD(minmaldataset)/val/images/test_video_1_mp4-596_jpg.rf.676802c08d78a054c2b7ca8342635dd8.jpg,88290,1b03ac7d81070a8721edda98ccf24c47008d1526684ff02393343ef1c627849b
VADD(minmaldataset)/val/images/test_video_1_mp4-896_jpg.rf.6cf973f5ac0ca295038ae32fcc90cbb8.jpg,80474,e880b88f627e87a98933980e51f237985d4e0a2676c39b839392fd59f7afce61
VADD(minmaldataset)/val/images/test_video_1_mp4-908_jpg.rf.2c9a3564c7041b998541bafe8d555d46.jpg,80387,eaa45fb64f45df2dc2851f60ad437d1b9ebef9d489767ae2f81831b49939beb4
VADD(minmaldataset)/val/images/THA-vs-BEL-Full-Final-13-14-Womens-U20-Volleyball-World-Champs_1_mp4-157_jpg.rf.208c0af325e8df35481758c2bd17dba0.jpg,87782,01e683a8d38a486b8c2d4eef971106770896aeb2b3e3ca27b2645061a8b68588
VADD(minmaldataset)/val/images/THA-vs-BEL-Full-Final-13-14-Womens-U20-Volleyball-World-Champs_1_mp4-171_jpg.rf.f8ed68221e2c04b1989679e859bd6404.jpg,88220,27131ef931f2454e766d46816d417aa9d1fd99a9271f308d38c7f4205af30f79
VADD(minmaldataset)/val/images/THA-vs-BEL-Full-Final-13-14-Womens-U20-Volleyball-World-Champs_1_mp4-341_jpg.rf.fd1209d2b1d340adf196e8b850765bcb.jpg,90900,18f9b805ebfb8583980ff66d5269aa89b01d85fdf5771a6ccccc71d94378f605
VADD(minmaldataset)/val/images/THA-vs-BEL-Full-Final-13-14-Womens-U20-Volleyball-World-Champs_1_mp4-381_jpg.rf.d011662b1c1ea85fcc78a7eefd128f38.jpg,94733,69d513b5b0f5c934c22b7769b99d5fe8b5d9a67f31f69f9cda7093b305e79d2d
VADD(minmaldataset)/val/images/THA-vs-BEL-Full-Final-13-14-Womens-U20-Volleyball-World-Champs_1_mp4-471_jpg.rf.2bda6c45e83098e13d5c7cf8d438b7f7.jpg,98712,60c66631d0f2976334d4d5137a3164260c5d3cebc811fcfdcd9a9eb6c50acbc0
VADD(minmaldataset)/val/images/THA-vs-BEL-Full-Final-13-14-Womens-U20-Volleyball-World-Champs_1_mp4-499_jpg.rf.b259d5d303b2e7ea9c4cec7e8afe5d1e.jpg,101802,c434b44b4268fc81b14b742d25a6e1ed48e533923d9825afa842e3b21f1b9328
VADD(minmaldataset)/val/images/THA-vs-BEL-Full-Final-13-14-Womens-U20-Volleyball-World-Champs_1_mp4-511_jpg.rf.0dc12645c0ffe05414aa4cb727faedba.jpg,101844,5df8c7f9134bb964a9695f90612136c4076299538b69b7fe5b954c9a4a78188d
VADD(minmaldataset)/val/images/THA-vs-BEL-Full-Final-13-14-Womens-U20-Volleyball-World-Champs_1_mp4-513_jpg.rf.eeafb7daaa2e66be61d7b2353a654c64.jpg,101769,86ba9bc0a9e47fdbe11d0b41a4939c20b3572a2df3f1861abc77bbb5f8288570
VADD(minmaldataset)/val/images/THA-vs-BEL-Full-Final-13-14-Womens-U20-Volleyball-World-Champs_2_mp4-315_jpg.rf.d324ded687e15bb74e169bb2d402cf44.jpg,99394,32da0aad9362a7a180383293ce2e024c96b782ec1f8b728c0f2601d34cd25398
VADD(minmaldataset)/val/images/THA-vs-BEL-Full-Final-13-14-Womens-U20-Volleyball-World-Champs_2_mp4-481_jpg.rf.f36a9fff6d6deefd9e5590671dd63d38.jpg,96798,d385140a58b146fe68ecd051088ac80e980f697fa1ef11a177d989c94b0b2510
VADD(minmaldataset)/val/images/THA-vs-BEL-Full-Final-13-14-Womens-U20-Volleyball-World-Champs_mp4-122_jpg.rf.aa394096d3f7ccd11679be2138d73b89.jpg,95285,7c5847d30bfb3bb47ba64a4ab73cefed557fb1340419d81d62869d201e26e819
VADD(minmaldataset)/val/images/THA-vs-BEL-Full-Final-13-14-Womens-U20-Volleyball-World-Champs_mp4-169_jpg.rf.9c1105a6466a8c0892df37fbfa229735.jpg,95381,6e77352fe8b2a4308ab96e4878a0dcd562417c8b1bbd69a3e8e40bd452afcefa
VADD(minmaldataset)/val/images/THA-vs-BEL-Full-Final-13-14-Womens-U20-Volleyball-World-Champs_mp4-199_jpg.rf.554170c3f2123993bcf8a98d1e13850f.jpg,98961,04bb52b41d6c2859a04039126e5666994485f52b6d2f742868a07efc2bd0c900
VADD(minmaldataset)/val/images/THA-vs-BEL-Full-Final-13-14-Womens-U20-Volleyball-World-Champs_mp4-40_jpg.rf.f47058db464886ea3ad48969ca0024cb.jpg,104218,c42917cb1bbbeaa626182672bec57f60927ce930686a8fa36fcb080ef00ee5c3
VADD(minmaldataset)/val/images/THA-vs-BEL-Full-Final-13-14-Womens-U20-Volleyball-World-Champs_mp4-86_jpg.rf.b0d8838004904279873b171f8c35a593.jpg,100480,e56859de8f434171dec64dba28cc69ca51aa886bee18b4682a4e8b546a73d3b6
VADD(minmaldataset)/val/images/THA-vs-BEL-Full-Final-13-14-Womens-U20-Volleyball-World-Champs_mp4-92_jpg.rf.f46d6eb731dfce19748dc27ad40ca34a.jpg,95158,dbd6d82051e71a941514dc3370825381c27f3b145ba2ea412c018822d3ae61b1
VADD(minmaldataset)/val/labels/-E3-82-B9-E3-82-AF-E3-83-AA-E3-83-BC-E3-83-B3-E3-82-B7-E3-83-A7-E3-83-83-E3-83-88-202022-07-18-2022-01-52_jpg.rf.7c8008f65aa8629ad6859434b4f18045.txt,36,facd02c83fd4332148ca7e6fff1164d95a285f684e0e62f3ca3708e831eaa739
VADD(minmaldataset)/val/labels/-E3-82-B9-E3-82-AF-E3-83-AA-E3-83-BC-E3-83-B3-E3-82-B7-E3-83-A7-E3-83-83-E3-83-88-202022-07-18-2022-06-26_jpg.rf.4711c4a659572c7865cbf05848cdd09e.txt,80,35bea1b33e14ae59cf1a26ca47e03f863a2d189646ec4df3e93a8b8bdbfeddb7
VADD(minmaldataset)/val/labels/-E3-82-B9-E3-82-AF-E3-83-AA-E3-83-BC-E3-83-B3-E3-82-B7-E3-83-A7-E3-83-83-E3-83-88-202022-07-18-2022-18-54_jpg.rf.f28fd0a64ffa1e328cafe8ff439ebb4c.txt,61,df9cd6e0da9c101023605d5ed9b2716e5c9acd32df645c74c099816a928a4d3c
VADD(minmaldataset)/val/labels/-E3-82-B9-E3-82-AF-E3-83-AA-E3-83-BC-E3-83-B3-E3-82-B7-E3-83-A7-E3-83-83-E3-83-88-202022-07-18-2022-29-48_jpg.rf.7f1789578bdef7a05b7fde1ee31e2e00.txt,79,69154abfa38cf504a86b04bb21c5a4f1f0a2846e20bc73ef0021277fc707276f
VADD(minmaldataset)/val/labels/-E3-82-B9-E3-82-AF-E3-83-AA-E3-83-BC-E3-83-B3-E3-82-B7-E3-83-A7-E3-83-83-E3-83-88-202022-07-18-2022-31-03_jpg.rf.5e2c2e1e0082555a9c15778cf9e79385.txt,68,feaf46681c73b39efc88271b152adac392ca4364a6966fd8731ebccae05a65a0
VADD(minmaldataset)/val/labels/-E3-82-B9-E3-82-AF-E3-83-AA-E3-83-BC-E3-83-B3-E3-82-B7-E3-83-A7-E3-83-83-E3-83-88-202022-07-18-2022-56-30_jpg.rf.4feed082feaaba18ceaac9cb6943d98d.txt,78,cdb78dad271e518df63b26f95ce6961922dce5526fa2dd51ddd322306ba12529
VADD(minmaldataset)/val/labels/-E3-82-B9-E3-82-AF-E3-83-AA-E3-83-BC-E3-83-B3-E3-82-B7-E3-83-A7-E3-83-83-E3-83-88-202022-07-18-2022-56-57_jpg.rf.abe5dd21544563b721faa7822d2cc479.txt,78,877bfb60a690fe86d4ef5e7d84994a1df8952a36571e105afb122cee8dc347da
VADD(minmaldataset)/val/labels/-E3-82-B9-E3-82-AF-E3-83-AA-E3-83-BC-E3-83-B3-E3-82-B7-E3-83-A7-E3-83-83-E3-83-88-202022-07-18-2023-10-59_jpg.rf.b4dc27a76c71013790e699d0e01e8f80.txt,66,0590c14a09047e66f9fbb84de5be7f7bc3aaf5fe63479a0f870c40959f12a81f
VADD(minmaldataset)/val/labels/-E3-82-B9-E3-82-AF-E3-83-AA-E3-83-BC-E3-83-B3-E3-82-B7-E3-83-A7-E3-83-83-E3-83-88-202022-07-18-2023-47-42_jpg.rf.de8bd9e9307536b4dd8c5f98df3ce2c5.txt,80,84ac0ce6afa969dd1ef6db468e89f4b7d54b229de641cd01c321e2b78f342a5b
VADD(minmaldataset)/val/labels/-E3-82-B9-E3-82-AF-E3-83-AA-E3-83-BC-E3-83-B3-E3-82-B7-E3-83-A7-E3-83-83-E3-83-88-202022-07-19-200-05-08_jpg.rf.b608e223ff366e1dc737140ad6a09450.txt,61,efe3054cc238864ae4b2cc2f996611ff55e7e29c07146aa69f42a3da6ef2eea9
VADD(minmaldataset)/val/labels/-E3-82-B9-E3-82-AF-E3-83-AA-E3-83-BC-E3-83-B3-E3-82-B7-E3-83-A7-E3-83-83-E3-83-88-202022-07-19-200-08-28_jpg.rf.0f73acbeb56b911b3fc5cd2bc235475b.txt,78,82264abc9140753f5fe014841f7e357e079d7f47b889a6a48a61df965f681471
VADD(minmaldataset)/val/labels/-E3-82-B9-E3-82-AF-E3-83-AA-E3-83-BC-E3-83-B3-E3-82-B7-E3-83-A7-E3-83-83-E3-83-88-202022-07-19-200-09-42_jpg.rf.9ff73ef31b56d9dd8c2ec9a3701ae6ca.txt,82,e18c1f3bae5f6e4c0946fab5028ccc32eab30d500d04f829dafec675d13adfa0
VADD(minmaldataset)/val/labels/-E3-82-B9-E3-82-AF-E3-83-AA-E3-83-BC-E3-83-B3-E3-82-B7-E3-83-A7-E3-83-83-E3-83-88-202022-07-19-200-12-16_jpg.rf.df5722c36b7cd89cfb91b169847e60b9.txt,80,ec37e7e02ebf5f9c1ba2aa7efa3195cf321af51c5a033e03aa7f506391f665bc
VADD(minmaldataset)/val/labels/-E3-82-B9-E3-82-AF-E3-83-AA-E3-83-BC-E3-83-B3-E3-82-B7-E3-83-A7-E3-83-83-E3-83-88-202022-07-19-200-17-21_jpg.rf.71481664702203a1f31928292df95761.txt,79,7968dbb0cec1b686da2fef9f3e3e8994a613e4a414e3081983cce98ae5c6b7ea
VADD(minmaldataset)/val/labels/-E3-82-B9-E3-82-AF-E3-83-AA-E3-83-BC-E3-83-B3-E3-82-B7-E3-83-A7-E3-83-83-E3-83-88-202022-07-19-200-17-59_jpg.rf.ee54c34ac25f555b6030f1bf7fb4f370.txt,36,d225babc61a50e3d70573709e633169c73cb2fce39c3e0c3f36e32f9191a8d7b
VADD(minmaldataset)/val/labels/-E3-82-B9-E3-82-AF-E3-83-AA-E3-83-BC-E3-83-B3-E3-82-B7-E3-83-A7-E3-83-83-E3-83-88-202022-07-19-200-45-40_jpg.rf.89d2b3dc198c970048e47b7a1281e65d.txt,60,bbf35d114f97aa430ef3f69999a3e83dcc7ec43da50d84f32a97c1fca45a9d0b
VADD(minmaldataset)/val/labels/-E3-82-B9-E3-82-AF-E3-83-AA-E3-83-BC-E3-83-B3-E3-82-B7-E3-83-A7-E3-83-83-E3-83-88-202022-07-19-200-48-46_jpg.rf.5f90ec03127706e85f3a56dd5e22609b.txt,42,1b7ec836a9bd1280efaf8265e2e5b97160de3331a694146b414dbb67e98a4512
VADD(minmaldataset)/val/labels/-E3-82-B9-E3-82-AF-E3-83-AA-E3-83-BC-E3-83-B3-E3-82-B7-E3-83-A7-E3-83-83-E3-83-88-202022-07-23-2012-45-26_jpg.rf.acb499a653d6342adb018f872f3b60e8.txt,59,e4db0e230bbf342dcc2de8c3bf317a27807a052758ee35b26faf6c22f5c6dac0
VADD(minmaldataset)/val/labels/-E3-82-B9-E3-82-AF-E3-83-AA-E3-83-BC-E3-83-B3-E3-82-B7-E3-83-A7-E3-83-83-E3-83-88-202022-07-23-2012-49-28_jpg.rf.12c1d86fd80f1a7eb3c11cd03e5cd628.txt,36,ccf98a97b82cddf09e0f2ac9d940a9e841f09ee1921f5407304717a56360ad3b
VADD(minmaldataset)/val/labels/-E3-82-B9-E3-82-AF-E3-83-AA-E3-83-BC-E3-83-B3-E3-82-B7-E3-83-A7-E3-83-83-E3-83-88-202022-07-23-2012-51-00_jpg.rf.a1a3b6fcdccf1afecc1b26d976320753.txt,79,bd97cdd23ba52572b5d2461b71e22f4052a9c9d9a2d77863368ebf27e283dd9e
VADD(minmaldataset)/val/labels/-E3-82-B9-E3-82-AF-E3-83-AA-E3-83-BC-E3-83-B3-E3-82-B7-E3-83-A7-E3-83-83-E3-83-88-202022-07-23-2012-57-44_jpg.rf.d92512fee30f6941ce142a0b57d53371.txt,79,fdf60ab922a60eeec07d53d6c7be8b83748b9cb5f6a17a635d6046bdcca389da
VADD(minmaldataset)/val/labels/-E3-82-B9-E3-82-AF-E3-83-AA-E3-83-BC-E3-83-B3-E3-82-B7-E3-83-A7-E3-83-83-E3-83-88-202022-07-23-2013-05-04_jpg.rf.33074aae786a572337ef86f77529cddb.txt,80,c9274d1fa87c388298fb68149094969b8b6c042e39af077f3e4e07c328fe1326
VADD(minmaldataset)/val/labels/-E3-82-B9-E3-82-AF-E3-83-AA-E3-83-BC-E3-83-B3-E3-82-B7-E3-83-A7-E3-83-83-E3-83-88-202022-07-23-2013-05-04_jpg.rf.af7827a9baa28e4a525cc1ce1d512439.txt,61,f7ab22fd1dda4b9fdb22c0c565d3fe9e5a3b9aae149d8fc169ffe71a9aa84512
VADD(minmaldataset)/val/labels/-E3-82-B9-E3-82-AF-E3-83-AA-E3-83-BC-E3-83-B3-E3-82-B7-E3-83-A7-E3-83-83-E3-83-88-202022-07-23-2013-08-01_jpg.rf.35b435e9f7c71d31e9f3812cc22bf3e9.txt,80,5dfd768ea7dd025f691868bd63b5d1e2cee564b50e918096710d0d18ad67b765
VADD(minmaldataset)/val/labels/-E3-82-B9-E3-82-AF-E3-83-AA-E3-83-BC-E3-83-B3-E3-82-B7-E3-83-A7-E3-83-83-E3-83-88-202022-07-23-2013-16-25_jpg.rf.7c6c519fcd1cb97bf1b6590b187b89c2.txt,66,f07f583a576e2b60201171f8c643072abcfbfd7f983b5f0929ab71a91686feae
VADD(minmaldataset)/val/labels/-E3-82-B9-E3-82-AF-E3-83-AA-E3-83-BC-E3-83-B3-E3-82-B7-E3-83-A7-E3-83-83-E3-83-88-202022-07-23-2013-18-56_jpg.rf.d21ddfeb489fa2e276cb4241ac727e67.txt,59,782158418cfdd3f3e994cf91fade20458b5d3413e34e7db7dd7fb81d39a6a325
VADD(minmaldataset)/val/labels/-E3-82-B9-E3-82-AF-E3-83-AA-E3-83-BC-E3-83-B3-E3-82-B7-E3-83-A7-E3-83-83-E3-83-88-202022-07-23-2013-21-26_jpg.rf.12f346685775780781a8177bf5cc2f86.txt,80,36b7aedb48f405d9dd7ee1459d7e77da3e72423c66b0251250b7599d67da5952
VADD(minmaldataset)/val/labels/-E3-82-B9-E3-82-AF-E3-83-AA-E3-83-BC-E3-83-B3-E3-82-B7-E3-83-A7-E3-83-83-E3-83-88-202022-07-23-2013-26-01_jpg.rf.b6e5e12904781d7e5459ebecd5e69500.txt,59,ff2cd7b5db087d3bbf340c3bc32dbc70235e388163dcf0f0c706902ed8570015
VADD(minmaldataset)/val/labels/-E3-82-B9-E3-82-AF-E3-83-AA-E3-83-BC-E3-83-B3-E3-82-B7-E3-83-A7-E3-83-83-E3-83-88-202022-07-23-2013-32-37_jpg.rf.480ed53a5db0934d4c796fb5bcf14620.txt,79,4982068f799e790b8c78ff18056090ca1ef1737cebc71eeca778bf21079cde6c
VADD(minmaldataset)/val/labels/-E3-82-B9-E3-82-AF-E3-83-AA-E3-83-BC-E3-83-B3-E3-82-B7-E3-83-A7-E3-83-83-E3-83-88-202022-07-23-2013-32-56_jpg.rf.20196d4b52bea0bbb9f8e37a16189bc2.txt,69,6884db19bc636f26071a9d22aaa7b21c9c137192ad4c0d3b3e431aee7c25a995
VADD(minmaldataset)/val/labels/-E3-82-B9-E3-82-AF-E3-83-AA-E3-83-BC-E3-83-B3-E3-82-B7-E3-83-A7-E3-83-83-E3-83-88-202022-07-23-2016-51-27_jpg.rf.57e0b6d02526130546d87f62d403a6e8.txt,67,b465b638845cd737ffa9ce1dc421f91fb0c9c162e1c88d4771ebf8ab0fa68b90
VADD(minmaldataset)/val/labels/-E3-82-B9-E3-82-AF-E3-83-AA-E3-83-BC-E3-83-B3-E3-82-B7-E3-83-A7-E3-83-83-E3-83-88-202022-07-23-2017-13-11_jpg.rf.386804960647dada5645ab570ad2c94a.txt,70,7b07ca4d2cc75a791a587b599c8868496123673d23ad328e6063fd6c67bdb8b3
VADD(minmaldataset)/val/labels/-E3-82-B9-E3-82-AF-E3-83-AA-E3-83-BC-E3-83-B3-E3-82-B7-E3-83-A7-E3-83-83-E3-83-88-202022-07-23-2017-15-38_jpg.rf.7c6c3fab0fd234aa568506c4b41fcb9e.txt,79,ba637a8e10cb1510ff1773e637af173697e00488e1a855d1def0879f170a3115
VADD(minmaldataset)/val/labels/-E3-82-B9-E3-82-AF-E3-83-AA-E3-83-BC-E3-83-B3-E3-82-B7-E3-83-A7-E3-83-83-E3-83-88-202022-07-23-2017-18-33_jpg.rf.057d15f17a3ddee9fbb8412085c5a3b0.txt,44,6d171db838f186e26a404c78f2e290e182d4902859264b620e7c54059f01c07e
VADD(minmaldataset)/val/labels/-E3-82-B9-E3-82-AF-E3-83-AA-E3-83-BC-E3-83-B3-E3-82-B7-E3-83-A7-E3-83-83-E3-83-88-202022-07-23-2017-21-58_jpg.rf.f05e0c3ec6008ee485d06b647e622223.txt,68,0c5ec383d0ee2cff60772f8c4e722348763da52a825151f63a0ad0f428a80d53
VADD(minmaldataset)/val/labels/-E3-82-B9-E3-82-AF-E3-83-AA-E3-83-BC-E3-83-B3-E3-82-B7-E3-83-A7-E3-83-83-E3-83-88-202022-07-23-2017-26-51_jpg.rf.faa545d17cee5b80f153d9681f9a089e.txt,64,6bde22646f512e3f62e030a6860e4915f173160eab0e5e04497996d4f0470176
VADD(minmaldataset)/val/labels/-E3-82-B9-E3-82-AF-E3-83-AA-E3-83-BC-E3-83-B3-E3-82-B7-E3-83-A7-E3-83-83-E3-83-88-202022-07-23-2017-41-06_jpg.rf.09322ded95777f9f954dec53d0f04286.txt,37,ab994b36bc59bb2ef3ee750a324021262a1b45949c89efb3e1d118cedba14043
VADD(minmaldataset)/val/labels/-E3-82-B9-E3-82-AF-E3-83-AA-E3-83-BC-E3-83-B3-E3-82-B7-E3-83-A7-E3-83-83-E3-83-88-202022-07-23-2023-08-12_jpg.rf.5f8326bb2ff46a52572d0158f65a23d1.txt,79,46a4e47da786177657d95f901fb79773421a769729850e6acc8bd51011c7942f
VADD(minmaldataset)/val/labels/-E3-82-B9-E3-82-AF-E3-83-AA-E3-83-BC-E3-83-B3-E3-82-B7-E3-83-A7-E3-83-83-E3-83-88-202022-07-23-2023-09-14_jpg.rf.930705743628a5aad0f1a72360bcbdb7.txt,42,049d834c9845c1b21e0e5d5162aad90227300609ea0b44ffe1abe412a957f7db
VADD(minmaldataset)/val/labels/-E3-82-B9-E3-82-AF-E3-83-AA-E3-83-BC-E3-83-B3-E3-82-B7-E3-83-A7-E3-83-83-E3-83-88-202022-07-23-2023-16-49_jpg.rf.4b4d6cd1caedd7eca8807c4541c2fc81.txt,60,5086e4501773b8680b3d60b686e2295380405e5b6e9e83376201682bb0e77ddc
VADD(minmaldataset)/val/labels/-E3-82-B9-E3-82-AF-E3-83-AA-E3-83-BC-E3-83-B3-E3-82-B7-E3-83-A7-E3-83-83-E3-83-88-202022-07-23-2023-17-18_jpg.rf.6d30894783c817c8cab6ebb0b5a06bf4.txt,80,87413ffd8c3ad06b23f94c1e69ced99197337371de80c352c17a5c338adc0f39
VADD(minmaldataset)/val/labels/-E3-82-B9-E3-82-AF-E3-83-AA-E3-83-BC-E3-83-B3-E3-82-B7-E3-83-A7-E3-83-83-E3-83-88-202022-07-23-2023-17-38_jpg.rf.a1e8265c7943f2c66716d17aca1b93d4.txt,62,d58bda92c9e277426fe4e7fd8732644bf01aff1d3d9092045beddd82b8404236
VADD(minmaldataset)/val/labels/-E3-82-B9-E3-82-AF-E3-83-AA-E3-83-BC-E3-83-B3-E3-82-B7-E3-83-A7-E3-83-83-E3-83-88-202022-07-23-2023-21-47_jpg.rf.088d4eaf6d9f71a6bb122f71c8141777.txt,37,e9a5f039db2bfa0e372aadfd713b86cf22d339473bf0fa894bfff445c76c408f
VADD(minmaldataset)/val/labels/-E3-82-B9-E3-82-AF-E3-83-AA-E3-83-BC-E3-83-B3-E3-82-B7-E3-83-A7-E3-83-83-E3-83-88-202022-07-23-2023-25-16_jpg.rf.64b27c4cabadcdc1d757b4cee6ecf264.txt,78,6490fe1601b215be3b75e52bfc507624ba2a8ecf733905afa63b9e91a7e9bd39
VADD(minmaldataset)/val/labels/-E3-82-B9-E3-82-AF-E3-83-AA-E3-83-BC-E3-83-B3-E3-82-B7-E3-83-A7-E3-83-83-E3-83-88-202022-07-23-2023-29-05_jpg.rf.6b5ecfc0a64a75fdbf1f16ee9b5f53b1.txt,46,02d1137084f44d272e7f0e4f70bc09f6234163401b52b4843a372efe55ff47c8
VADD(minmaldataset)/val/labels/-E3-82-B9-E3-82-AF-E3-83-AA-E3-83-BC-E3-83-B3-E3-82-B7-E3-83-A7-E3-83-83-E3-83-88-202022-07-23-2023-30-08_jpg.rf.1ecc8a181185a27c29f820c65c0aac56.txt,60,2bf4665caa554f93e498b90d034e137fff56083cc71ade89a44569590c17546e
VADD(minmaldataset)/val/labels/-E3-82-B9-E3-82-AF-E3-83-AA-E3-83-BC-E3-83-B3-E3-82-B7-E3-83-A7-E3-83-83-E3-83-88-202022-07-23-2023-31-25_jpg.rf.af1505047ed9184cc0c86743da368eb3.txt,47,98c2895a02424fedff6035a9f36ff66e065f3b3865f6548a0b8399a8f8b8909b
VADD(minmaldataset)/val/labels/-E3-82-B9-E3-82-AF-E3-83-AA-E3-83-BC-E3-83-B3-E3-82-B7-E3-83-A7-E3-83-83-E3-83-88-202022-07-23-2023-35-09_jpg.rf.df2f9a5f508cc4cc0692e2043829a73b.txt,36,d756919be5e996fbc7c4d2b2b38efc19c75cc8f02314454d2c67a423c78e09f5
VADD(minmaldataset)/val/labels/-E3-82-B9-E3-82-AF-E3-83-AA-E3-83-BC-E3-83-B3-E3-82-B7-E3-83-A7-E3-83-83-E3-83-88-202022-07-23-2023-48-07_jpg.rf.cf70990e252c42cead3ede10397055b5.txt,81,16dfb686f8009143bdc093f45d1fc27802741bd72d899dd60fd9d23ed19c91c4
VADD(minmaldataset)/val/labels/-E3-82-B9-E3-82-AF-E3-83-AA-E3-83-BC-E3-83-B3-E3-82-B7-E3-83-A7-E3-83-83-E3-83-88-202022-07-23-2023-52-54_jpg.rf.86dfbde043fccac87dabba0063b40e26.txt,42,2b2f4a5b38fcfdda8dd0645dbff62b0d0de21b3dc69e0b176d370c2c9219fe50
VADD(minmaldataset)/val/labels/-E3-82-B9-E3-82-AF-E3-83-AA-E3-83-BC-E3-83-B3-E3-82-B7-E3-83-A7-E3-83-83-E3-83-88-202022-07-24-200-02-00_jpg.rf.e6efee0cabe3e3232af2b306caa621d9.txt,39,006a1240c2d8a36039247484100d355adb27133ba38d68923680a5729447d6ae
VADD(minmaldataset)/val/labels/-E3-82-B9-E3-82-AF-E3-83-AA-E3-83-BC-E3-83-B3-E3-82-B7-E3-83-A7-E3-83-83-E3-83-88-202022-07-24-200-04-24_jpg.rf.5daa190cf3d4869d9002dc86aff59da1.txt,79,9deeb9d036d4655562fbe8a5c29a13eaf7c652e1f4504b0ed962f9bee2f39a6a
VADD(minmaldataset)/val/labels/-E3-82-B9-E3-82-AF-E3-83-AA-E3-83-BC-E3-83-B3-E3-82-B7-E3-83-A7-E3-83-83-E3-83-88-202022-07-25-200-24-26_jpg.rf.85fdba0e188003be96f232478cfef743.txt,67,e0f0bf3d8dfcd899239f5cefd67729e4415f57259599cd60723efaf19a762bd4
VADD(minmaldataset)/val/labels/-E3-82-B9-E3-82-AF-E3-83-AA-E3-83-BC-E3-83-B3-E3-82-B7-E3-83-A7-E3-83-83-E3-83-88-202022-07-25-200-29-32_jpg.rf.cab67e2af377911747ea1fc6b6f293cb.txt,39,025b15f5dfda3c0ea2b51bf3b7590cdcf7208858f7a58936cf44e9733687ebb1
VADD(minmaldataset)/val/labels/-E3-82-B9-E3-82-AF-E3-83-AA-E3-83-BC-E3-83-B3-E3-82-B7-E3-83-A7-E3-83-83-E3-83-88-202022-07-25-200-36-30_jpg.rf.0677d26ae11df65b2e0670b33d349ede.txt,79,90171bdb472bb0bc30498216b343b0a21ff67c7264198349a97919b96955ead2
VADD(minmaldataset)/val/labels/-E3-82-B9-E3-82-AF-E3-83-AA-E3-83-BC-E3-83-B3-E3-82-B7-E3-83-A7-E3-83-83-E3-83-88-202022-07-25-200-39-56_jpg.rf.5cf3fe9acf705a5006af9443c953ee64.txt,41,29b96f0b910d6271dfeb5e0928f20064792851286e11af3aa6eee0f1d9db1aad
VADD(minmaldataset)/val/labels/-E3-82-B9-E3-82-AF-E3-83-AA-E3-83-BC-E3-83-B3-E3-82-B7-E3-83-A7-E3-83-83-E3-83-88-202022-07-25-200-40-34_jpg.rf.a781c946dca794dd008849cfa0d8bcc7.txt,78,e8668759c63ab6ab35d78c17df1af84bcbc04471d95eb34e1f709290e6c99616
VADD(minmaldataset)/val/labels/-E3-82-B9-E3-82-AF-E3-83-AA-E3-83-BC-E3-83-B3-E3-82-B7-E3-83-A7-E3-83-83-E3-83-88-202022-07-25-200-41-16_jpg.rf.5d9bcda5b39f0b23d96333d5dfc5086f.txt,50,a0cd814dc8dffb8155bc9dff0abf9afd82246291a02c0c3b4f461281dc5037b1
VADD(minmaldataset)/val/labels/-E3-82-B9-E3-82-AF-E3-83-AA-E3-83-BC-E3-83-B3-E3-82-B7-E3-83-A7-E3-83-83-E3-83-88-202022-07-25-200-41-16_jpg.rf.a6084069b55e8742f859177eed95257c.txt,56,5f84e8ac959801637726cccdb4d6ccff1f9b1692b4bfbf5285544a7814f7eb1c
VADD(minmaldataset)/val/labels/-E3-82-B9-E3-82-AF-E3-83-AA-E3-83-BC-E3-83-B3-E3-82-B7-E3-83-A7-E3-83-83-E3-83-88-202022-07-25-200-45-06_jpg.rf.ecfff6d04412acda06f9212561ee2ef8.txt,80,53dcf59e7d16db18ca4ad36d1c2ed4df3f19a46c52eb8121be8b119d6fd2315a
VADD(minmaldataset)/val/labels/-E3-82-B9-E3-82-AF-E3-83-AA-E3-83-BC-E3-83-B3-E3-82-B7-E3-83-A7-E3-83-83-E3-83-88-202022-07-25-200-45-26_jpg.rf.4d8d687142eaa5735ba98100e1d8889e.txt,39,64301aaee10ca45d6c9d972c321d27ee32eb6390c4198baafa4c0e6c90f46b8a
VADD(minmaldataset)/val/labels/-E3-82-B9-E3-82-AF-E3-83-AA-E3-83-BC-E3-83-B3-E3-82-B7-E3-83-A7-E3-83-83-E3-83-88-202022-07-25-200-46-31_jpg.rf.d9bac811cea83ce739dfac199eb39730.txt,66,73f410cacc39cd48d52d5eee471c75519783fc2128eee011c453d03613734996
VADD(minmaldataset)/val/labels/-E3-82-B9-E3-82-AF-E3-83-AA-E3-83-BC-E3-83-B3-E3-82-B7-E3-83-A7-E3-83-83-E3-83-88-202022-07-25-200-46-53_jpg.rf.1e9d8ec9e9da4054a3b0887d9bfacfa9.txt,81,fffc6042a8c471b2fa0918f56b8270ae8d7ef1413b717875d7fc35824113249b
VADD(minmaldataset)/val/labels/-E3-82-B9-E3-82-AF-E3-83-AA-E3-83-BC-E3-83-B3-E3-82-B7-E3-83-A7-E3-83-83-E3-83-88-202022-07-25-200-55-36_jpg.rf.0ec94d30c3e078db9473a473b8b39047.txt,81,b759480a8e49f8cf9f81cffb737e13acd4db4a3e86fa3ac38b2b11b156a2aa70
VADD(minmaldataset)/val/labels/-E3-82-B9-E3-82-AF-E3-83-AA-E3-83-BC-E3-83-B3-E3-82-B7-E3-83-A7-E3-83-83-E3-83-88-202022-07-25-200-58-16_jpg.rf.bcdfad1fb039b0d31c89b7ef2ec13b89.txt,82,90b16e2e629c7642232cab99909ed8c38597a7db9c41b6d91976d0868d0e89bb
VADD(minmaldataset)/val/labels/-E3-82-B9-E3-82-AF-E3-83-AA-E3-83-BC-E3-83-B3-E3-82-B7-E3-83-A7-E3-83-83-E3-83-88-202022-07-25-200-59-41_jpg.rf.3980964e1f9583982ef586436745a555.txt,79,67b3c2c3a8fcb3a425c7497e52c4049ca82f7cb93abf362a788c1e3e934f5af1
VADD(minmaldataset)/val/labels/-E3-82-B9-E3-82-AF-E3-83-AA-E3-83-BC-E3-83-B3-E3-82-B7-E3-83-A7-E3-83-83-E3-83-88-202022-07-25-201-02-51_jpg.rf.12d2858da68d5dd568d21e068d6c256c.txt,67,9d540eda65aa389ea63f8ac415708888e603adaf47a13d43800c6cdd38100517
VADD(minmaldataset)/val/labels/-E3-82-B9-E3-82-AF-E3-83-AA-E3-83-BC-E3-83-B3-E3-82-B7-E3-83-A7-E3-83-83-E3-83-88-202022-07-25-201-02-51_jpg.rf.436fbe0d320602afa9610673b0cc742f.txt,35,3ff95aa6723f3d64741f22e2168ea9dca0108d33307931188227c3cf1274cdc0
VADD(minmaldataset)/val/labels/-E3-82-B9-E3-82-AF-E3-83-AA-E3-83-BC-E3-83-B3-E3-82-B7-E3-83-A7-E3-83-83-E3-83-88-202022-07-25-201-05-29_jpg.rf.4c42e7cabb3150e91eb051a5f6ade04f.txt,82,bd56696fda6fccea758c909bd367d99bce5f10b6374fbe6aee16469f48044bde
VADD(minmaldataset)/val/labels/-E3-82-B9-E3-82-AF-E3-83-AA-E3-83-BC-E3-83-B3-E3-82-B7-E3-83-A7-E3-83-83-E3-83-88-202022-07-25-201-09-32_jpg.rf.d8f03e1f6c307f173614b161fbad7a36.txt,69,b399ba34b156394e0264f023571716843799daa72b3480ab8ff0f5c484648054
VADD(minmaldataset)/val/labels/-E3-82-B9-E3-82-AF-E3-83-AA-E3-83-BC-E3-83-B3-E3-82-B7-E3-83-A7-E3-83-83-E3-83-88-202022-07-25-201-10-09_jpg.rf.2140005c9ecd9f9d28f2770174a44b25.txt,81,7a158f38c85a10b3c117d72f85f2bf02348a56b520a7b2f9f67724b096a3a6c6
VADD(minmaldataset)/val/labels/-E3-82-B9-E3-82-AF-E3-83-AA-E3-83-BC-E3-83-B3-E3-82-B7-E3-83-A7-E3-83-83-E3-83-88-202022-07-25-201-10-22_jpg.rf.151856af22353ec24f8be4dc77dfdbd1.txt,49,9dd10b3f23e3e3d82840d3cdd734b3f7c77ed15ab35828a3417fe42b3a524b65
VADD(minmaldataset)/val/labels/-E3-82-B9-E3-82-AF-E3-83-AA-E3-83-BC-E3-83-B3-E3-82-B7-E3-83-A7-E3-83-83-E3-83-88-202022-07-25-201-10-22_jpg.rf.1b5cd53a51865d182ed7d6d2d98ac323.txt,70,772a87f7df7d9350f367875a7807e48e7d88c3a16361943627944636ad501121
VADD(minmaldataset)/val/labels/-E3-82-B9-E3-82-AF-E3-83-AA-E3-83-BC-E3-83-B3-E3-82-B7-E3-83-A7-E3-83-83-E3-83-88-202022-07-25-201-18-44_jpg.rf.38d0592ea41650c61d459ee83390ebc0.txt,39,bf9085f7e710348c2819a5e73ce74e9dc5105b31f47f3e2b2d7baac3cfbb68c1
VADD(minmaldataset)/val/labels/-E3-82-B9-E3-82-AF-E3-83-AA-E3-83-BC-E3-83-B3-E3-82-B7-E3-83-A7-E3-83-83-E3-83-88-202022-07-25-201-19-27_jpg.rf.857d7f1f5ba6b4f201d0c4859d92c2c3.txt,79,f17fba7651476bc53af5a374c64879353adddd3ee121a7e2cd7e912e5276836d
VADD(minmaldataset)/val/labels/-E3-82-B9-E3-82-AF-E3-83-AA-E3-83-BC-E3-83-B3-E3-82-B7-E3-83-A7-E3-83-83-E3-83-88-202022-07-25-201-24-32_jpg.rf.eb263966a117d605061a8ddac9dc9d1a.txt,80,c5708c17c1423cffc0935d687f28400d310372da409a201daa47fa1b4d6d6b66
VADD(minmaldataset)/val/labels/-E3-82-B9-E3-82-AF-E3-83-AA-E3-83-BC-E3-83-B3-E3-82-B7-E3-83-A7-E3-83-83-E3-83-88-202022-07-25-2016-16-46_jpg.rf.72ee58473aeb877a77fe2795a3f5ab00.txt,80,35cf0a75846101cecd07fc9c29c701e0bb8b1a6557daff133e90e25381defb80
VADD(minmaldataset)/val/labels/-E3-82-B9-E3-82-AF-E3-83-AA-E3-83-BC-E3-83-B3-E3-82-B7-E3-83-A7-E3-83-83-E3-83-88-202022-07-25-2016-18-19_jpg.rf.0e6b210686acfdc4b22082a82f01d9f2.txt,58,97b57762f75a8467e34c5f58e979b60730122d73d13ab360e198f3afba2154a7
VADD(minmaldataset)/val/labels/-E3-82-B9-E3-82-AF-E3-83-AA-E3-83-BC-E3-83-B3-E3-82-B7-E3-83-A7-E3-83-83-E3-83-88-202022-07-25-2016-19-21_jpg.rf.b206ecd91503725a9d522099aca722c6.txt,80,1256d4dbcd8cf38cc3266893d11157e1ec458d3a20435b7b00fd7dc8425d59ad
VADD(minmaldataset)/val/labels/-E3-82-B9-E3-82-AF-E3-83-AA-E3-83-BC-E3-83-B3-E3-82-B7-E3-83-A7-E3-83-83-E3-83-88-202022-07-25-2016-22-21_jpg.rf.33e0760e952fe41418fb9f10c112e211.txt,82,c27b6d8eed41bdf8600ce4237e716187d6014f22ff75bd80295552ba73b46623
VADD(minmaldataset)/val/labels/-E3-82-B9-E3-82-AF-E3-83-AA-E3-83-BC-E3-83-B3-E3-82-B7-E3-83-A7-E3-83-83-E3-83-88-202022-07-25-2016-22-21_jpg.rf.fa1708bb78c067d05f26ff78d29ab523.txt,38,454770db70fce1532446b1a9808cf9e826d01214c566397af0508e0c9112d318
VADD(minmaldataset)/val/labels/-E3-82-B9-E3-82-AF-E3-83-AA-E3-83-BC-E3-83-B3-E3-82-B7-E3-83-A7-E3-83-83-E3-83-88-202022-07-25-2016-25-49_jpg.rf.63a8dded85d70689f9f6b930a45cda55.txt,80,cb7462d99499f7693bc7f3a6be01144586af12f3c3babb7d876bc63d40fea48c
VADD(minmaldataset)/val/labels/-E3-82-B9-E3-82-AF-E3-83-AA-E3-83-BC-E3-83-B3-E3-82-B7-E3-83-A7-E3-83-83-E3-83-88-202022-07-25-2016-29-52_jpg.rf.630426d701cd2a40f9d088081ee9fd55.txt,37,6f572ec3d554c8fd2b83a61d064a8d20da3fda27a75d23fbed2e41ac01577ec2
VADD(minmaldataset)/val/labels/-E3-82-B9-E3-82-AF-E3-83-AA-E3-83-BC-E3-83-B3-E3-82-B7-E3-83-A7-E3-83-83-E3-83-88-202022-07-25-2016-37-18_jpg.rf.ba51afe067b2c2f5f898221ec9ac107a.txt,79,d14a65190c2ce7a0dbaefad43e542d05f8563e2821aab7883311c2346ff00a71
VADD(minmaldataset)/val/labels/-E3-82-B9-E3-82-AF-E3-83-AA-E3-83-BC-E3-83-B3-E3-82-B7-E3-83-A7-E3-83-83-E3-83-88-202022-07-25-2016-37-59_jpg.rf.4f3857e58c30b4250884f8061a20b707.txt,70,a2d0ee4b38369ff259fbeded38afb0b1b2a384942f386f81a87df8dadcb0057b
VADD(minmaldataset)/val/labels/-E3-82-B9-E3-82-AF-E3-83-AA-E3-83-BC-E3-83-B3-E3-82-B7-E3-83-A7-E3-83-83-E3-83-88-202022-07-25-2016-44-41_jpg.rf.373f7ec2c16386aa22ff181376444559.txt,70,081021398771bcd6284f08b269643b3c88be544eab1ac29f19aae78ee180a989
VADD(minmaldataset)/val/labels/-E3-82-B9-E3-82-AF-E3-83-AA-E3-83-BC-E3-83-B3-E3-82-B7-E3-83-A7-E3-83-83-E3-83-88-202022-07-25-2016-49-24_jpg.rf.33b80f58a8726d5e53eca2ade8c10e64.txt,41,d66c6fb7fc00d31353e4fbe187d09105c77d550672766bf2ea85954cf22c82b5
VADD(minmaldataset)/val/labels/-E3-82-B9-E3-82-AF-E3-83-AA-E3-83-BC-E3-83-B3-E3-82-B7-E3-83-A7-E3-83-83-E3-83-88-202022-07-25-2016-52-38_jpg.rf.762ee03fbfc3b0d7b2f39bd0130c7104.txt,80,394bdbb195b71cb760658fdc75fd99f2717299e1c1e44e3e64b89a264ec17c4c
VADD(minmaldataset)/val/labels/-E3-82-B9-E3-82-AF-E3-83-AA-E3-83-BC-E3-83-B3-E3-82-B7-E3-83-A7-E3-83-83-E3-83-88-202022-07-25-2017-05-23_jpg.rf.424b6efc6e1d69e26806dfbac763ffc9.txt,61,3b3a44c3bc7852a7cd428f239bb091deea50a05f5639f2c544d22a5714f4dfc3
VADD(minmaldataset)/val/labels/-E3-82-B9-E3-82-AF-E3-83-AA-E3-83-BC-E3-83-B3-E3-82-B7-E3-83-A7-E3-83-83-E3-83-88-202022-07-25-2017-16-16_jpg.rf.61167d87106aed6be8b3871eabf0875b.txt,35,f5d993a9e5fb72821c37eee0700f357e784dddc306a44517900072df845a4711
VADD(minmaldataset)/val/labels/-E3-82-B9-E3-82-AF-E3-83-AA-E3-83-BC-E3-83-B3-E3-82-B7-E3-83-A7-E3-83-83-E3-83-88-202022-07-25-2017-16-16_jpg.rf.ab483ece292795c8a27ad8aa94425074.txt,67,7eab837d00c868b267efe03aa42eec298c5a81ae4a6586ad33895acfc195b100
VADD(minmaldataset)/val/labels/-E3-82-B9-E3-82-AF-E3-83-AA-E3-83-BC-E3-83-B3-E3-82-B7-E3-83-A7-E3-83-83-E3-83-88-202022-07-25-2017-17-51_jpg.rf.92fa584cd87bdf79f176131588c00388.txt,45,d60fa345646b81c09e6a9ce540a618ab761362a36fe910936412239fb06e6fb6
VADD(minmaldataset)/val/labels/-E3-82-B9-E3-82-AF-E3-83-AA-E3-83-BC-E3-83-B3-E3-82-B7-E3-83-A7-E3-83-83-E3-83-88-202022-07-25-2017-21-34_jpg.rf.d3b374bc08c1a02e4efcd93bff361da3.txt,57,953c7281491a8450aa851201c93b16919bd4da1c7c59e6151ac25a3452b7e6e5
VADD(minmaldataset)/val/labels/-E3-82-B9-E3-82-AF-E3-83-AA-E3-83-BC-E3-83-B3-E3-82-B7-E3-83-A7-E3-83-83-E3-83-88-202022-07-25-2017-27-12_jpg.rf.2ad68a7c6cf1a8e82f7233a6ebc94a25.txt,81,b91cf95b40723897725c72df2f927992524a3b5b799510dad33d33fadb606296
VADD(minmaldataset)/val/labels/-E3-82-B9-E3-82-AF-E3-83-AA-E3-83-BC-E3-83-B3-E3-82-B7-E3-83-A7-E3-83-83-E3-83-88-202022-08-11-2014-21-48_jpg.rf.b771c695e7d7b88c8380795e40b706b8.txt,79,4753b5a042195926e4999b91322c14af6b8c98bc69d354aa12916ab0c089df21
VADD(minmaldataset)/val/labels/-E3-82-B9-E3-82-AF-E3-83-AA-E3-83-BC-E3-83-B3-E3-82-B7-E3-83-A7-E3-83-83-E3-83-88-202022-08-11-2014-25-40_jpg.rf.8d73dc234ffa97883685f5b9fdf1ded5.txt,80,bfa64962f33d81a927d034e9f1d4e06af38122fd8530a1dc30e749d66eec23f2
VADD(minmaldataset)/val/labels/-E3-82-B9-E3-82-AF-E3-83-AA-E3-83-BC-E3-83-B3-E3-82-B7-E3-83-A7-E3-83-83-E3-83-88-202022-08-11-2014-25-40_jpg.rf.e8eb3d3a67d4540c614c0827f48a386b.txt,80,bfa64962f33d81a927d034e9f1d4e06af38122fd8530a1dc30e749d66eec23f2
VADD(minmaldataset)/val/labels/-E3-82-B9-E3-82-AF-E3-83-AA-E3-83-BC-E3-83-B3-E3-82-B7-E3-83-A7-E3-83-83-E3-83-88-202022-08-11-2014-26-29_jpg.rf.72ec304019a81a3d3db368f143670a30.txt,80,d90e9c8544fbeb3af268ba74e24f396d844a2a7facc3d82390a0492ebea0d677
VADD(minmaldataset)/val/labels/-E3-82-B9-E3-82-AF-E3-83-AA-E3-83-BC-E3-83-B3-E3-82-B7-E3-83-A7-E3-83-83-E3-83-88-202022-08-11-2016-13-46_jpg.rf.3855ddb6ccc917ae64f1abcfbc476f34.txt,69,59361c584215339a96351a3fa8959ca4918fe9445ba8a141bca4ce5e271ce6ff
VADD(minmaldataset)/val/labels/-E3-82-B9-E3-82-AF-E3-83-AA-E3-83-BC-E3-83-B3-E3-82-B7-E3-83-A7-E3-83-83-E3-83-88-202022-08-11-2016-20-33_jpg.rf.350bdbb3a214158a24d7d28b2114ced8.txt,59,5c5c6388c0c83695713df577ca8aed66147edb5d172dce7e83e9f1169144088b
VADD(minmaldataset)/val/labels/-E3-82-B9-E3-82-AF-E3-83-AA-E3-83-BC-E3-83-B3-E3-82-B7-E3-83-A7-E3-83-83-E3-83-88-202022-08-11-2016-22-13_jpg.rf.a0c648e0d5b42d3e5d5927a8da488583.txt,40,3c10a641ead3b612d07b3479bc226315c5c853be1443ddcbd1c913c96bac4566
VADD(minmaldataset)/val/labels/-E3-82-B9-E3-82-AF-E3-83-AA-E3-83-BC-E3-83-B3-E3-82-B7-E3-83-A7-E3-83-83-E3-83-88-202022-08-11-2016-30-45_jpg.rf.f97bb7973d5c5bc4334cbd94d35d715f.txt,80,8ef3c2f6a09a9c4184aadf887f165efc512be2957f37d84f760d5c23c80c3b89
VADD(minmaldataset)/val/labels/-E3-82-B9-E3-82-AF-E3-83-AA-E3-83-BC-E3-83-B3-E3-82-B7-E3-83-A7-E3-83-83-E3-83-88-202022-08-11-2016-31-43_jpg.rf.388f8da2f5dfe0c3f90e8a100193eae1.txt,81,0dc374e6fbe965bf9bba2b5d3995e877a7ba0f6559663750dacab905e5cbc0f8
VADD(minmaldataset)/val/labels/-E3-82-B9-E3-82-AF-E3-83-AA-E3-83-BC-E3-83-B3-E3-82-B7-E3-83-A7-E3-83-83-E3-83-88-202022-08-11-2016-33-23_jpg.rf.43fecd581f5799eaa934c87b66997845.txt,69,1814e2fec4e6ac401b229c8840b7d11ac70b9e6dc6588b950a9437fb549441c1
VADD(minmaldataset)/val/labels/-E3-82-B9-E3-82-AF-E3-83-AA-E3-83-BC-E3-83-B3-E3-82-B7-E3-83-A7-E3-83-83-E3-83-88-202022-08-11-2016-50-24_jpg.rf.35ee708efcc679a9f1cb581885158efc.txt,78,d7fca467f44fec629b64503bf7cbeaaf7e72345036ff3e9d0503d3a538a7e2a8
VADD(minmaldataset)/val/labels/-E3-82-B9-E3-82-AF-E3-83-AA-E3-83-BC-E3-83-B3-E3-82-B7-E3-83-A7-E3-83-83-E3-83-88-202022-08-11-2016-53-13_jpg.rf.88333ca99c77b2b8f1e2651bbb76abbc.txt,70,5ae65aaed5b417e93bd19e0837bd2b42bd8f2980e51482cfe83b02f0fb6733b8
VADD(minmaldataset)/val/labels/-E3-82-B9-E3-82-AF-E3-83-AA-E3-83-BC-E3-83-B3-E3-82-B7-E3-83-A7-E3-83-83-E3-83-88-202022-08-11-2022-47-09_jpg.rf.381e629f78f12f619e02d2c766a2f177.txt,40,575e84181c448caa937a5ea5aa990ccc3ff93a399bceb9ee34dafd73f303ce32
VADD(minmaldataset)/val/labels/-E3-82-B9-E3-82-AF-E3-83-AA-E3-83-BC-E3-83-B3-E3-82-B7-E3-83-A7-E3-83-83-E3-83-88-202022-08-11-2022-49-03_jpg.rf.d625524f8b567124ca162d0aa4fa8ca2.txt,81,be403c95eaffae93f7bae65fbdcdea641315a08e81921ea41382a1f24c0596c7
VADD(minmaldataset)/val/labels/-E3-82-B9-E3-82-AF-E3-83-AA-E3-83-BC-E3-83-B3-E3-82-B7-E3-83-A7-E3-83-83-E3-83-88-202022-08-11-2022-49-27_jpg.rf.37f58c7942220dacfab4f4111e8f4e7b.txt,80,0583133cd25d4501510204dc3065d556c2894bb81f9774eb179e8750ad08da43
VADD(minmaldataset)/val/labels/-E3-82-B9-E3-82-AF-E3-83-AA-E3-83-BC-E3-83-B3-E3-82-B7-E3-83-A7-E3-83-83-E3-83-88-202022-08-12-2015-17-41_jpg.rf.068a09d4965358c17e5104ff8527c4a1.txt,60,c9940d13a62b60fc0692687a00e0101bacec32ddf323395871078143abedb193
VADD(minmaldataset)/val/labels/-E3-82-B9-E3-82-AF-E3-83-AA-E3-83-BC-E3-83-B3-E3-82-B7-E3-83-A7-E3-83-83-E3-83-88-202022-08-12-2015-24-42_jpg.rf.1f46657f07d35c72e6fe2f6ec768ad14.txt,79,6cf8981e25b942fde7952952b4bf758d5fc2c8983ce27943cbcef879a85ebd4b
VADD(minmaldataset)/val/labels/-E3-82-B9-E3-82-AF-E3-83-AA-E3-83-BC-E3-83-B3-E3-82-B7-E3-83-A7-E3-83-83-E3-83-88-202022-08-12-2015-44-07_jpg.rf.7947017dd52cefd406fbe225102d301b.txt,37,6f88477b1f36a9d8adc2e10545722817bc89a89f150fa1c584f646297382b5da
VADD(minmaldataset)/val/labels/-E3-82-B9-E3-82-AF-E3-83-AA-E3-83-BC-E3-83-B3-E3-82-B7-E3-83-A7-E3-83-83-E3-83-88-202022-08-12-2015-44-50_jpg.rf.48410577e0ac8bfbf6718ac27d220412.txt,38,6e31750659f3b6e098154638295f07ba72c7d5838d4d58ea68d8a6c3fd51f2ba
VADD(minmaldataset)/val/labels/-E3-82-B9-E3-82-AF-E3-83-AA-E3-83-BC-E3-83-B3-E3-82-B7-E3-83-A7-E3-83-83-E3-83-88-202022-08-22-2023-25-46_jpg.rf.445d2bf671df87c3eb1f2c72841d8896.txt,39,d923a728b7ba2b86546cbc3d7811ba0f9623f0d0e3e60d1f382195e92a988b5e
VADD(minmaldataset)/val/labels/-E3-82-B9-E3-82-AF-E3-83-AA-E3-83-BC-E3-83-B3-E3-82-B7-E3-83-A7-E3-83-83-E3-83-88-202022-08-22-2023-43-25_jpg.rf.285617519ec52f7c1544d2dfb9589bcf.txt,53,cad96a1949e343437a549f9450ec4daf9e17e5d9b28374f46761b2f76279b409
VADD(minmaldataset)/val/labels/-E3-82-B9-E3-82-AF-E3-83-AA-E3-83-BC-E3-83-B3-E3-82-B7-E3-83-A7-E3-83-83-E3-83-88-202022-08-22-2023-45-21_jpg.rf.2d7d95eafa9e9c8d28be3ea72259a1c9.txt,41,44c6adc66f7c065a1727ae6b9562d568a6f43f4df0de62876c7bee9074110fe4
VADD(minmaldataset)/val/labels/-E3-82-B9-E3-82-AF-E3-83-AA-E3-83-BC-E3-83-B3-E3-82-B7-E3-83-A7-E3-83-83-E3-83-88-202022-08-22-2023-47-23_jpg.rf.77e1454ecb17e8f2ab64b82330fcc529.txt,62,aad07eff5f9ea7c8ce18466433816a14e7188a299c0a2e4dffb29a2d06652a74
VADD(minmaldataset)/val/labels/-E3-82-B9-E3-82-AF-E3-83-AA-E3-83-BC-E3-83-B3-E3-82-B7-E3-83-A7-E3-83-83-E3-83-88-202022-08-22-2023-58-13_jpg.rf.6cdd845cf7a0f799ff47a1e0ccafeb24.txt,79,17deb93d3916f95b2380c7bb7cc1f3950439c71cf2ed821d0a8b7074224fe9b4
VADD(minmaldataset)/val/labels/-E3-82-B9-E3-82-AF-E3-83-AA-E3-83-BC-E3-83-B3-E3-82-B7-E3-83-A7-E3-83-83-E3-83-88-202022-08-23-200-19-23_jpg.rf.6eefecbfc9d841580535ec23cdb7fdee.txt,79,90b5254d209b4d042efa04886f4e5883ca0b51e9a6c4169f5c08d0e1737d86fa
VADD(minmaldataset)/val/labels/-E3-82-B9-E3-82-AF-E3-83-AA-E3-83-BC-E3-83-B3-E3-82-B7-E3-83-A7-E3-83-83-E3-83-88-202022-08-23-200-20-57_jpg.rf.6982de661c9a97189d526b3935ee80e3.txt,41,7fbcfb57a58dd6e01b2594ed1f10a7555ba938facc6024fdcbf0204e211989df
VADD(minmaldataset)/val/labels/-E3-82-B9-E3-82-AF-E3-83-AA-E3-83-BC-E3-83-B3-E3-82-B7-E3-83-A7-E3-83-83-E3-83-88-202022-08-23-200-38-42_jpg.rf.60664a4ab85725b750e931788d372ebb.txt,39,901aaa040ecfdf9a40eb6c30af1024073a8dbca50d106ed1e53929473ec3fd62
VADD(minmaldataset)/val/labels/-E3-82-B9-E3-82-AF-E3-83-AA-E3-83-BC-E3-83-B3-E3-82-B7-E3-83-A7-E3-83-83-E3-83-88-202022-08-27-2015-36-02_jpg.rf.e5e9d65b2ba30fab0284c68e37ef59d0.txt,79,fef2668af3bb739514777a2f11eea1e3e685b3a18b4eea076e8738dd14c81409
VADD(minmaldataset)/val/labels/-E3-82-B9-E3-82-AF-E3-83-AA-E3-83-BC-E3-83-B3-E3-82-B7-E3-83-A7-E3-83-83-E3-83-88-202022-08-27-2015-41-33_jpg.rf.97d53b3260f62ccdb27841c3173b8a68.txt,79,fbb9f18043a2918bec4bf3c45788520770fafddf4f672fca6105b67ff9155e77
VADD(minmaldataset)/val/labels/-E3-82-B9-E3-82-AF-E3-83-AA-E3-83-BC-E3-83-B3-E3-82-B7-E3-83-A7-E3-83-83-E3-83-88-202022-08-27-2015-47-38_jpg.rf.53ed50320dd3d1746809fd12b310a88a.txt,80,ba8086a53625eabae0a41e9d95e68484cc0e485c546446ff2b6f582187d35421
VADD(minmaldataset)/val/labels/-E3-82-B9-E3-82-AF-E3-83-AA-E3-83-BC-E3-83-B3-E3-82-B7-E3-83-A7-E3-83-83-E3-83-88-202022-08-27-2015-58-14_jpg.rf.2884310f37df38d7336fbed2ec4f2680.txt,80,68eb2a6e1f305bcd5e45f2ee81123618a767fdf45a337a2d284bc4a08974b6ec
VADD(minmaldataset)/val/labels/-E3-82-B9-E3-82-AF-E3-83-AA-E3-83-BC-E3-83-B3-E3-82-B7-E3-83-A7-E3-83-83-E3-83-88-202022-08-27-2015-59-15_jpg.rf.18408ba668313e8f2881cf3f61801410.txt,82,971b25c8a76f1f03742d9103d156f70b0350d7d2b8bd2afa6cb5c5375a93faa3
VADD(minmaldataset)/val/labels/-E3-82-B9-E3-82-AF-E3-83-AA-E3-83-BC-E3-83-B3-E3-82-B7-E3-83-A7-E3-83-83-E3-83-88-202022-08-27-2016-03-19_jpg.rf.88a0d81552ae91aebeca617d10bc3639.txt,69,0776a0adfc3c164ee17d365d5ebb09e91e532b5982a549e109a324b755cb83c3
VADD(minmaldataset)/val/labels/-E3-82-B9-E3-82-AF-E3-83-AA-E3-83-BC-E3-83-B3-E3-82-B7-E3-83-A7-E3-83-83-E3-83-88-202022-08-27-2016-17-28_jpg.rf.ecaa2259d5f27112d073d6b1452f55bd.txt,79,5f9d41a234238ddc12d425198f15a05b540b37807bce68c56c333eb9259b8b40
VADD(minmaldataset)/val/labels/-E3-82-B9-E3-82-AF-E3-83-AA-E3-83-BC-E3-83-B3-E3-82-B7-E3-83-A7-E3-83-83-E3-83-88-202022-08-27-2016-17-28_jpg.rf.f592cac990ce780736b71a8127567b2b.txt,36,0800cfe2902a9c2742826870666c2273f60679dafa7789ad208d0002383b98cf
VADD(minmaldataset)/val/labels/-E3-82-B9-E3-82-AF-E3-83-AA-E3-83-BC-E3-83-B3-E3-82-B7-E3-83-A7-E3-83-83-E3-83-88-202022-08-27-2016-19-22_jpg.rf.f48c508a209f778d77db17575d0ddb75.txt,78,57f9937c1521770242d5ac2286cbb5bb02e3f38d9f73501ae511477d94dd668d
VADD(minmaldataset)/val/labels/-E3-82-B9-E3-82-AF-E3-83-AA-E3-83-BC-E3-83-B3-E3-82-B7-E3-83-A7-E3-83-83-E3-83-88-202022-08-27-2016-21-19_jpg.rf.f9388a0529edf6288ea90f95ab7cbdb5.txt,81,ce6291404061bfdc3bb4d04cbfa2343bdf2ca5e289ee5cb27ae00ffe8634ea84
VADD(minmaldataset)/val/labels/-E3-82-B9-E3-82-AF-E3-83-AA-E3-83-BC-E3-83-B3-E3-82-B7-E3-83-A7-E3-83-83-E3-83-88-202022-08-27-2016-22-27_jpg.rf.c4e43b7083ec92886db915c44543595a.txt,60,764864a76deb05c58052f47b29026d4e5e8697cfc4f083593ffdda14f9dc267c
VADD(minmaldataset)/val/labels/-E3-82-B9-E3-82-AF-E3-83-AA-E3-83-BC-E3-83-B3-E3-82-B7-E3-83-A7-E3-83-83-E3-83-88-202022-08-28-2022-21-27_jpg.rf.5355c88c9611f618cea70975b1531229.txt,40,f4258222e981ff5effe8e0cbd3c6af91fecae7d892765c4550e62e178bb67a13
VADD(minmaldataset)/val/labels/-E3-82-B9-E3-82-AF-E3-83-AA-E3-83-BC-E3-83-B3-E3-82-B7-E3-83-A7-E3-83-83-E3-83-88-202022-08-28-2022-22-21_jpg.rf.45bee33bd4e50b2eb2570558c60e57d6.txt,80,79faefded657a36ae2077b8e7a13669d128cce900096e5ca89227d8ae5e5372f
VADD(minmaldataset)/val/labels/-E3-82-B9-E3-82-AF-E3-83-AA-E3-83-BC-E3-83-B3-E3-82-B7-E3-83-A7-E3-83-83-E3-83-88-202022-08-28-2022-22-45_jpg.rf.38dc704d0a14e8e45ca085db9d98318e.txt,36,d5485131eb4698501105e483ae2e4743537ec015299d62735fbc4b1c93480b97
VADD(minmaldataset)/val/labels/-E3-82-B9-E3-82-AF-E3-83-AA-E3-83-BC-E3-83-B3-E3-82-B7-E3-83-A7-E3-83-83-E3-83-88-202022-08-28-2022-31-48_jpg.rf.705aa901c2a678e8047d2d265dfe4039.txt,52,2d71574f95dffa3f71f60250d73582ea6c550eb655fcdbcc91193830fce6de1f
VADD(minmaldataset)/val/labels/-E3-82-B9-E3-82-AF-E3-83-AA-E3-83-BC-E3-83-B3-E3-82-B7-E3-83-A7-E3-83-83-E3-83-88-202022-08-28-2022-47-26_jpg.rf.4fcef59782a396c000dbd9dd4624b076.txt,81,34228f28092a1cc4624e4259e8f0168d82fd936f98451da4024b5a6198ece55b
VADD(minmaldataset)/val/labels/-E3-82-B9-E3-82-AF-E3-83-AA-E3-83-BC-E3-83-B3-E3-82-B7-E3-83-A7-E3-83-83-E3-83-88-202022-08-31-2021-28-38_jpg.rf.df28a30766e9eca4404693fb5af797f9.txt,41,541d6f6f9c9f1058a23864f773b588d29042a9adbe3c7d7d7ce059011f7ffcb1
VADD(minmaldataset)/val/labels/-E3-82-B9-E3-82-AF-E3-83-AA-E3-83-BC-E3-83-B3-E3-82-B7-E3-83-A7-E3-83-83-E3-83-88-202022-08-31-2021-38-38_jpg.rf.7879b8dd291c165164c9de1494af76de.txt,79,ca6c7450dbd966120c3ee26ab4cad06d5c350d55266504cec2d065e0995211da
VADD(minmaldataset)/val/labels/-E3-82-B9-E3-82-AF-E3-83-AA-E3-83-BC-E3-83-B3-E3-82-B7-E3-83-A7-E3-83-83-E3-83-88-202022-08-31-2021-47-19_jpg.rf.e641aa2b0ef367a2d4a3cb5755c2c7a6.txt,39,957abeca45b1c4d658ca887bd45e6479f1c29588c7973fc5f1b3c20751e820a2
VADD(minmaldataset)/val/labels/-E3-82-B9-E3-82-AF-E3-83-AA-E3-83-BC-E3-83-B3-E3-82-B7-E3-83-A7-E3-83-83-E3-83-88-202022-08-31-2021-47-33_jpg.rf.b58edf9568ed5fb4621dc06c4918ef30.txt,38,ba3609617fa7168f2b358b2a45e11709a1ae4b9fc0143b996b24bb441cbae807
VADD(minmaldataset)/val/labels/-E3-82-B9-E3-82-AF-E3-83-AA-E3-83-BC-E3-83-B3-E3-82-B7-E3-83-A7-E3-83-83-E3-83-88-202022-08-31-2021-48-39_jpg.rf.781ffb97dd42d3b174855be16c2a6b62.txt,37,e81b0c8c14ab699a9cd182a18d33f9920fd8c7246b9f2bce42f33eed5f81325a
VADD(minmaldataset)/val/labels/-E3-82-B9-E3-82-AF-E3-83-AA-E3-83-BC-E3-83-B3-E3-82-B7-E3-83-A7-E3-83-83-E3-83-88-202022-08-31-2021-53-29_jpg.rf.cb76f9b47f2d233906227ce660a4a423.txt,80,bcddf4a51998b6233c539bc2fb377c128830e17cdce5ac40bf2af0c7bb34a11c
VADD(minmaldataset)/val/labels/-E3-82-B9-E3-82-AF-E3-83-AA-E3-83-BC-E3-83-B3-E3-82-B7-E3-83-A7-E3-83-83-E3-83-88-202022-08-31-2021-55-01_jpg.rf.293fecb19fff221c0e716c47e9685229.txt,78,60079c2cf6cb037310aeb8924c30d0211d160eb4c070d8f71da812ad3f8fb294
VADD(minmaldataset)/val/labels/-E3-82-B9-E3-82-AF-E3-83-AA-E3-83-BC-E3-83-B3-E3-82-B7-E3-83-A7-E3-83-83-E3-83-88-202022-08-31-2021-55-01_jpg.rf.b02519d1eee58638d7c3ffbdbe17aaa0.txt,78,60079c2cf6cb037310aeb8924c30d0211d160eb4c070d8f71da812ad3f8fb294
VADD(minmaldataset)/val/labels/-E3-82-B9-E3-82-AF-E3-83-AA-E3-83-BC-E3-83-B3-E3-82-B7-E3-83-A7-E3-83-83-E3-83-88-202022-08-31-2021-58-43_jpg.rf.6621f4cc348244be993831c1703186db.txt,79,f428425d77df521969b91c79a8c8c0756f9d8163d15916022f4fa406dfe28c1b
VADD(minmaldataset)/val/labels/-E3-82-B9-E3-82-AF-E3-83-AA-E3-83-BC-E3-83-B3-E3-82-B7-E3-83-A7-E3-83-83-E3-83-88-202022-08-31-2022-00-30_jpg.rf.e6e2a7ead3bb3341765cb35b4e995ad1.txt,81,19b1e16daf79d4dc5a424996f07f8c62b7d72be03e108fd90cb61d280e88faa5
VADD(minmaldataset)/val/labels/-E3-82-B9-E3-82-AF-E3-83-AA-E3-83-BC-E3-83-B3-E3-82-B7-E3-83-A7-E3-83-83-E3-83-88-202022-08-31-2022-04-28_jpg.rf.6efa381178508f4614870f6cca1c30e5.txt,60,ac828efa0d7519e176629ac63cedad2668d7a9f864bccb55b01b526aa955c53b
VADD(minmaldataset)/val/labels/-E3-82-B9-E3-82-AF-E3-83-AA-E3-83-BC-E3-83-B3-E3-82-B7-E3-83-A7-E3-83-83-E3-83-88-202022-08-31-2022-05-06_jpg.rf.ba3688f9dfb187a0b99ed4c36350baba.txt,81,cfd05376d379f739a8ed811c2f71a0db61a356b7ab311786d160f375927059d5
VADD(minmaldataset)/val/labels/-E3-82-B9-E3-82-AF-E3-83-AA-E3-83-BC-E3-83-B3-E3-82-B7-E3-83-A7-E3-83-83-E3-83-88-202022-08-31-2022-08-50_jpg.rf.437d9571c196773c47523638921007ae.txt,80,44740c51420fdebfeaa426fefcf8b8a75efe50fadc028971ead96d1a62325ba3
VADD(minmaldataset)/val/labels/-E3-82-B9-E3-82-AF-E3-83-AA-E3-83-BC-E3-83-B3-E3-82-B7-E3-83-A7-E3-83-83-E3-83-88-202022-08-31-2022-13-18_jpg.rf.2dfedf8039f62779ea9acbdcf38160b2.txt,34,b76f981bc2c2c88b67b0bbc6f5afb735723686b3f24fb7a17c3b30a672b1ade7
VADD(minmaldataset)/val/labels/-E3-82-B9-E3-82-AF-E3-83-AA-E3-83-BC-E3-83-B3-E3-82-B7-E3-83-A7-E3-83-83-E3-83-88-202022-08-31-2022-14-53_jpg.rf.f7273794d7be8f0813c3eaa3851b3f26.txt,80,f8b1e930fe8eb1c3ef375d990046898da49b6a3b71472a244174df9b994d0764
VADD(minmaldataset)/val/labels/-E3-82-B9-E3-82-AF-E3-83-AA-E3-83-BC-E3-83-B3-E3-82-B7-E3-83-A7-E3-83-83-E3-83-88-202022-08-31-2022-16-24_jpg.rf.153bd2f05c38cd303847de8669e8a0c6.txt,78,437dec4fb57ff71856dccdf82b4f6d65a4d9397d13e3903adc30b7c825efaca5
VADD(minmaldataset)/val/labels/-E3-82-B9-E3-82-AF-E3-83-AA-E3-83-BC-E3-83-B3-E3-82-B7-E3-83-A7-E3-83-83-E3-83-88-202022-08-31-2022-16-39_jpg.rf.b3acba1410ce5273ea997d36e2460cb7.txt,69,e4531848b705cb03c959dd2713869f548b8a4eb823034b44606f535eadfb8991
VADD(minmaldataset)/val/labels/-E3-82-B9-E3-82-AF-E3-83-AA-E3-83-BC-E3-83-B3-E3-82-B7-E3-83-A7-E3-83-83-E3-83-88-202022-08-31-2022-17-10_jpg.rf.74f5107b9aac0445eaafd0b3c7be9776.txt,80,14c75b233495d412475c46b8db0891d7e68762bfc14a2ccff270b09f9a46ff9d
VADD(minmaldataset)/val/labels/-E3-82-B9-E3-82-AF-E3-83-AA-E3-83-BC-E3-83-B3-E3-82-B7-E3-83-A7-E3-83-83-E3-83-88-202022-08-31-2022-18-33_jpg.rf.936c39aa8b5fd7b0d42fefcf8d3d9ef1.txt,54,bd60dc0b5c9b73839c33c6aa4c8f8d308784221837b97e23b7c66e66eba163ad
VADD(minmaldataset)/val/labels/-E3-82-B9-E3-82-AF-E3-83-AA-E3-83-BC-E3-83-B3-E3-82-B7-E3-83-A7-E3-83-83-E3-83-88-202022-08-31-2022-29-18_jpg.rf.bc010c2caae178d207129589a020ea6a.txt,42,0870df8acd9ceaec0f968921d5392d4e583e453e644848396c08b6610bd63f64
VADD(minmaldataset)/val/labels/-E3-82-B9-E3-82-AF-E3-83-AA-E3-83-BC-E3-83-B3-E3-82-B7-E3-83-A7-E3-83-83-E3-83-88-202022-08-31-2022-30-42_jpg.rf.4a9e78ff2de8e9ccc220ace1cb136f30.txt,37,44f73cc3158fa104000f57740d8e2e5b302687f982b1cdb1a91cb2d9a8690fb7
VADD(minmaldataset)/val/labels/-E3-82-B9-E3-82-AF-E3-83-AA-E3-83-BC-E3-83-B3-E3-82-B7-E3-83-A7-E3-83-83-E3-83-88-202022-08-31-2022-30-42_jpg.rf.942b55017aa849dbbd5ccb68bb78e404.txt,58,1f5dfe6be1379e91e90fb632a1c0b9f8c94a6c4435aae77d1c9cbd06ee01b75e
VADD(minmaldataset)/val/labels/-E3-82-B9-E3-82-AF-E3-83-AA-E3-83-BC-E3-83-B3-E3-82-B7-E3-83-A7-E3-83-83-E3-83-88-202022-08-31-2022-46-24_jpg.rf.057613daadc6ea909489cc3a072600ec.txt,81,52b2d699f8d35e2422e3e00a9562808dbd21a30fc606c5d9afaf24268c48685f
VADD(minmaldataset)/val/labels/-E3-82-B9-E3-82-AF-E3-83-AA-E3-83-BC-E3-83-B3-E3-82-B7-E3-83-A7-E3-83-83-E3-83-88-202022-08-31-2022-49-03_jpg.rf.f92454b56ee97de1828c8f8f816b7511.txt,55,b34cbe0b673d7cd067617aa8025d4520c7265198d70b5630e23f2e9e93bc649e
VADD(minmaldataset)/val/labels/-E3-82-B9-E3-82-AF-E3-83-AA-E3-83-BC-E3-83-B3-E3-82-B7-E3-83-A7-E3-83-83-E3-83-88-202022-08-31-2022-51-37_jpg.rf.6a6b690d72e0cd56d60f5cd60c45cc67.txt,30,c6a340f594c47c12f4542d59b5c084792e517fd80082be415c2e3ed86a4e6c2e
VADD(minmaldataset)/val/labels/-E3-82-B9-E3-82-AF-E3-83-AA-E3-83-BC-E3-83-B3-E3-82-B7-E3-83-A7-E3-83-83-E3-83-88-202022-08-31-2022-52-44_jpg.rf.6285ea50db10c99bbe6bbc3fb67a9ced.txt,41,7bb3a30a8e02c7da94d12bb3f9797c458226ac73343e5417cf7a951f656284e2
VADD(minmaldataset)/val/labels/-E3-82-B9-E3-82-AF-E3-83-AA-E3-83-BC-E3-83-B3-E3-82-B7-E3-83-A7-E3-83-83-E3-83-88-202022-08-31-2022-53-25_jpg.rf.3798ad05065e08d78b1fe0694c742647.txt,80,efafe43e56d304931f43c197c31001a7732af3b40599acfb9b91844efd9fe76a
VADD(minmaldataset)/val/labels/-E3-82-B9-E3-82-AF-E3-83-AA-E3-83-BC-E3-83-B3-E3-82-B7-E3-83-A7-E3-83-83-E3-83-88-202022-08-31-2023-27-48_jpg.rf.12e34a544fa27e3f8e586e837a158423.txt,40,99501b2713726e53bd627b40c478b6e64fffa4be078d0f83bbd38424afe7c813
VADD(minmaldataset)/val/labels/-E3-82-B9-E3-82-AF-E3-83-AA-E3-83-BC-E3-83-B3-E3-82-B7-E3-83-A7-E3-83-83-E3-83-88-202022-08-31-2023-29-07_jpg.rf.f4f22c4a9b9ca00190da8c9a6ba9c9c0.txt,78,1478f29d8281bfa29f53fd7566f67e28d7a6a7ffab2f11964f328f82fdaf9d22
VADD(minmaldataset)/val/labels/-E3-82-B9-E3-82-AF-E3-83-AA-E3-83-BC-E3-83-B3-E3-82-B7-E3-83-A7-E3-83-83-E3-83-88-202022-08-31-2023-29-55_jpg.rf.b3825131cbc746e59e0f2e534cf72618.txt,81,ee8761988d67a0da59c773193b266ce752df128e41267824fb7b46257920f79f
VADD(minmaldataset)/val/labels/-E3-82-B9-E3-82-AF-E3-83-AA-E3-83-BC-E3-83-B3-E3-82-B7-E3-83-A7-E3-83-83-E3-83-88-202022-08-31-2023-31-00_jpg.rf.30eb68c40176e871b564aa53e8999799.txt,79,8dc9f8df57cfa17b56cdfdd0da7ecf043ae14f6cef1c0be71f2bdd8a5e75fc64
VADD(minmaldataset)/val/labels/-E3-82-B9-E3-82-AF-E3-83-AA-E3-83-BC-E3-83-B3-E3-82-B7-E3-83-A7-E3-83-83-E3-83-88-202022-08-31-2023-35-45_jpg.rf.08f3b2c2927778c85761d04945778347.txt,78,eaab1fdac4185bf3a3163e765cab0e4569ac80a192e3cfd5e1f00b3eb9968e0c
VADD(minmaldataset)/val/labels/-E3-82-B9-E3-82-AF-E3-83-AA-E3-83-BC-E3-83-B3-E3-82-B7-E3-83-A7-E3-83-83-E3-83-88-202022-08-31-2023-39-26_jpg.rf.1a9efb0ab2c43ffb17b31babeccda903.txt,60,1f7838454c5b3147b68af3e71937045a2581ba0cb9ec55d5eaf07d384ed4e97b
VADD(minmaldataset)/val/labels/-E3-82-B9-E3-82-AF-E3-83-AA-E3-83-BC-E3-83-B3-E3-82-B7-E3-83-A7-E3-83-83-E3-83-88-202022-08-31-2023-40-27_jpg.rf.6324138a564145d81ed8978458a95c6e.txt,35,8370449461c5ba63c5be3c083e591c0699352f0c25b15c6d324f2ec039620931
VADD(minmaldataset)/val/labels/-E3-82-B9-E3-82-AF-E3-83-AA-E3-83-BC-E3-83-B3-E3-82-B7-E3-83-A7-E3-83-83-E3-83-88-202022-08-31-2023-41-55_jpg.rf.3b7d848364bc694c6641d70fc1443ae7.txt,41,2ec0693ef11e1c54730d8fcfcbcca230bc5e57e90fb16c909d49be10089a02a1
VADD(minmaldataset)/val/labels/-E3-82-B9-E3-82-AF-E3-83-AA-E3-83-BC-E3-83-B3-E3-82-B7-E3-83-A7-E3-83-83-E3-83-88-202022-08-31-2023-53-16_jpg.rf.230aa1b31098e80189fc326faba64aad.txt,59,764009f05623c9b4687df821867201e86b0dccd7dbc6f8012f3feb5b55b1883d
VADD(minmaldataset)/val/labels/-E3-82-B9-E3-82-AF-E3-83-AA-E3-83-BC-E3-83-B3-E3-82-B7-E3-83-A7-E3-83-83-E3-83-88-202022-08-31-2023-56-31_jpg.rf.fe6358d91dd3d1729b134a81af6544a1.txt,78,adbd3a4ad8f6efa7585cb740771daf0c15002a44ca6bed2418cef5175e9aee77
VADD(minmaldataset)/val/labels/-E3-82-B9-E3-82-AF-E3-83-AA-E3-83-BC-E3-83-B3-E3-82-B7-E3-83-A7-E3-83-83-E3-83-88-202022-09-01-200-13-24_jpg.rf.9052b97d70d82dbdb28ce61d8343498f.txt,79,9826bfff24e0427aaea05cefc770a31ca55e7ed119a234692ebf85248df1321b
VADD(minmaldataset)/val/labels/-E3-82-B9-E3-82-AF-E3-83-AA-E3-83-BC-E3-83-B3-E3-82-B7-E3-83-A7-E3-83-83-E3-83-88-202022-09-01-200-18-26_jpg.rf.363a5972bed68202ba37937522bbf511.txt,80,523209e1d9ca5724003a09155e611865b6a69ee4991c0754d014f26afe7e633a
VADD(minmaldataset)/val/labels/-E3-82-B9-E3-82-AF-E3-83-AA-E3-83-BC-E3-83-B3-E3-82-B7-E3-83-A7-E3-83-83-E3-83-88-202022-09-01-200-29-34_jpg.rf.32d5794f90feaa5344b0aaa21366f82f.txt,79,e07fd804ed517f94bbf69c2aa308c71ee068e8e489aca0fd98b6c4292257693e
VADD(minmaldataset)/val/labels/-E3-82-B9-E3-82-AF-E3-83-AA-E3-83-BC-E3-83-B3-E3-82-B7-E3-83-A7-E3-83-83-E3-83-88-202022-09-01-200-29-34_jpg.rf.73551e9b09b7c060f0fa689b251d4d5a.txt,79,e07fd804ed517f94bbf69c2aa308c71ee068e8e489aca0fd98b6c4292257693e
VADD(minmaldataset)/val/labels/-E3-82-B9-E3-82-AF-E3-83-AA-E3-83-BC-E3-83-B3-E3-82-B7-E3-83-A7-E3-83-83-E3-83-88-202022-09-01-200-29-34_jpg.rf.73fedf59bc5a574f400c105f88418b84.txt,79,e07fd804ed517f94bbf69c2aa308c71ee068e8e489aca0fd98b6c4292257693e
VADD(minmaldataset)/val/labels/-E3-82-B9-E3-82-AF-E3-83-AA-E3-83-BC-E3-83-B3-E3-82-B7-E3-83-A7-E3-83-83-E3-83-88-202022-09-01-200-40-03_jpg.rf.06e3d8505d888dd1603a23cf5d2e3602.txt,43,9fb6c35d92aece8dabffcd1cc562dfe0be4aa54f6309b0d10ded113a82e13657
VADD(minmaldataset)/val/labels/-E3-82-B9-E3-82-AF-E3-83-AA-E3-83-BC-E3-83-B3-E3-82-B7-E3-83-A7-E3-83-83-E3-83-88-202022-09-01-200-40-03_jpg.rf.535e67d5758c5cd41564ce54827cbb7c.txt,62,d01408ab2c90ae4061d48b63ea5a2b3a0a836d633db3c551927ca1241d8e1acd
VADD(minmaldataset)/val/labels/-E3-82-B9-E3-82-AF-E3-83-AA-E3-83-BC-E3-83-B3-E3-82-B7-E3-83-A7-E3-83-83-E3-83-88-202022-09-01-200-41-13_jpg.rf.8b19bd645b26cffec78bf8d067c6616f.txt,81,7ac0559f61eeb07d0b6ac4fe1c6e342e092a720c34cd4cbc3c1f87efbf71e115
VADD(minmaldataset)/val/labels/-E3-82-B9-E3-82-AF-E3-83-AA-E3-83-BC-E3-83-B3-E3-82-B7-E3-83-A7-E3-83-83-E3-83-88-202022-09-01-200-43-30_jpg.rf.114d9a238e70848a8b10ea49bd699458.txt,67,6cabb0b6616584efbe0bbc2e34c06719189bf8b8a96d044b93774672e27ff776
VADD(minmaldataset)/val/labels/-E3-82-B9-E3-82-AF-E3-83-AA-E3-83-BC-E3-83-B3-E3-82-B7-E3-83-A7-E3-83-83-E3-83-88-202022-09-01-200-43-30_jpg.rf.7b025f56d03ddee526294fe5e9e04624.txt,67,6cabb0b6616584efbe0bbc2e34c06719189bf8b8a96d044b93774672e27ff776
VADD(minmaldataset)/val/labels/-E3-82-B9-E3-82-AF-E3-83-AA-E3-83-BC-E3-83-B3-E3-82-B7-E3-83-A7-E3-83-83-E3-83-88-202022-09-01-200-50-32_jpg.rf.4448c7063c45f0c05d40ac7a15664355.txt,70,e7d05e02c0902940773919eeb931d42d1228cb32c66154b9c745c48b82569df8
VADD(minmaldataset)/val/labels/-E3-82-B9-E3-82-AF-E3-83-AA-E3-83-BC-E3-83-B3-E3-82-B7-E3-83-A7-E3-83-83-E3-83-88-202022-09-01-2015-57-31_jpg.rf.da12455b9fc30a07c6c7fc55e4a1f5d2.txt,65,e9f6943ed87c10d6480d9df655e064441f87d523ee369b478ebe803f1c5b5e73
VADD(minmaldataset)/val/labels/-E3-82-B9-E3-82-AF-E3-83-AA-E3-83-BC-E3-83-B3-E3-82-B7-E3-83-A7-E3-83-83-E3-83-88-202022-09-01-2016-06-48_jpg.rf.baf4a8ee760bd2c9c5ef2f8c627b7fd2.txt,39,3df38de6a01a5ef28e1cb76d7a2502d3c46323498437ea71cf2f28217716eb6d
VADD(minmaldataset)/val/labels/-E3-82-B9-E3-82-AF-E3-83-AA-E3-83-BC-E3-83-B3-E3-82-B7-E3-83-A7-E3-83-83-E3-83-88-202022-09-01-2016-42-11_jpg.rf.76419061123b27b43ae4929e7c8aae7e.txt,68,7c6a0d61be3dca80fb602c9b0924b140146ea8adecc99386e2dd69877bee62f6
VADD(minmaldataset)/val/labels/-E3-82-B9-E3-82-AF-E3-83-AA-E3-83-BC-E3-83-B3-E3-82-B7-E3-83-A7-E3-83-83-E3-83-88-202022-09-01-2016-42-51_jpg.rf.c2d23efcd8d390ed099afa238563be07.txt,41,1bc514d1f1e87761d59ea2e20c222f0db2edad9b6867d9c83a5fc06a97afa70d
VADD(minmaldataset)/val/labels/-E3-82-B9-E3-82-AF-E3-83-AA-E3-83-BC-E3-83-B3-E3-82-B7-E3-83-A7-E3-83-83-E3-83-88-202022-09-01-2016-54-37_jpg.rf.09b5c4b7fca3d02cead9c73c65918244.txt,50,cc79a432a2f6731cbcf7c9c7b6debe6cc6aaffa87f45b7e1ee5f96ce9b5c1c8f
VADD(minmaldataset)/val/labels/-E3-82-B9-E3-82-AF-E3-83-AA-E3-83-BC-E3-83-B3-E3-82-B7-E3-83-A7-E3-83-83-E3-83-88-202022-09-01-2017-09-42_jpg.rf.34a9e45556f2781c09984237f398c9fa.txt,80,4d36c77b73f98490bcd2a99621c1b86a9bd00ba2bb3a73e1a5e88b6c0d3ec9fd
VADD(minmaldataset)/val/labels/-E3-82-B9-E3-82-AF-E3-83-AA-E3-83-BC-E3-83-B3-E3-82-B7-E3-83-A7-E3-83-83-E3-83-88-202022-09-01-2017-25-58_jpg.rf.13e8f88ede316247f19268411bc5095e.txt,81,94965a6ea6d7ded807c29421f20003bbff10efeda20d686a343458e9b7f99b65
VADD(minmaldataset)/val/labels/-E3-82-B9-E3-82-AF-E3-83-AA-E3-83-BC-E3-83-B3-E3-82-B7-E3-83-A7-E3-83-83-E3-83-88-202022-09-01-202-12-05_jpg.rf.d3b9c5c5f5187c23669ce549332596c1.txt,80,ffd31af2658f6828269e290c17a6d894787e0acb27b9b3773e7603844e56004c
VADD(minmaldataset)/val/labels/-E3-82-B9-E3-82-AF-E3-83-AA-E3-83-BC-E3-83-B3-E3-82-B7-E3-83-A7-E3-83-83-E3-83-88-202022-09-02-2016-32-24_jpg.rf.79ac72fa280cf7227fe4184fe40a6b7c.txt,58,08d6ec68882b30f81ff140d5902de4bc9d73c4a90f312b8f7eced40d9d1706ab
VADD(minmaldataset)/val/labels/-E3-82-B9-E3-82-AF-E3-83-AA-E3-83-BC-E3-83-B3-E3-82-B7-E3-83-A7-E3-83-83-E3-83-88-202022-09-02-2016-35-31_jpg.rf.3b6dbf653208ca67746baf38d33487ba.txt,41,3b2d3d7debc9e2691a6c826ea928c8f8486b484e94ca5132c7e55ef7879c72d9
VADD(minmaldataset)/val/labels/-E3-82-B9-E3-82-AF-E3-83-AA-E3-83-BC-E3-83-B3-E3-82-B7-E3-83-A7-E3-83-83-E3-83-88-202022-09-02-2016-37-41_jpg.rf.a9124415ddf41619e0dee74862807b8b.txt,59,d82ca670c523e433f1a53f494e190ab4cf68827eaf99d2645b670e290df0ae25
VADD(minmaldataset)/val/labels/-E3-82-B9-E3-82-AF-E3-83-AA-E3-83-BC-E3-83-B3-E3-82-B7-E3-83-A7-E3-83-83-E3-83-88-202022-09-02-2016-39-02_jpg.rf.0fdb3bcde9f859bba39286e1f7f1f6dc.txt,34,678b80da8ae1eb51582f7c0c711739eff03c85ab7f780458d98527f431091bfc
VADD(minmaldataset)/val/labels/-E3-82-B9-E3-82-AF-E3-83-AA-E3-83-BC-E3-83-B3-E3-82-B7-E3-83-A7-E3-83-83-E3-83-88-202022-09-02-2016-58-29_jpg.rf.37054dd378a439d925bd109efc743a08.txt,39,b343a1b471e8ebf193fdd2fb19f9a1b490194d5a12fb04a2adf9b07037ef0ab4
VADD(minmaldataset)/val/labels/-E3-82-B9-E3-82-AF-E3-83-AA-E3-83-BC-E3-83-B3-E3-82-B7-E3-83-A7-E3-83-83-E3-83-88-202022-09-02-2017-02-44_jpg.rf.ba1a11b9e66fe7e65379fb2478667169.txt,33,88592b3c14dbe4a17760d1edd5347b86ae3efba4348362d8b0998a29458fd727
VADD(minmaldataset)/val/labels/-E3-82-B9-E3-82-AF-E3-83-AA-E3-83-BC-E3-83-B3-E3-82-B7-E3-83-A7-E3-83-83-E3-83-88-202022-09-03-200-43-08_jpg.rf.42c605cdf7352cc305729a31facfa085.txt,80,1f812be2173088aeae999dbe87a2635fd2008a7ea5eeddecf46eff1ec174bcd8
VADD(minmaldataset)/val/labels/-E3-82-B9-E3-82-AF-E3-83-AA-E3-83-BC-E3-83-B3-E3-82-B7-E3-83-A7-E3-83-83-E3-83-88-202022-09-03-200-46-34_jpg.rf.2292311a63f229d7b6aeb1adc2ce473d.txt,81,fe791afb77ebdd23b54203dc1fca1f675c46bf9daf87357e635d5a9d78a267b4
VADD(minmaldataset)/val/labels/-E3-82-B9-E3-82-AF-E3-83-AA-E3-83-BC-E3-83-B3-E3-82-B7-E3-83-A7-E3-83-83-E3-83-88-202022-09-03-200-57-56_jpg.rf.73be5f575cf86067dda40276d3faca8f.txt,38,def8a35a92758400371879abc6986177fb5eebb3bd478ee5b9c0209fb81be7e4
VADD(minmaldataset)/val/labels/-E3-82-B9-E3-82-AF-E3-83-AA-E3-83-BC-E3-83-B3-E3-82-B7-E3-83-A7-E3-83-83-E3-83-88-202022-09-03-201-00-43_jpg.rf.ffab172b7d1801795cee378e6d561b3d.txt,50,d03e3cd36e28c40f8a1beb61973b762386c442aea699b16bf771ab9370541a66
VADD(minmaldataset)/val/labels/-E3-82-B9-E3-82-AF-E3-83-AA-E3-83-BC-E3-83-B3-E3-82-B7-E3-83-A7-E3-83-83-E3-83-88-202022-09-03-201-02-24_jpg.rf.165e22ce495d397b76ff45d989fcbcde.txt,35,0a1376a02050694398b09519cea81ce4e3cce26647b5905b946dd8fc660d170c
VADD(minmaldataset)/val/labels/-E3-82-B9-E3-82-AF-E3-83-AA-E3-83-BC-E3-83-B3-E3-82-B7-E3-83-A7-E3-83-83-E3-83-88-202022-09-03-201-12-48_jpg.rf.2589471731059d6d90c08a55c0d37835.txt,38,94c40916623657e21cf5a6589c981a3eb5951f0b9e64c7233905e6c876c54ea1
VADD(minmaldataset)/val/labels/-E3-82-B9-E3-82-AF-E3-83-AA-E3-83-BC-E3-83-B3-E3-82-B7-E3-83-A7-E3-83-83-E3-83-88-202022-09-03-201-21-46_jpg.rf.f5566b28c322746c89a98c6c550bd934.txt,38,13c2f8e6dcc13732fe16561a1fa023f6a5891d6eeb6a0b1ed03d5a4c5ed5e234
VADD(minmaldataset)/val/labels/-E3-82-B9-E3-82-AF-E3-83-AA-E3-83-BC-E3-83-B3-E3-82-B7-E3-83-A7-E3-83-83-E3-83-88-202022-09-03-201-22-51_jpg.rf.fcdf63df394d1163fe8417e3231b0906.txt,64,dc2acd96fea0ec638320ab6d96c0a098e2ff8568021f4f018983639b5e63d06d
VADD(minmaldataset)/val/labels/-E3-82-B9-E3-82-AF-E3-83-AA-E3-83-BC-E3-83-B3-E3-82-B7-E3-83-A7-E3-83-83-E3-83-88-202022-09-03-201-24-49_jpg.rf.5a6e34cea4518af01fe5ee0e252bf5ae.txt,79,35186c7edf2009f9f68630cf41f92b582b174a993850a510755de4ab3ad92ac5
VADD(minmaldataset)/val/labels/-E3-82-B9-E3-82-AF-E3-83-AA-E3-83-BC-E3-83-B3-E3-82-B7-E3-83-A7-E3-83-83-E3-83-88-202022-09-03-201-31-22_jpg.rf.02e8d0f7e561aa3e40b72c92ed71ec6f.txt,41,8745a0bc7a79b5cef98142e7095363eba17e44a43cf628aa95da111225eddd9a
VADD(minmaldataset)/val/labels/-E3-82-B9-E3-82-AF-E3-83-AA-E3-83-BC-E3-83-B3-E3-82-B7-E3-83-A7-E3-83-83-E3-83-88-202022-09-03-201-40-06_jpg.rf.83994f80839939f339f9ea9c0613901d.txt,64,d9c58af09e7fb31fef38e0ae9b01e11972d34779e1a883aa6352f6d6f8316a64
VADD(minmaldataset)/val/labels/-E3-82-B9-E3-82-AF-E3-83-AA-E3-83-BC-E3-83-B3-E3-82-B7-E3-83-A7-E3-83-83-E3-83-88-202022-09-03-201-42-41_jpg.rf.f14de701f2e71c730e55abe63fa0e694.txt,80,d925ed0d9e530579e2816537014f9006ad73b95d1e1f1ce6b4ba0a6fa5012c8e
VADD(minmaldataset)/val/labels/-E3-82-B9-E3-82-AF-E3-83-AA-E3-83-BC-E3-83-B3-E3-82-B7-E3-83-A7-E3-83-83-E3-83-88-202022-09-03-201-45-54_jpg.rf.2fe8ad1da96afbe5dd7c1b07f5651b6b.txt,78,28b6b91339e5ffec2c567d742c570fe810e1f384644596fef64059dbc03d9079
VADD(minmaldataset)/val/labels/-E3-82-B9-E3-82-AF-E3-83-AA-E3-83-BC-E3-83-B3-E3-82-B7-E3-83-A7-E3-83-83-E3-83-88-202022-09-03-2017-17-36_jpg.rf.4b303cb527116ff4560e16e9d99e791d.txt,55,d299f3340740a0371cbb228bfad4e6a81adffe52819bc01271c5c1c9e88f3212
VADD(minmaldataset)/val/labels/-E3-82-B9-E3-82-AF-E3-83-AA-E3-83-BC-E3-83-B3-E3-82-B7-E3-83-A7-E3-83-83-E3-83-88-202022-09-03-2017-24-05_jpg.rf.316a65e22046de7294beeb12dcfb337c.txt,79,911c19835f0356995afa1e4695f0237a4d53d76ce0bb02129e403b2e7938be20
VADD(minmaldataset)/val/labels/-E3-82-B9-E3-82-AF-E3-83-AA-E3-83-BC-E3-83-B3-E3-82-B7-E3-83-A7-E3-83-83-E3-83-88-202022-09-03-2017-33-46_jpg.rf.765b90de2981f970cc35d2251bd62e14.txt,40,bf20d46307caa8e15317031cc83efefef8e55176787c14a7e9503865de4db115
VADD(minmaldataset)/val/labels/-E3-82-B9-E3-82-AF-E3-83-AA-E3-83-BC-E3-83-B3-E3-82-B7-E3-83-A7-E3-83-83-E3-83-88-202022-09-03-2017-34-43_jpg.rf.ecef51c8888eab3a9dcdd85ee99d4595.txt,80,5792357748fd0ac658eeac3fdcefe4661b08be0913487f4e160f587bdf72b4df
VADD(minmaldataset)/val/labels/-E3-82-B9-E3-82-AF-E3-83-AA-E3-83-BC-E3-83-B3-E3-82-B7-E3-83-A7-E3-83-83-E3-83-88-202022-09-03-202-27-13_jpg.rf.b00355298d306692a4678a9f5463ce2c.txt,79,f61a33ba2185ff6929ca84e7ab2dd05e9095ebc386b199b94d4df5413416a2dd
VADD(minmaldataset)/val/labels/-E3-82-B9-E3-82-AF-E3-83-AA-E3-83-BC-E3-83-B3-E3-82-B7-E3-83-A7-E3-83-83-E3-83-88-202022-09-03-202-28-25_jpg.rf.c6d57bd317160a3e73e7faeb6d820375.txt,81,50e980267faccde74db5ee67cef805089d885b6c1c442c4f21f678c751e9883f
VADD(minmaldataset)/val/labels/-E3-82-B9-E3-82-AF-E3-83-AA-E3-83-BC-E3-83-B3-E3-82-B7-E3-83-A7-E3-83-83-E3-83-88-202022-09-03-202-49-36_jpg.rf.0d0d5ba923b9ad2ea61b80e8c2ebbd90.txt,38,5ae03c04fcb7af5488600deffe0ddaf58b12c68cd865cbfc6e8d9be80045b93e
VADD(minmaldataset)/val/labels/-E3-82-B9-E3-82-AF-E3-83-AA-E3-83-BC-E3-83-B3-E3-82-B7-E3-83-A7-E3-83-83-E3-83-88-202022-09-03-203-03-14_jpg.rf.fa551f5b944828fa89cf74e37ee813d1.txt,41,96d8519f144d8859b12d0b16577dfe1a2829a2f86be9a38f15de21c61126b419
VADD(minmaldataset)/val/labels/-E3-82-B9-E3-82-AF-E3-83-AA-E3-83-BC-E3-83-B3-E3-82-B7-E3-83-A7-E3-83-83-E3-83-88-202022-09-03-203-06-09_jpg.rf.5da4873812f2056f0454bbf4e04ce454.txt,62,7df68a540281b2da65470313610e0465d68c89dbc1158ec5b549cc6dd2746f12
VADD(minmaldataset)/val/labels/-E3-82-B9-E3-82-AF-E3-83-AA-E3-83-BC-E3-83-B3-E3-82-B7-E3-83-A7-E3-83-83-E3-83-88-202022-09-03-203-06-09_jpg.rf.ba47d090dcae3fecb318f506e0705553.txt,80,643761f6e0ecedf995552b906e83f33467cffdfefa215d23a46d26c4fecc005e
VADD(minmaldataset)/val/labels/-E3-82-B9-E3-82-AF-E3-83-AA-E3-83-BC-E3-83-B3-E3-82-B7-E3-83-A7-E3-83-83-E3-83-88-202022-09-03-203-13-05_jpg.rf.21b730caa6352cc117730166acfc154a.txt,64,516ff3f01055f2e6e2f45a716b6e3f92dd91b256de205c135debcadd4f441366
VADD(minmaldataset)/val/labels/-E3-82-B9-E3-82-AF-E3-83-AA-E3-83-BC-E3-83-B3-E3-82-B7-E3-83-A7-E3-83-83-E3-83-88-202022-09-05-2022-38-41_jpg.rf.db8e454394ef7c94afe3aa7fa1dfc318.txt,68,fdfdc51ba2a82df8248ddd46436c5288c3a42f710ad35d072b88f0ee29cf8460
VADD(minmaldataset)/val/labels/-E3-82-B9-E3-82-AF-E3-83-AA-E3-83-BC-E3-83-B3-E3-82-B7-E3-83-A7-E3-83-83-E3-83-88-202022-09-05-2022-43-45_jpg.rf.5f726ca3ad4a41872bda78da4a43e46b.txt,82,d442e7394c6b06eb39d91a35ecd16e5d2cf5cb564cf496cf86208c548ec65ab3
VADD(minmaldataset)/val/labels/-E3-82-B9-E3-82-AF-E3-83-AA-E3-83-BC-E3-83-B3-E3-82-B7-E3-83-A7-E3-83-83-E3-83-88-202022-09-05-2022-48-38_jpg.rf.bd6557963c1f58ba7d4d309bdb3c3e45.txt,39,bd9c851a6b9db2bdf47256812c99d20ba95ee4fd5f28f0fea0965bb50bfe5ecc
VADD(minmaldataset)/val/labels/-E3-82-B9-E3-82-AF-E3-83-AA-E3-83-BC-E3-83-B3-E3-82-B7-E3-83-A7-E3-83-83-E3-83-88-202022-09-05-2022-54-46_jpg.rf.46ef2bec97f67d167ea09cb70c00d11a.txt,81,0a27f0df891b45d2ee605df07ffc7723649b90ba2d8485f745910a5f23f76da6
VADD(minmaldataset)/val/labels/-E3-82-B9-E3-82-AF-E3-83-AA-E3-83-BC-E3-83-B3-E3-82-B7-E3-83-A7-E3-83-83-E3-83-88-202022-09-05-2022-54-46_jpg.rf.6bdcf68798e601363d1ebc2d8b8ee909.txt,59,b9097075bc69c1a6a9435670b92c77cfa01c41c2cb245e96f97084d8e795107b
VADD(minmaldataset)/val/labels/-E3-82-B9-E3-82-AF-E3-83-AA-E3-83-BC-E3-83-B3-E3-82-B7-E3-83-A7-E3-83-83-E3-83-88-202022-09-05-2022-55-36_jpg.rf.aa9e5ba355a1fbe18ae133d13a583f80.txt,80,b352abb89825f6dd03e872c57e2894d7749be28bc0578c6c24518734598110ff
VADD(minmaldataset)/val/labels/-E3-82-B9-E3-82-AF-E3-83-AA-E3-83-BC-E3-83-B3-E3-82-B7-E3-83-A7-E3-83-83-E3-83-88-202022-09-05-2022-57-14_jpg.rf.ad3cf6f0975d1bb47296d5eeb9e1ab50.txt,80,16faf022911b2606df14caffd29ca873ce906db84bb167c0ac380571777b3c5d
VADD(minmaldataset)/val/labels/-E3-82-B9-E3-82-AF-E3-83-AA-E3-83-BC-E3-83-B3-E3-82-B7-E3-83-A7-E3-83-83-E3-83-88-202022-09-05-2023-03-43_jpg.rf.405ad061e12a08ab0d8017453935fdc8.txt,67,f53717003de351abd8a26aac0c7145109147a937cbfe285c763da23b44920cb6
VADD(minmaldataset)/val/labels/-E3-82-B9-E3-82-AF-E3-83-AA-E3-83-BC-E3-83-B3-E3-82-B7-E3-83-A7-E3-83-83-E3-83-88-202022-09-05-2023-04-10_jpg.rf.ec397774debf306d8bada096813cc79f.txt,60,ba2b4954be3036a209b46286b94838eb3851b17c2cb9f57de91e01a335efc19a
VADD(minmaldataset)/val/labels/-E3-82-B9-E3-82-AF-E3-83-AA-E3-83-BC-E3-83-B3-E3-82-B7-E3-83-A7-E3-83-83-E3-83-88-202022-09-05-2023-15-43_jpg.rf.e5c9fc2a7d16bc860e64b1b343cdb97c.txt,62,af382b93eae57b4c59965fcba05dd330c9099f61e18e0961713469bc3eb6817e
VADD(minmaldataset)/val/labels/-E3-82-B9-E3-82-AF-E3-83-AA-E3-83-BC-E3-83-B3-E3-82-B7-E3-83-A7-E3-83-83-E3-83-88-202022-09-05-2023-20-31_jpg.rf.d06425a4faca8032f8e94492969a8c24.txt,79,af17387a18045e57cf7140771b35ac338843efd21af550f101fcac59ab4a6e0d
VADD(minmaldataset)/val/labels/-E3-82-B9-E3-82-AF-E3-83-AA-E3-83-BC-E3-83-B3-E3-82-B7-E3-83-A7-E3-83-83-E3-83-88-202022-09-05-2023-21-25_jpg.rf.8d98889813e34baeacd6d17c3ecc1899.txt,60,4c03127cdec7b6380fb181080c2e8714e5be90a3703a4d6f12952a92e6edfcb3
VADD(minmaldataset)/val/labels/-E3-82-B9-E3-82-AF-E3-83-AA-E3-83-BC-E3-83-B3-E3-82-B7-E3-83-A7-E3-83-83-E3-83-88-202022-09-05-2023-21-31_jpg.rf.9a5be5501083748c5e6a5d10283d354d.txt,81,051e3b1367b31a2eb4edc4e1cffa6f62b8bce50c425e99c5a1e0f129aaae7ec7
VADD(minmaldataset)/val/labels/-E3-82-B9-E3-82-AF-E3-83-AA-E3-83-BC-E3-83-B3-E3-82-B7-E3-83-A7-E3-83-83-E3-83-88-202022-09-05-2023-39-11_jpg.rf.44ac406675cceb2ac224aaa2386d2610.txt,34,0ca1774ef52f806fe2bf2972f68fb576cb8588478601159598a9597380c088af
VADD(minmaldataset)/val/labels/-E3-82-B9-E3-82-AF-E3-83-AA-E3-83-BC-E3-83-B3-E3-82-B7-E3-83-A7-E3-83-83-E3-83-88-202022-09-05-2023-41-03_jpg.rf.f56bf66a9bf489fc38a5e34fe77a07bb.txt,61,7c10d0b30996faa48dfe2f5298081ef44fc39954b2f91972f465e8fec0273a21
VADD(minmaldataset)/val/labels/-E3-82-B9-E3-82-AF-E3-83-AA-E3-83-BC-E3-83-B3-E3-82-B7-E3-83-A7-E3-83-83-E3-83-88-202022-09-05-2023-41-25_jpg.rf.19bb68d1944694799f6b7e0973134c71.txt,43,fd2e755235875bbaf3f5e40e31c709910841a48097923f0b4f0bf51b5afd47fd
VADD(minmaldataset)/val/labels/-E3-82-B9-E3-82-AF-E3-83-AA-E3-83-BC-E3-83-B3-E3-82-B7-E3-83-A7-E3-83-83-E3-83-88-202022-09-05-2023-41-31_jpg.rf.e4abeeee0fb2cabd1ec60e51a64c22d0.txt,68,79e6cb81e8bfa7f55c8e08caf70c7c069706de221c12dfe9f1658b2e84c61933
VADD(minmaldataset)/val/labels/-E3-82-B9-E3-82-AF-E3-83-AA-E3-83-BC-E3-83-B3-E3-82-B7-E3-83-A7-E3-83-83-E3-83-88-202022-09-05-2023-43-38_jpg.rf.781a9c8cde268e8dd004a435b99f4eaa.txt,36,6cf48fa932730769cddb8428d63dddd868c4ecd70593aa8263948f9084c29a3d
VADD(minmaldataset)/val/labels/-E3-82-B9-E3-82-AF-E3-83-AA-E3-83-BC-E3-83-B3-E3-82-B7-E3-83-A7-E3-83-83-E3-83-88-202022-09-09-2022-27-40_jpg.rf.8ab21af4382692edc99d9d7238074256.txt,80,751df82168fdfa2b24b9e955789c084015e3c3a4eccb7138f934b70072a2080e
VADD(minmaldataset)/val/labels/-E3-82-B9-E3-82-AF-E3-83-AA-E3-83-BC-E3-83-B3-E3-82-B7-E3-83-A7-E3-83-83-E3-83-88-202022-09-09-2022-31-49_jpg.rf.db5184972269cfa727a8724d563321b6.txt,41,b7c849c8ce01944ac46b5cac45dd086a2c3e32fdbaaa908c8dd0cd6b31f355c1
VADD(minmaldataset)/val/labels/-E3-82-B9-E3-82-AF-E3-83-AA-E3-83-BC-E3-83-B3-E3-82-B7-E3-83-A7-E3-83-83-E3-83-88-202022-09-09-2022-35-32_jpg.rf.e8ae67bd8884c1d16eafc943a4faaa1b.txt,80,42053933ef9c483baca2a5aab2a4ac8b8f55b231471f81a892aff7ae8a14c978
VADD(minmaldataset)/val/labels/-E3-82-B9-E3-82-AF-E3-83-AA-E3-83-BC-E3-83-B3-E3-82-B7-E3-83-A7-E3-83-83-E3-83-88-202022-09-09-2022-39-25_jpg.rf.676a66b54f422ad8b2d9d95010f35319.txt,81,99dfbdcb9ba560510fd421c5e2dc5fbf8fbba691944139390e870370e34234c2
VADD(minmaldataset)/val/labels/-E3-82-B9-E3-82-AF-E3-83-AA-E3-83-BC-E3-83-B3-E3-82-B7-E3-83-A7-E3-83-83-E3-83-88-202022-09-09-2022-39-25_jpg.rf.bc132a96b365c136c1fd488e13297223.txt,41,807dff9fd41aee5eefa248283bc21ab2ad550355d8bade276dde83e63c8b7563
VADD(minmaldataset)/val/labels/-E3-82-B9-E3-82-AF-E3-83-AA-E3-83-BC-E3-83-B3-E3-82-B7-E3-83-A7-E3-83-83-E3-83-88-202022-09-12-2018-04-41_jpg.rf.1a72102e70b35e5b9bb817dbac0d14fc.txt,69,c7684e4869c5c12f35571d0a62ca5d5e93c091bb9737042df2d5b9dd556c6033
VADD(minmaldataset)/val/labels/-E3-82-B9-E3-82-AF-E3-83-AA-E3-83-BC-E3-83-B3-E3-82-B7-E3-83-A7-E3-83-83-E3-83-88-202022-09-12-2018-07-55_jpg.rf.7728ec9796ebd389635180e35b90520f.txt,82,c9d22dfd95c1ea41d01680caaa5488e6ed6999e6d4f6e95ca94156b0e0afafab
VADD(minmaldataset)/val/labels/-E3-82-B9-E3-82-AF-E3-83-AA-E3-83-BC-E3-83-B3-E3-82-B7-E3-83-A7-E3-83-83-E3-83-88-202022-09-13-200-03-07_jpg.rf.29b35df64e6c7e86fde53bfb9b8e1001.txt,79,60bf4950cfb1636d07df54bd69545b8253b441828192b5059de53972b54027df
VADD(minmaldataset)/val/labels/-E3-82-B9-E3-82-AF-E3-83-AA-E3-83-BC-E3-83-B3-E3-82-B7-E3-83-A7-E3-83-83-E3-83-88-202022-09-13-200-22-30_jpg.rf.dae5bd86106789be47fc3921aa4e33bb.txt,113,066bd8180d98d9985f18f939ac1e81c4d5a46ef7108c6c30f87024557f30a1fb
VADD(minmaldataset)/val/labels/-E3-82-B9-E3-82-AF-E3-83-AA-E3-83-BC-E3-83-B3-E3-82-B7-E3-83-A7-E3-83-83-E3-83-88-202022-09-13-200-34-06_jpg.rf.43dc1ab52011eb67d8389bf76571284d.txt,61,3d643394af500ba56810371d11754d47abaae5c8ad493badd43782afd4d8a38c
VADD(minmaldataset)/val/labels/-E3-82-B9-E3-82-AF-E3-83-AA-E3-83-BC-E3-83-B3-E3-82-B7-E3-83-A7-E3-83-83-E3-83-88-202022-09-13-200-37-20_jpg.rf.fb971da797185a83eef036ea40007846.txt,78,6696112ad66a167f52ee71b054e9c19ec6cc43b9e29126d5f9fcee253cc16083
VADD(minmaldataset)/val/labels/-E3-82-B9-E3-82-AF-E3-83-AA-E3-83-BC-E3-83-B3-E3-82-B7-E3-83-A7-E3-83-83-E3-83-88-202022-09-13-200-57-16_jpg.rf.008a625b869e2d61f8ac1649476ed2b7.txt,120,9a856c8b33267e07f69972c5877e4b0706eafd9213b6bad07f121cb54a6d162b
VADD(minmaldataset)/val/labels/-E3-82-B9-E3-82-AF-E3-83-AA-E3-83-BC-E3-83-B3-E3-82-B7-E3-83-A7-E3-83-83-E3-83-88-202022-09-13-200-57-16_jpg.rf.42861c77b6af6b81f5db2b8ab133d8bd.txt,160,2d549e9c79d9e2a9980deee092b3f8f6e234e9edfca776f0e2a4c50b124ac423
VADD(minmaldataset)/val/labels/-E3-82-B9-E3-82-AF-E3-83-AA-E3-83-BC-E3-83-B3-E3-82-B7-E3-83-A7-E3-83-83-E3-83-88-202022-09-13-201-01-33_jpg.rf.1b2e35bfbee989b2680344cfcea9f199.txt,78,565822075f62ba1817696be0823fb6d6234ee8251adc77ffd870ce86a130228c
VADD(minmaldataset)/val/labels/-E3-82-B9-E3-82-AF-E3-83-AA-E3-83-BC-E3-83-B3-E3-82-B7-E3-83-A7-E3-83-83-E3-83-88-202022-09-13-201-04-50_jpg.rf.1e04ad393eee695be87797627eb94b63.txt,113,37aaf00e3b63ebddcf4494afd5316e4b19a39cf2ff9b317297e6c3e2fc89dac5
VADD(minmaldataset)/val/labels/-E3-82-B9-E3-82-AF-E3-83-AA-E3-83-BC-E3-83-B3-E3-82-B7-E3-83-A7-E3-83-83-E3-83-88-202022-09-13-201-46-35_jpg.rf.90635b71bab725d5cdbd0b0e1434e801.txt,79,d3eb78275a4bb859e711d0addc0b503800b38b4d35c1f1e5ac4223c30423f621
VADD(minmaldataset)/val/labels/-E3-82-B9-E3-82-AF-E3-83-AA-E3-83-BC-E3-83-B3-E3-82-B7-E3-83-A7-E3-83-83-E3-83-88-202022-09-13-202-07-24_jpg.rf.8e2f0194d58c2c2b71c9afebbeb668d3.txt,117,c0711b74d150b07a19dcc8727040cbcb4827717d0f5b98e3a8346347a4777f6d
VADD(minmaldataset)/val/labels/-E3-82-B9-E3-82-AF-E3-83-AA-E3-83-BC-E3-83-B3-E3-82-B7-E3-83-A7-E3-83-83-E3-83-88-202022-09-13-202-09-47_jpg.rf.409961e2442d7c281715f678f28cb8bc.txt,60,96d06746387e501f3ba6db1caf4344f91fab45fe64c7e284ef44bbf515af13f3
VADD(minmaldataset)/val/labels/-E3-82-B9-E3-82-AF-E3-83-AA-E3-83-BC-E3-83-B3-E3-82-B7-E3-83-A7-E3-83-83-E3-83-88-202022-09-13-202-09-47_jpg.rf.ae60a3d4d5c0e34a5cf9d535b6431a72.txt,66,51206b5c4f5814148cfedbb3b4e4fd82053e4ab69d60baf7979f839c469a8e79
VADD(minmaldataset)/val/labels/-E3-82-B9-E3-82-AF-E3-83-AA-E3-83-BC-E3-83-B3-E3-82-B7-E3-83-A7-E3-83-83-E3-83-88-202022-09-15-201-20-44_jpg.rf.290cf67a3bce8f73ea2e88eef09e1024.txt,41,27907596dce353116aef9368da5ccb3abfc763e74552331d082ffffd491596a5
VADD(minmaldataset)/val/labels/-E3-82-B9-E3-82-AF-E3-83-AA-E3-83-BC-E3-83-B3-E3-82-B7-E3-83-A7-E3-83-83-E3-83-88-202022-09-15-201-21-26_jpg.rf.d8d819570791794c8146a3c591d12c06.txt,110,b089f917a74df13776f1674f152ba880fe734d2e6865c2ae7d98df65c8388e46
VADD(minmaldataset)/val/labels/-E3-82-B9-E3-82-AF-E3-83-AA-E3-83-BC-E3-83-B3-E3-82-B7-E3-83-A7-E3-83-83-E3-83-88-202022-09-15-201-24-07_jpg.rf.3d645622d39c02c02c8c30640b2e6030.txt,228,eec4112f3ac1789873547348171eab4385f7c32f83c7c820b6676e9fb1475b2f
VADD(minmaldataset)/val/labels/-E3-82-B9-E3-82-AF-E3-83-AA-E3-83-BC-E3-83-B3-E3-82-B7-E3-83-A7-E3-83-83-E3-83-88-202022-09-15-201-25-21_jpg.rf.dadf7db4777359f8726c26b3aa6f0c7c.txt,35,1997afa4c81a83015db5a62f7b8755ca7a87d971cb15f1e5b9c291056c1e58e3
VADD(minmaldataset)/val/labels/-E3-82-B9-E3-82-AF-E3-83-AA-E3-83-BC-E3-83-B3-E3-82-B7-E3-83-A7-E3-83-83-E3-83-88-202022-09-15-201-28-01_jpg.rf.140c09157f392a7b583bc8a516d2f1ae.txt,135,3b17a8d6bcd2e37435a329a66ddd3de5419f59de9f7b8aea58e84d9e3710e58b
VADD(minmaldataset)/val/labels/-E3-82-B9-E3-82-AF-E3-83-AA-E3-83-BC-E3-83-B3-E3-82-B7-E3-83-A7-E3-83-83-E3-83-88-202022-09-15-201-29-37_jpg.rf.11bb5f39816ffeeb67f62a0c44ace725.txt,40,27831405c8f3798e0be087e8c2032e41fb5c516aedb5dbcbb37a01c511cddaa9
VADD(minmaldataset)/val/labels/-E3-82-B9-E3-82-AF-E3-83-AA-E3-83-BC-E3-83-B3-E3-82-B7-E3-83-A7-E3-83-83-E3-83-88-202022-09-15-201-32-27_jpg.rf.5361aa7ada06c2157a857523f811da90.txt,138,7f933fad88f15bba9290c38b26bda03c0a49db93dc8d1cb998df9a457708cad6
VADD(minmaldataset)/val/labels/-E3-82-B9-E3-82-AF-E3-83-AA-E3-83-BC-E3-83-B3-E3-82-B7-E3-83-A7-E3-83-83-E3-83-88-202022-09-15-201-36-54_jpg.rf.28cb947ba981e08841ed15a391258dc4.txt,107,2d2adb4f738645a6a9727b4b720f947b5a7525d9ce34b72c7b4015fc854bc4f7
VADD(minmaldataset)/val/labels/-E3-82-B9-E3-82-AF-E3-83-AA-E3-83-BC-E3-83-B3-E3-82-B7-E3-83-A7-E3-83-83-E3-83-88-202022-09-15-201-37-33_jpg.rf.71ac74007fb68b3af24392f18daad854.txt,146,3cbdcd4ac026485889c1bf220a0f11b974a2c237cbdd45362a0c88bda81822ef
VADD(minmaldataset)/val/labels/-E3-82-B9-E3-82-AF-E3-83-AA-E3-83-BC-E3-83-B3-E3-82-B7-E3-83-A7-E3-83-83-E3-83-88-202022-09-15-201-45-24_jpg.rf.38c44f2ccb4aaa2d11fe74901de8e3b4.txt,122,03dce9a93478e2ac6c6814f2f7f1f83402aff4979a4003ec9cc7f9eecaa0d1ab
VADD(minmaldataset)/val/labels/-E3-82-B9-E3-82-AF-E3-83-AA-E3-83-BC-E3-83-B3-E3-82-B7-E3-83-A7-E3-83-83-E3-83-88-202022-09-15-201-53-33_jpg.rf.d480c02e3e19fa199421806fb2ef2ecd.txt,85,d041835d96748d26a79d56790b17f997afac8ff88f4ce660198d9d3b82739bec
VADD(minmaldataset)/val/labels/-E3-82-B9-E3-82-AF-E3-83-AA-E3-83-BC-E3-83-B3-E3-82-B7-E3-83-A7-E3-83-83-E3-83-88-202022-09-15-2023-55-52_jpg.rf.0ec4845ab15960bfadd1ead52ecc4608.txt,163,5eb5f36165f4d1a8f67eef641ddfe99a0d583335f94ed42c233fb4d09bcdccd4
VADD(minmaldataset)/val/labels/-E3-82-B9-E3-82-AF-E3-83-AA-E3-83-BC-E3-83-B3-E3-82-B7-E3-83-A7-E3-83-83-E3-83-88-202022-09-15-2023-57-29_jpg.rf.b703f3948642995ea1c7099103530ce4.txt,121,a08d3df5e2e31e4a3b543f23b31de7d77e4d1a7ae1f6c53b5e800f40bc06338d
VADD(minmaldataset)/val/labels/-E3-82-B9-E3-82-AF-E3-83-AA-E3-83-BC-E3-83-B3-E3-82-B7-E3-83-A7-E3-83-83-E3-83-88-202022-09-15-2023-58-05_jpg.rf.95dd836898acbe05b7f56de4ca4db139.txt,78,1e5e7dba368026ac4dfd3191db31a38b309aa667c0ae90c5f38f61d3bdd89b45
VADD(minmaldataset)/val/labels/-E3-82-B9-E3-82-AF-E3-83-AA-E3-83-BC-E3-83-B3-E3-82-B7-E3-83-A7-E3-83-83-E3-83-88-202022-09-16-200-09-07_jpg.rf.50487d4800d69bbda19965089022c2ae.txt,80,e94e86a91039e7cc6620de451176527d22a18e31215f4b096c20087878499fe7
VADD(minmaldataset)/val/labels/-E3-82-B9-E3-82-AF-E3-83-AA-E3-83-BC-E3-83-B3-E3-82-B7-E3-83-A7-E3-83-83-E3-83-88-202022-09-16-200-10-10_jpg.rf.6b0230ed4220c7ed7c46db4d9c594c8f.txt,139,d49fd3110102a04c41f0020134e41725c5d5be648b54a75e5716edded9bdf4a6
VADD(minmaldataset)/val/labels/-E3-82-B9-E3-82-AF-E3-83-AA-E3-83-BC-E3-83-B3-E3-82-B7-E3-83-A7-E3-83-83-E3-83-88-202022-09-16-200-14-58_jpg.rf.7c324369cf6568c8d823da83e0977456.txt,114,dc0fa198a5c976f049823739e1be100af5166ea495dcfcad444a4f306444bcf6
VADD(minmaldataset)/val/labels/-E3-82-B9-E3-82-AF-E3-83-AA-E3-83-BC-E3-83-B3-E3-82-B7-E3-83-A7-E3-83-83-E3-83-88-202022-09-16-200-14-58_jpg.rf.d5a5bcd259b7ac024d11a85671bc73f6.txt,162,8e606955977a104629af7176cd0ecac0497efbb26ab665fc5798734fcdd0519a
VADD(minmaldataset)/val/labels/-E3-82-B9-E3-82-AF-E3-83-AA-E3-83-BC-E3-83-B3-E3-82-B7-E3-83-A7-E3-83-83-E3-83-88-202022-09-16-200-32-39_jpg.rf.22d6984c01d4f2566384938d0a9d46ac.txt,81,a7e12f1931c5525ec8cdf65b721617eb802dc2a4a29ee34ab36e80e21447a03f
VADD(minmaldataset)/val/labels/-E3-82-B9-E3-82-AF-E3-83-AA-E3-83-BC-E3-83-B3-E3-82-B7-E3-83-A7-E3-83-83-E3-83-88-202022-09-16-200-37-47_jpg.rf.3261fa6886b6438e8b030cd1e953a6fe.txt,107,a6a76a0529db516e204f82f820f1712699e965cf1992ab47c23bd4f1fe7d7c5c
VADD(minmaldataset)/val/labels/-E3-82-B9-E3-82-AF-E3-83-AA-E3-83-BC-E3-83-B3-E3-82-B7-E3-83-A7-E3-83-83-E3-83-88-202022-09-16-200-41-35_jpg.rf.3c1f1c82d92196b4e614992883ce6df1.txt,123,7347333a03d46c2ffeece871a671888444a2db79e377a6866d06b5cebe59e941
VADD(minmaldataset)/val/labels/-E3-82-B9-E3-82-AF-E3-83-AA-E3-83-BC-E3-83-B3-E3-82-B7-E3-83-A7-E3-83-83-E3-83-88-202022-09-16-200-54-24_jpg.rf.df7804077669d0d78660b2f37398d255.txt,83,b141c36c4eb5712a98bff7047ba7f4a517b1649f8a277793f8afef46435bdb35
VADD(minmaldataset)/val/labels/-E3-82-B9-E3-82-AF-E3-83-AA-E3-83-BC-E3-83-B3-E3-82-B7-E3-83-A7-E3-83-83-E3-83-88-202022-09-16-200-57-10_jpg.rf.2889b289b1ba7db1a77b2dee1b4b6adc.txt,59,1561fc382ab5a22ec99d8eafa19f74db10c7538d6c26f059ff4b41dc993c0ef4
VADD(minmaldataset)/val/labels/-E3-82-B9-E3-82-AF-E3-83-AA-E3-83-BC-E3-83-B3-E3-82-B7-E3-83-A7-E3-83-83-E3-83-88-202022-09-16-201-00-02_jpg.rf.58ddc00b8fbcf6c251e6ce314a263dcd.txt,80,c442636873de4e060106a1db21d9ad5bbee1f33648742dcaebd1d763dfddee9f
VADD(minmaldataset)/val/labels/-E3-82-B9-E3-82-AF-E3-83-AA-E3-83-BC-E3-83-B3-E3-82-B7-E3-83-A7-E3-83-83-E3-83-88-202022-09-16-201-00-02_jpg.rf.fa347f73e8a99d2c0df24a7f9f5ede10.txt,40,c628e752af2e2ef75be8cba6b02cf8e137c6dd73c897f9035c1a32ddf39701ac
VADD(minmaldataset)/val/labels/-E3-82-B9-E3-82-AF-E3-83-AA-E3-83-BC-E3-83-B3-E3-82-B7-E3-83-A7-E3-83-83-E3-83-88-202022-09-16-201-19-06_jpg.rf.0fa03e0e8a856fef2a8d0f3454346375.txt,118,521b184d9efdbfa432369e8c2087381bc08d9f8f7103204714b7b6378a7efef4
VADD(minmaldataset)/val/labels/-E3-82-B9-E3-82-AF-E3-83-AA-E3-83-BC-E3-83-B3-E3-82-B7-E3-83-A7-E3-83-83-E3-83-88-202022-09-16-201-19-37_jpg.rf.f8e5536d9ff86bdbc571f6de600b05ba.txt,61,611892ccd973412511e5302a11c23f09bf9d4c5ab93ce57fb399055fe99968d3
VADD(minmaldataset)/val/labels/-E3-82-B9-E3-82-AF-E3-83-AA-E3-83-BC-E3-83-B3-E3-82-B7-E3-83-A7-E3-83-83-E3-83-88-202022-09-16-201-27-32_jpg.rf.cdf8464d22fe50b54caceda1c3fcb882.txt,137,fb7fe97adee76653b529cb09f8ed087827fe148ad7c885f1d4936bcd3de9cb3e
VADD(minmaldataset)/val/labels/-E3-82-B9-E3-82-AF-E3-83-AA-E3-83-BC-E3-83-B3-E3-82-B7-E3-83-A7-E3-83-83-E3-83-88-202022-09-16-2017-06-38_jpg.rf.7e92a290a36f6c663914d004c9be9e8c.txt,83,c870860eade851b785ade92da0221a9b439bc68c45907572b5aba807699e7fe1
VADD(minmaldataset)/val/labels/-E3-82-B9-E3-82-AF-E3-83-AA-E3-83-BC-E3-83-B3-E3-82-B7-E3-83-A7-E3-83-83-E3-83-88-202022-09-16-2017-10-32_jpg.rf.c88d811e455171df5215a7e9cdeb695d.txt,79,7ac1093c858ad243baa51adaaaa6063e171cbddf3dd45314da7b547767d08e7d
VADD(minmaldataset)/val/labels/-E3-82-B9-E3-82-AF-E3-83-AA-E3-83-BC-E3-83-B3-E3-82-B7-E3-83-A7-E3-83-83-E3-83-88-202022-09-16-2017-12-46_jpg.rf.e2a3cc8cd6e95448c691e6eaa863d973.txt,79,697704e61d6853f7618058ea8915e2e9a62fec0955f7ab7d25a5420cc4e1bb7e
VADD(minmaldataset)/val/labels/-E3-82-B9-E3-82-AF-E3-83-AA-E3-83-BC-E3-83-B3-E3-82-B7-E3-83-A7-E3-83-83-E3-83-88-202022-09-16-2017-12-58_jpg.rf.226b7529582076dedf3914511119554a.txt,148,80e9492374e7d50483a7966da3a58a2d5c28632766b080744b7f66f8fb7ec868
VADD(minmaldataset)/val/labels/-E3-82-B9-E3-82-AF-E3-83-AA-E3-83-BC-E3-83-B3-E3-82-B7-E3-83-A7-E3-83-83-E3-83-88-202022-09-16-2017-12-58_jpg.rf.d789fd87b09cb885adc49260fc53ae5f.txt,103,9c8b1ebf9a455e06f0d9252afcd239d59437d358d30549f6f9b7b0eeed3238e3
VADD(minmaldataset)/val/labels/-E3-82-B9-E3-82-AF-E3-83-AA-E3-83-BC-E3-83-B3-E3-82-B7-E3-83-A7-E3-83-83-E3-83-88-202022-09-16-2017-29-42_jpg.rf.29f597d6b436e28b1528e0ae7f0ab48e.txt,81,67d5661314b81d596b27ce96ec1ca1237bfe2580be0c05ff8544795e0d8d7347
VADD(minmaldataset)/val/labels/-E3-82-B9-E3-82-AF-E3-83-AA-E3-83-BC-E3-83-B3-E3-82-B7-E3-83-A7-E3-83-83-E3-83-88-202022-09-16-2017-37-40_jpg.rf.b5e1af7bf9c688d560d27a49dc28082a.txt,147,457aaf6ee36b3866b9b70185ad65c17cdce7bff9eb737283045c35aad53ec156
VADD(minmaldataset)/val/labels/-E3-82-B9-E3-82-AF-E3-83-AA-E3-83-BC-E3-83-B3-E3-82-B7-E3-83-A7-E3-83-83-E3-83-88-202022-09-16-202-00-37_jpg.rf.f1b6a5fdce8829b97301cf087907d32d.txt,80,b5056e9d6aa77eab08dbb872fcddce2a22922491c765968f611e017fc82e0a35
VADD(minmaldataset)/val/labels/-E3-82-B9-E3-82-AF-E3-83-AA-E3-83-BC-E3-83-B3-E3-82-B7-E3-83-A7-E3-83-83-E3-83-88-202022-09-16-202-01-49_jpg.rf.d4eb70c4b6c81bd8d022a8c846402bb8.txt,76,f3bc80c0a1121d7e0067aff360faedaa0a23bf319f2aa03ab17828abee34464e
VADD(minmaldataset)/val/labels/-E3-82-B9-E3-82-AF-E3-83-AA-E3-83-BC-E3-83-B3-E3-82-B7-E3-83-A7-E3-83-83-E3-83-88-202022-09-16-202-02-01_jpg.rf.6d36a85cf54f7fd6fdecb0d3de1d395c.txt,152,a86e16e3a10a87eefd0f0c8616ac9bc3d36ff4569ff1717ddd8577a6dc4ceb5d
VADD(minmaldataset)/val/labels/-E3-82-B9-E3-82-AF-E3-83-AA-E3-83-BC-E3-83-B3-E3-82-B7-E3-83-A7-E3-83-83-E3-83-88-202022-09-16-2022-33-40_jpg.rf.1ff5ad2bf42c8656de3bc55eb21ff22c.txt,112,5a0d393255c2fe39e4ea3c1f27f61535b53d8961249de62384335a56527ddbfa
VADD(minmaldataset)/val/labels/-E3-82-B9-E3-82-AF-E3-83-AA-E3-83-BC-E3-83-B3-E3-82-B7-E3-83-A7-E3-83-83-E3-83-88-202022-09-16-2022-40-59_jpg.rf.c5627dbdd28bab938a4b19ef28471020.txt,81,e99f0ed0b4159c3c5d3b70528bb3e121b12d932a45343537d2faabde5afb537d
VADD(minmaldataset)/val/labels/-E3-82-B9-E3-82-AF-E3-83-AA-E3-83-BC-E3-83-B3-E3-82-B7-E3-83-A7-E3-83-83-E3-83-88-202022-09-16-2022-44-21_jpg.rf.3e0d05d56bf87eff3e70114867810bdb.txt,73,5c997acceecf0fefaebeb2c7b3763a5e820ba00c682b8b2ba3baa62d300e272c
VADD(minmaldataset)/val/labels/-E3-82-B9-E3-82-AF-E3-83-AA-E3-83-BC-E3-83-B3-E3-82-B7-E3-83-A7-E3-83-83-E3-83-88-202022-09-16-2022-48-01_jpg.rf.b1cdb7fc97a741152681ffdceca642f3.txt,78,cf5aa5ae6f923f452d5a72e8a5e44932a81fa3d6b974daa2e20bcaaa12cf9fac
VADD(minmaldataset)/val/labels/-E3-82-B9-E3-82-AF-E3-83-AA-E3-83-BC-E3-83-B3-E3-82-B7-E3-83-A7-E3-83-83-E3-83-88-202022-10-03-2023-46-04_jpg.rf.d764830edf4ea2938a86029b21332928.txt,71,e48c7549b66c7027e00352224f4b39e64fb490e3e3795f4a549e1c2ed1eca457
VADD(minmaldataset)/val/labels/-E3-82-B9-E3-82-AF-E3-83-AA-E3-83-BC-E3-83-B3-E3-82-B7-E3-83-A7-E3-83-83-E3-83-88-202022-10-03-2023-56-03_jpg.rf.be85e289a1623a8e1d2ca5075a557fce.txt,147,7f4b2608c9bf1a45752cc6c40950f8e359c58f92853da4cbc58c9c8dc3b89e11
VADD(minmaldataset)/val/labels/-E3-82-B9-E3-82-AF-E3-83-AA-E3-83-BC-E3-83-B3-E3-82-B7-E3-83-A7-E3-83-83-E3-83-88-202022-10-03-2023-56-12_jpg.rf.a3bade5efa81d97b547015b273a7d38c.txt,61,74914ffb13186d16e4bcd0d8826dcdb321d41ef6a9a406a4816737f718938aca
VADD(minmaldataset)/val/labels/-E3-82-B9-E3-82-AF-E3-83-AA-E3-83-BC-E3-83-B3-E3-82-B7-E3-83-A7-E3-83-83-E3-83-88-202022-10-03-2023-59-00_jpg.rf.a1f31907e40327281fa64a9fbd86e60f.txt,41,8d6d9e0d3e4d3b8c6c2c75a6af43d9d496283d5fc0d5d9aad59d86361ec59f48
VADD(minmaldataset)/val/labels/-E3-82-B9-E3-82-AF-E3-83-AA-E3-83-BC-E3-83-B3-E3-82-B7-E3-83-A7-E3-83-83-E3-83-88-202022-10-04-200-03-52_jpg.rf.d7e4544740d53630c6d071f1eb9d6ed7.txt,56,d422059d684c401c5ca318b5558bf038362df681be0d5ac5ad107bc623ef2e8f
VADD(minmaldataset)/val/labels/-E3-82-B9-E3-82-AF-E3-83-AA-E3-83-BC-E3-83-B3-E3-82-B7-E3-83-A7-E3-83-83-E3-83-88-202022-10-04-200-07-51_jpg.rf.7a708bf2afa54a66a1b4d9173bd871e5.txt,79,c25d8dee553f372a65a604511472577c99e98e8f6b53548dbcb779ac4949d23c
VADD(minmaldataset)/val/labels/-E3-82-B9-E3-82-AF-E3-83-AA-E3-83-BC-E3-83-B3-E3-82-B7-E3-83-A7-E3-83-83-E3-83-88-202022-10-04-200-16-19_jpg.rf.c7996022657d48201ebcdb4b132b7672.txt,37,ea68f264b9e2c04d0247deac5dde572633f506a3bedb6117a28a00e15db0f785
VADD(minmaldataset)/val/labels/-E3-82-B9-E3-82-AF-E3-83-AA-E3-83-BC-E3-83-B3-E3-82-B7-E3-83-A7-E3-83-83-E3-83-88-202022-10-04-200-19-12_jpg.rf.091fe81fc1ac58c7db509dc61fe04fb2.txt,160,adda210f665ecd0b9a21f412eda7186762a1f9214688d63cbc8d8f2bee417229
VADD(minmaldataset)/val/labels/-E3-82-B9-E3-82-AF-E3-83-AA-E3-83-BC-E3-83-B3-E3-82-B7-E3-83-A7-E3-83-83-E3-83-88-202022-10-04-200-20-25_jpg.rf.e90bd718a01a352fe9c9c79a69d91780.txt,55,db99ee8c3e3d96a924712385c3bf781f30b1c6defe65efdd32ce923237780dae
VADD(minmaldataset)/val/labels/-E3-82-B9-E3-82-AF-E3-83-AA-E3-83-BC-E3-83-B3-E3-82-B7-E3-83-A7-E3-83-83-E3-83-88-202022-10-04-200-23-21_jpg.rf.643de1e5e4be2106ba790097613c78cf.txt,86,0fe07714fc74543151e748d51c4a382a363379722a2a82e79f21cefce5866526
VADD(minmaldataset)/val/labels/-E3-82-B9-E3-82-AF-E3-83-AA-E3-83-BC-E3-83-B3-E3-82-B7-E3-83-A7-E3-83-83-E3-83-88-202022-10-04-200-24-21_jpg.rf.4e0f77e0fd027c6556ff272b38041617.txt,45,838b93a99c03cb617537a92f9b2838b38a8abcb113c376363986c873260dd735
VADD(minmaldataset)/val/labels/-E3-82-B9-E3-82-AF-E3-83-AA-E3-83-BC-E3-83-B3-E3-82-B7-E3-83-A7-E3-83-83-E3-83-88-202022-10-04-200-51-21_jpg.rf.06f97ec694f822dc4dceb5286e82b584.txt,56,9ccc4f7c050575bcb01f27b2885e5b40e45b93b92b23becd99da15ff0eb60ba0
VADD(minmaldataset)/val/labels/-E3-82-B9-E3-82-AF-E3-83-AA-E3-83-BC-E3-83-B3-E3-82-B7-E3-83-A7-E3-83-83-E3-83-88-202022-10-04-200-54-57_jpg.rf.9cd12c7fbb62c54d3cc4abbcad44ddc8.txt,70,30b1b34b907aedc55eb5f17c42dea68452835847108826909e8d1ee3192d6d47
VADD(minmaldataset)/val/labels/-E3-82-B9-E3-82-AF-E3-83-AA-E3-83-BC-E3-83-B3-E3-82-B7-E3-83-A7-E3-83-83-E3-83-88-202022-10-04-200-56-16_jpg.rf.c1036f5e4c86e76e99231204841811b7.txt,40,d2496ed6ada380b863b3c1b480afd5f33cd7eaa768c92c64e4c0933a4c2d7e29
VADD(minmaldataset)/val/labels/-E3-82-B9-E3-82-AF-E3-83-AA-E3-83-BC-E3-83-B3-E3-82-B7-E3-83-A7-E3-83-83-E3-83-88-202022-10-04-201-10-42_jpg.rf.28981306f47c012febaf4f9e378aa937.txt,38,5f8234e2cf29033f4d7faee83c251bac84c6758d4429cfe96654f8c6e00f7102
VADD(minmaldataset)/val/labels/-E3-82-B9-E3-82-AF-E3-83-AA-E3-83-BC-E3-83-B3-E3-82-B7-E3-83-A7-E3-83-83-E3-83-88-202022-10-04-201-11-53_jpg.rf.1a2c9c44a79f26f3184eeef2b8b52b6a.txt,122,508f5cee45643a36040d17ad0688148a9941c2d3e86cbc1f04d7230654bd642b
VADD(minmaldataset)/val/labels/-E3-82-B9-E3-82-AF-E3-83-AA-E3-83-BC-E3-83-B3-E3-82-B7-E3-83-A7-E3-83-83-E3-83-88-202022-10-04-201-12-48_jpg.rf.3894d21241c652699a631d9a6d9613bf.txt,56,56eda83cab0a1e49fa534f0e5c80d7a04250b5e845b600ffcc9660dd48eeb898
VADD(minmaldataset)/val/labels/-E3-82-B9-E3-82-AF-E3-83-AA-E3-83-BC-E3-83-B3-E3-82-B7-E3-83-A7-E3-83-83-E3-83-88-202022-10-04-201-12-48_jpg.rf.40a8d8cb489da6d3724220dc06d89375.txt,66,6fb004ff45e82c4b203d62833ec674d22028371ee185cd1aa934f9e77990ee72
VADD(minmaldataset)/val/labels/-E3-82-B9-E3-82-AF-E3-83-AA-E3-83-BC-E3-83-B3-E3-82-B7-E3-83-A7-E3-83-83-E3-83-88-202022-10-04-201-15-00_jpg.rf.efbcdbb10cb5cdcd2e3689282d19e10e.txt,65,9a596c30672278f1dcd5db9bdb635606bd3db08df40126813abda2a8349650a2
VADD(minmaldataset)/val/labels/-E3-82-B9-E3-82-AF-E3-83-AA-E3-83-BC-E3-83-B3-E3-82-B7-E3-83-A7-E3-83-83-E3-83-88-202022-10-04-201-15-13_jpg.rf.30e13c17a276133e05760c66c3ebb999.txt,40,879aea6fbefd038a2c0c8730f8b1c15769827093adc28314ab61170c8329b897
VADD(minmaldataset)/val/labels/-E3-82-B9-E3-82-AF-E3-83-AA-E3-83-BC-E3-83-B3-E3-82-B7-E3-83-A7-E3-83-83-E3-83-88-202022-10-04-201-26-10_jpg.rf.e0056e6fc1bfedfc884310baa470446b.txt,38,534573a6ade5fc79eb77f9f111a85226770fd2f8fe1b02617893e7954035c447
VADD(minmaldataset)/val/labels/-E3-82-B9-E3-82-AF-E3-83-AA-E3-83-BC-E3-83-B3-E3-82-B7-E3-83-A7-E3-83-83-E3-83-88-202022-10-04-201-30-39_jpg.rf.3201d822461d09bfab0b34ba05e05a63.txt,57,6c9c02b51180a7bf078b73e64a3c0ab4f9a02bdad95c59089c7516134925b71b
VADD(minmaldataset)/val/labels/-E3-82-B9-E3-82-AF-E3-83-AA-E3-83-BC-E3-83-B3-E3-82-B7-E3-83-A7-E3-83-83-E3-83-88-202022-10-04-2023-20-40_jpg.rf.3d04d172582e06b1272c7ecc7e9bd573.txt,81,8b52fb5b8e026e64d4a56d97a955d4d1aa91d2cf42ea4af0953d9bc480c57306
VADD(minmaldataset)/val/labels/-E3-82-B9-E3-82-AF-E3-83-AA-E3-83-BC-E3-83-B3-E3-82-B7-E3-83-A7-E3-83-83-E3-83-88-202022-10-04-2023-24-32_jpg.rf.b73c845f6b1b95cf888ce99c7fe7f3c9.txt,43,0bd9fcd4bd1aa242535d0390740b27e9c4ec0dae8838e482d5244fc74fed6238
VADD(minmaldataset)/val/labels/-E3-82-B9-E3-82-AF-E3-83-AA-E3-83-BC-E3-83-B3-E3-82-B7-E3-83-A7-E3-83-83-E3-83-88-202022-10-04-2023-31-58_jpg.rf.d8f66468574f7f0c6ceab044efe58e4a.txt,73,7c3832daa52c72736507bf8bf3175b66385a9ef4ba790b5b59dcfe3a326ecc8d
VADD(minmaldataset)/val/labels/-E3-82-B9-E3-82-AF-E3-83-AA-E3-83-BC-E3-83-B3-E3-82-B7-E3-83-A7-E3-83-83-E3-83-88-202022-10-04-2023-34-51_jpg.rf.00255082c9961bb5f6ffd0e7981c4a52.txt,40,7f1e0a165e461763a45dc46e1603842414e77fc8ebc9f723fe3aabc9ecb25bf5
VADD(minmaldataset)/val/labels/-E3-82-B9-E3-82-AF-E3-83-AA-E3-83-BC-E3-83-B3-E3-82-B7-E3-83-A7-E3-83-83-E3-83-88-202022-10-04-2023-37-37_jpg.rf.2f65a65db0f9aac9884366f23fec5472.txt,37,968782ef0142487cdb1c5e733cfe011a393aa1ba82bc05e3325dd17f1ca0819c
VADD(minmaldataset)/val/labels/-E3-82-B9-E3-82-AF-E3-83-AA-E3-83-BC-E3-83-B3-E3-82-B7-E3-83-A7-E3-83-83-E3-83-88-202022-10-04-2023-45-53_jpg.rf.20108f7c1f317ef56736314317527de6.txt,208,6d1019d1d3389c4cee219e6d38273c9ce5eb5d0a53e9c40a2afc803be2569aff
VADD(minmaldataset)/val/labels/-E3-82-B9-E3-82-AF-E3-83-AA-E3-83-BC-E3-83-B3-E3-82-B7-E3-83-A7-E3-83-83-E3-83-88-202022-10-04-2023-47-26_jpg.rf.43921308ab95f9034fcb8a78f32c1a75.txt,81,55749488e8888db07158439f536fd0765b94e0a70ada05583e1ec4bb2a010a0c
VADD(minmaldataset)/val/labels/-E3-82-B9-E3-82-AF-E3-83-AA-E3-83-BC-E3-83-B3-E3-82-B7-E3-83-A7-E3-83-83-E3-83-88-202022-10-04-2023-49-44_jpg.rf.69070d5d82a6c4cbf4d29ab3ac7c17cd.txt,80,22f2fb88019fd53a837b8da3b0c74cb00cc877f1d3b363e32ad0623c58bfd5f0
VADD(minmaldataset)/val/labels/-E3-82-B9-E3-82-AF-E3-83-AA-E3-83-BC-E3-83-B3-E3-82-B7-E3-83-A7-E3-83-83-E3-83-88-202022-10-04-2023-52-42_jpg.rf.a6f812d026b66fbcf2db1cd67fb965ea.txt,83,f2b113a143e52c0cbbc857cd9a42f39ffe8e09c818e74e7b6625fb9c6dfbbf1e
VADD(minmaldataset)/val/labels/-E3-82-B9-E3-82-AF-E3-83-AA-E3-83-BC-E3-83-B3-E3-82-B7-E3-83-A7-E3-83-83-E3-83-88-202022-10-05-200-14-18_jpg.rf.06ea0028373ee9d4664f888591d31cb1.txt,79,bff09ced77505926325e41a5a8af7e80dc3bd3dc67f8c70a66b1a53802b40394
VADD(minmaldataset)/val/labels/-E3-82-B9-E3-82-AF-E3-83-AA-E3-83-BC-E3-83-B3-E3-82-B7-E3-83-A7-E3-83-83-E3-83-88-202022-10-05-200-16-32_jpg.rf.8ffa93953ca8b8a63912a206b3b4af80.txt,56,c0947da243bc00bd8e619d8c6c68704723575b6cbb19a1c7376d2ce3f1841037
VADD(minmaldataset)/val/labels/-E3-82-B9-E3-82-AF-E3-83-AA-E3-83-BC-E3-83-B3-E3-82-B7-E3-83-A7-E3-83-83-E3-83-88-202022-10-05-200-17-46_jpg.rf.1e7e708196f384f61dc1a2af7231ef1d.txt,39,9eae5edf75757f727f10098936e2df6eec3614a9359b30221aec7d431d4abea5
VADD(minmaldataset)/val/labels/-E3-82-B9-E3-82-AF-E3-83-AA-E3-83-BC-E3-83-B3-E3-82-B7-E3-83-A7-E3-83-83-E3-83-88-202022-10-05-200-17-54_jpg.rf.ce29779f48164539f4b817318c1d8b14.txt,70,2a4314949abf4852a97e521bff088fd1c07b676f87b903ce8256af88d585902e
VADD(minmaldataset)/val/labels/-E3-82-B9-E3-82-AF-E3-83-AA-E3-83-BC-E3-83-B3-E3-82-B7-E3-83-A7-E3-83-83-E3-83-88-202022-10-05-200-25-04_jpg.rf.781cb098b3c6170a397ebd0812085382.txt,78,a1c104254b53e8203d9f1621c16a51a4f4b5e1836b03c74584a0c9f08cf2a3a6
VADD(minmaldataset)/val/labels/-E3-82-B9-E3-82-AF-E3-83-AA-E3-83-BC-E3-83-B3-E3-82-B7-E3-83-A7-E3-83-83-E3-83-88-202022-10-05-200-25-11_jpg.rf.88aa14f0b7c21ea0ed74a0b75288140f.txt,31,338459f20ee7a3701bd0225b761e48483425b9ab4153b00ed5953865d14c71d2
VADD(minmaldataset)/val/labels/-E3-82-B9-E3-82-AF-E3-83-AA-E3-83-BC-E3-83-B3-E3-82-B7-E3-83-A7-E3-83-83-E3-83-88-202022-10-05-201-09-07_jpg.rf.a0dc22f198f6471e612070155634a773.txt,152,fdf895fc8b1f89cab37baf3e7d4057f9b1f8af51fdb9e96221397e31c5577011
VADD(minmaldataset)/val/labels/-E3-82-B9-E3-82-AF-E3-83-AA-E3-83-BC-E3-83-B3-E3-82-B7-E3-83-A7-E3-83-83-E3-83-88-202022-10-05-201-10-06_jpg.rf.2b9e21868809793c2d81d95ff4a52b43.txt,59,2e68338076ba8a0adc6f3f50d8befd4c7a09df25e51bfa40c96e6287e1c23e8e
VADD(minmaldataset)/val/labels/-E3-82-B9-E3-82-AF-E3-83-AA-E3-83-BC-E3-83-B3-E3-82-B7-E3-83-A7-E3-83-83-E3-83-88-202022-10-05-201-10-32_jpg.rf.6529358031802dc0e077e82325280df5.txt,81,1042d376fbe95348c4152c0c050073dc0c1ef8e8b2c4f7e70637ec25774f06a4
VADD(minmaldataset)/val/labels/-E3-82-B9-E3-82-AF-E3-83-AA-E3-83-BC-E3-83-B3-E3-82-B7-E3-83-A7-E3-83-83-E3-83-88-202022-10-05-201-12-50_jpg.rf.48582168f2fe3340101fb814ed3e2b32.txt,150,5710515a0659af5012b8ec7f34bf71213672365d94777d387d1cbe7d65d36950
VADD(minmaldataset)/val/labels/-E3-82-B9-E3-82-AF-E3-83-AA-E3-83-BC-E3-83-B3-E3-82-B7-E3-83-A7-E3-83-83-E3-83-88-202022-10-05-201-16-05_jpg.rf.f86094ca94ba93a751de373663a2ffa9.txt,77,fba20b56d14c28ecaa96db8166b01685aa67f88bff17d9e3b17f50bb5dacc559
VADD(minmaldataset)/val/labels/-E3-82-B9-E3-82-AF-E3-83-AA-E3-83-BC-E3-83-B3-E3-82-B7-E3-83-A7-E3-83-83-E3-83-88-202022-10-05-201-18-47_jpg.rf.ada576e6a0aa419adf88403cc7bc25a2.txt,56,a8c0ce66940c98c795b7d80c231dee467cc3263b6985a28311ca7d86f9b9af36
VADD(minmaldataset)/val/labels/-E3-82-B9-E3-82-AF-E3-83-AA-E3-83-BC-E3-83-B3-E3-82-B7-E3-83-A7-E3-83-83-E3-83-88-202022-10-05-201-20-16_jpg.rf.157b0591b582d1282e6a6c79b9bbcdae.txt,31,8fb23681b8654b208fe296fb09f10dbd98624db65626820ae25ce0c993842723
VADD(minmaldataset)/val/labels/-E3-82-B9-E3-82-AF-E3-83-AA-E3-83-BC-E3-83-B3-E3-82-B7-E3-83-A7-E3-83-83-E3-83-88-202022-10-05-201-29-33_jpg.rf.97f60134e25497c8dd346d4c0fb2ac38.txt,104,8900b7510ee0714840004ec6ff67e6814f7901ce942501be6abd45ec2ec87999
VADD(minmaldataset)/val/labels/-E3-82-B9-E3-82-AF-E3-83-AA-E3-83-BC-E3-83-B3-E3-82-B7-E3-83-A7-E3-83-83-E3-83-88-202022-10-05-201-31-18_jpg.rf.0db32af229c22ec6980c4db5118a8b98.txt,80,f65f0fc59b912326652610165c4e111a2f968abb274a5153f6066a284143888f
VADD(minmaldataset)/val/labels/-E3-82-B9-E3-82-AF-E3-83-AA-E3-83-BC-E3-83-B3-E3-82-B7-E3-83-A7-E3-83-83-E3-83-88-202022-10-05-201-39-18_jpg.rf.092884e76bb456083a833cabe5fb31b7.txt,67,28673667827090a346fb926a17fcae1b6e42c700847285e335d3b1be04d84ebb
VADD(minmaldataset)/val/labels/-E3-82-B9-E3-82-AF-E3-83-AA-E3-83-BC-E3-83-B3-E3-82-B7-E3-83-A7-E3-83-83-E3-83-88-202022-10-05-201-42-52_jpg.rf.2c18f9540198a1b640df7fd15c2afa46.txt,79,24c8600f81c438180f4059d78dfe8872acd7d03d2019666ecb7381a9a5a18072
VADD(minmaldataset)/val/labels/-E3-82-B9-E3-82-AF-E3-83-AA-E3-83-BC-E3-83-B3-E3-82-B7-E3-83-A7-E3-83-83-E3-83-88-202022-10-06-207-30-10_jpg.rf.3376e1981bcce4707941a7deb50b15bc.txt,80,34e7838f313a9187a75a9acb912b5e0b895c5eccea822252ddb3b11cb5436189
VADD(minmaldataset)/val/labels/-E3-82-B9-E3-82-AF-E3-83-AA-E3-83-BC-E3-83-B3-E3-82-B7-E3-83-A7-E3-83-83-E3-83-88-202022-10-06-207-30-44_jpg.rf.29b3bc9c28d58ece35cf84fabb458a61.txt,38,bb9df8b799625eda04ecc8c08fafb41dbe0d726c07af3cc0488866a53982db74
VADD(minmaldataset)/val/labels/-E3-82-B9-E3-82-AF-E3-83-AA-E3-83-BC-E3-83-B3-E3-82-B7-E3-83-A7-E3-83-83-E3-83-88-202022-10-06-207-33-13_jpg.rf.6af38e980b1a7730c9eaa18a57be9db9.txt,85,7027ac6c3a8b9462d56b4db1f42a0fa25b54d139b70d31b9d5f56a03e5004e6d
VADD(minmaldataset)/val/labels/-E3-82-B9-E3-82-AF-E3-83-AA-E3-83-BC-E3-83-B3-E3-82-B7-E3-83-A7-E3-83-83-E3-83-88-202022-10-06-207-34-17_jpg.rf.3d7a2d0370b928cb56b4de1311728472.txt,80,14eafc3877ba30ed62a1ccddc9923d7187bacd0f54f6b05d7d31d18e4303e1f5
VADD(minmaldataset)/val/labels/-E3-82-B9-E3-82-AF-E3-83-AA-E3-83-BC-E3-83-B3-E3-82-B7-E3-83-A7-E3-83-83-E3-83-88-202022-10-06-207-38-23_jpg.rf.a92db3bda984d31474bcf36a201382d7.txt,41,9a8c07db65045f3bb92e98b254aba4830a7d891376adff20caaf03acafca735b
VADD(minmaldataset)/val/labels/-E3-82-B9-E3-82-AF-E3-83-AA-E3-83-BC-E3-83-B3-E3-82-B7-E3-83-A7-E3-83-83-E3-83-88-202022-10-06-207-40-47_jpg.rf.4e54e5eb52a164f4edac7321448fcc2e.txt,61,c202f97ab8f93291f48fca1fa80b096c104d95ca2cb2f2fd968918503c19e4f3
VADD(minmaldataset)/val/labels/-E3-82-B9-E3-82-AF-E3-83-AA-E3-83-BC-E3-83-B3-E3-82-B7-E3-83-A7-E3-83-83-E3-83-88-202022-10-06-207-43-13_jpg.rf.b75b87877a2b95e2a7576a895f3a7001.txt,79,554af991e5731d20ec0e6c91276d75f527525bac3ca3a28754d4dc6c721c7af0
VADD(minmaldataset)/val/labels/-E3-82-B9-E3-82-AF-E3-83-AA-E3-83-BC-E3-83-B3-E3-82-B7-E3-83-A7-E3-83-83-E3-83-88-202022-10-06-207-49-29_jpg.rf.ab7f463967654be18d938aba1bcb0825.txt,149,64aecb17f3198a36c8ceac203133b63a32dd108c649046c8102d7c54d597b4a9
VADD(minmaldataset)/val/labels/-E3-82-B9-E3-82-AF-E3-83-AA-E3-83-BC-E3-83-B3-E3-82-B7-E3-83-A7-E3-83-83-E3-83-88-202022-10-06-207-50-18_jpg.rf.0400ac635978dd935f2de5e17e7e61d5.txt,61,ce5f1fc0dd5b114b81305f735bcdb38baa324643a20f571196d225f122fea688
VADD(minmaldataset)/val/labels/-E3-82-B9-E3-82-AF-E3-83-AA-E3-83-BC-E3-83-B3-E3-82-B7-E3-83-A7-E3-83-83-E3-83-88-202022-10-11-2017-14-37_jpg.rf.4b1d3fa2d0e0216986b505adf013455b.txt,42,a20f2ae1f0ab64e0da73fd3f3d70af53dc91b7bf2bde097abe7657071fff1088
VADD(minmaldataset)/val/labels/-E3-82-B9-E3-82-AF-E3-83-AA-E3-83-BC-E3-83-B3-E3-82-B7-E3-83-A7-E3-83-83-E3-83-88-202022-10-11-2017-49-00_jpg.rf.b66262d4be2419f02bc3412d5dd1b1ee.txt,39,72d7b5f5e5d574a27c268f5ea4c26c9e31ce2cddd3f537ebd0c99477c5febcc5
VADD(minmaldataset)/val/labels/-E3-82-B9-E3-82-AF-E3-83-AA-E3-83-BC-E3-83-B3-E3-82-B7-E3-83-A7-E3-83-83-E3-83-88-202022-10-12-2010-15-43_jpg.rf.43f3ad79e96d67e3476e41042146850b.txt,39,d64d4eb8685d323e3942271e4e0de0c8bd329c6bbe94a73170fec34d7e841b87
VADD(minmaldataset)/val/labels/-E3-82-B9-E3-82-AF-E3-83-AA-E3-83-BC-E3-83-B3-E3-82-B7-E3-83-A7-E3-83-83-E3-83-88-202022-10-12-2010-19-34_jpg.rf.48f3727c7af7622f233a0284625b24e2.txt,40,f2d3c39a6bc670ed10c42a8d2785f66da7dd0406acf36d2fcf8f69842fb49f57
VADD(minmaldataset)/val/labels/-E3-82-B9-E3-82-AF-E3-83-AA-E3-83-BC-E3-83-B3-E3-82-B7-E3-83-A7-E3-83-83-E3-83-88-202022-10-12-2010-24-47_jpg.rf.19ec34b5b551216615e3e3aa4f1cfdf7.txt,40,839dcc0c8851de4d7bf961ff96077de6a703c6b40da1e798a8d4c28c9915c9fd
VADD(minmaldataset)/val/labels/-E3-82-B9-E3-82-AF-E3-83-AA-E3-83-BC-E3-83-B3-E3-82-B7-E3-83-A7-E3-83-83-E3-83-88-202022-10-12-2010-25-59_jpg.rf.5d5c24cc77cd019f8cce0ee46f0b0096.txt,80,abfe214769d6571d2dd5299703d1013fc93cd9ae1ea98f31243c6408f410dc74
VADD(minmaldataset)/val/labels/-E3-82-B9-E3-82-AF-E3-83-AA-E3-83-BC-E3-83-B3-E3-82-B7-E3-83-A7-E3-83-83-E3-83-88-202022-10-12-2010-38-40_jpg.rf.14797e32e8a6d4678708af163c3899cc.txt,78,6e2a67f074eef93c93a97d90fc6f8a07367472a96872d47eb95f98066d4088e2
VADD(minmaldataset)/val/labels/-E3-82-B9-E3-82-AF-E3-83-AA-E3-83-BC-E3-83-B3-E3-82-B7-E3-83-A7-E3-83-83-E3-83-88-202022-10-12-2010-53-00_jpg.rf.4e4df5b676c15d582c71a91dc303db28.txt,79,7bbb0fa7c89c995ab7529cef964e6fdf6961e5bddf6835a58a2ebee665ffab37
VADD(minmaldataset)/val/labels/-E3-82-B9-E3-82-AF-E3-83-AA-E3-83-BC-E3-83-B3-E3-82-B7-E3-83-A7-E3-83-83-E3-83-88-202022-10-12-2010-54-45_jpg.rf.b417a94533328e821a0955129ce790d6.txt,79,f7264acdf6f974c378a7435cfe06b3b707ab0c4d455395cf3fd939e410de61d9
VADD(minmaldataset)/val/labels/-E3-82-B9-E3-82-AF-E3-83-AA-E3-83-BC-E3-83-B3-E3-82-B7-E3-83-A7-E3-83-83-E3-83-88-202022-10-12-2010-56-48_jpg.rf.94c6c2376a728a9b684f73d2bc6decaf.txt,70,c48ce0f5d0735afb113a0489ed71ecf3f5c78ecda096d08f9f4eb73a40d138f4
VADD(minmaldataset)/val/labels/-E3-82-B9-E3-82-AF-E3-83-AA-E3-83-BC-E3-83-B3-E3-82-B7-E3-83-A7-E3-83-83-E3-83-88-202022-10-12-2010-57-36_jpg.rf.0b5d2eaddfd69cbc5e401b969dbb5531.txt,31,09ed6fbb6a832178b5a4420badaed8f250d059ca447ca480444ec2249550ed19
VADD(minmaldataset)/val/labels/-E3-82-B9-E3-82-AF-E3-83-AA-E3-83-BC-E3-83-B3-E3-82-B7-E3-83-A7-E3-83-83-E3-83-88-202022-10-12-2013-47-23_jpg.rf.8cde64e4ae45c6066faade00f928a698.txt,79,74b64ce195e13c9be662a77c57fe161a4e57e9a3005f2580479692ceb73f5a8b
VADD(minmaldataset)/val/labels/-E3-82-B9-E3-82-AF-E3-83-AA-E3-83-BC-E3-83-B3-E3-82-B7-E3-83-A7-E3-83-83-E3-83-88-202022-10-12-2013-50-35_jpg.rf.34a67254d3495aaf9a10903df074ec0b.txt,34,2e994521d6843ddc1b0a0b3170c6e58c158a42defd05149c3de923860b9901e2
VADD(minmaldataset)/val/labels/-E3-82-B9-E3-82-AF-E3-83-AA-E3-83-BC-E3-83-B3-E3-82-B7-E3-83-A7-E3-83-83-E3-83-88-202022-10-12-2013-54-34_jpg.rf.ef939d7a1c9bb2f10433d4811f90e3dc.txt,80,b4dd8f5ccf9ba4064aadc83c30b47531a4212bd12e87863e53c5708b24bf4f6a
VADD(minmaldataset)/val/labels/-E3-82-B9-E3-82-AF-E3-83-AA-E3-83-BC-E3-83-B3-E3-82-B7-E3-83-A7-E3-83-83-E3-83-88-202022-10-12-2014-51-21_jpg.rf.9428277134c3b134bc6da2df4cca53be.txt,81,f0913fa23350348d250a2ee2eb499f6654f50af68f22eff5d1eb8070511fb75b
VADD(minmaldataset)/val/labels/-E3-82-B9-E3-82-AF-E3-83-AA-E3-83-BC-E3-83-B3-E3-82-B7-E3-83-A7-E3-83-83-E3-83-88-202022-10-12-2014-57-22_jpg.rf.58aeaa26589607af4be70e78dd839faf.txt,40,2c0b8696083ec7b041c728f6dc6fe0b0bfc4e9fd6b50faa856e65b80d6a0d073
VADD(minmaldataset)/val/labels/-E3-82-B9-E3-82-AF-E3-83-AA-E3-83-BC-E3-83-B3-E3-82-B7-E3-83-A7-E3-83-83-E3-83-88-202022-10-12-2014-57-41_jpg.rf.2ddf98bf1eb0364c0c634814f1a90630.txt,43,d476792669a401434076f777b0929398bd91b76b874e2f555eec6a391c094529
VADD(minmaldataset)/val/labels/-E3-82-B9-E3-82-AF-E3-83-AA-E3-83-BC-E3-83-B3-E3-82-B7-E3-83-A7-E3-83-83-E3-83-88-202022-10-12-2015-01-12_jpg.rf.b96433bfb955798395a4b93dd7e47a2d.txt,67,e1bd19f97ae36cea9a37dbacd8f4a2c0d96a27d6e1f790171d42d8c45e189328
VADD(minmaldataset)/val/labels/-E3-82-B9-E3-82-AF-E3-83-AA-E3-83-BC-E3-83-B3-E3-82-B7-E3-83-A7-E3-83-83-E3-83-88-202022-10-12-2015-34-01_jpg.rf.604f0892393dd4cfe566691d8731f7dc.txt,43,0d19cc10d25b1728b24a1f6cc282c40035c57136cfce7d507613a581294d658a
VADD(minmaldataset)/val/labels/-E3-82-B9-E3-82-AF-E3-83-AA-E3-83-BC-E3-83-B3-E3-82-B7-E3-83-A7-E3-83-83-E3-83-88-202022-10-12-2015-35-44_jpg.rf.7d08b4430eac649687428b348c6d4f8b.txt,67,a73909f3ce53f07d900083e662c9eed47662f35743dba77d6837c43aa91ae5a8
VADD(minmaldataset)/val/labels/-E3-82-B9-E3-82-AF-E3-83-AA-E3-83-BC-E3-83-B3-E3-82-B7-E3-83-A7-E3-83-83-E3-83-88-202022-10-12-2015-41-54_jpg.rf.d722ea47e605e57d9c820ed80102cbcc.txt,34,5c97b5e33972a389448d20d0471231fa99b1ca5cd90f64efe8bc73f8936ad9c9
VADD(minmaldataset)/val/labels/-E3-82-B9-E3-82-AF-E3-83-AA-E3-83-BC-E3-83-B3-E3-82-B7-E3-83-A7-E3-83-83-E3-83-88-202022-10-12-2015-44-25_jpg.rf.208a06802c761ce6383b19400d681e6f.txt,79,b48a3dc2e02eb8c28ab9cc858e38744023a10e17e29d4060b880ef963cd728f2
VADD(minmaldataset)/val/labels/-E3-82-B9-E3-82-AF-E3-83-AA-E3-83-BC-E3-83-B3-E3-82-B7-E3-83-A7-E3-83-83-E3-83-88-202022-10-12-2015-53-56_jpg.rf.54a1b1c72b56ae2985f72b63a2b24fa7.txt,55,c4c28d3ba19a18291701c229c9d7d44f7fb45084300801f3bae51f04ecb66c6b
VADD(minmaldataset)/val/labels/-E3-82-B9-E3-82-AF-E3-83-AA-E3-83-BC-E3-83-B3-E3-82-B7-E3-83-A7-E3-83-83-E3-83-88-202022-10-12-2016-18-24_jpg.rf.70441887c1722caec4f8683c8472c265.txt,82,9af7d578de14483319600af5c80ca8598e57d67f742704a8dfc2b3a22e4e09a7
VADD(minmaldataset)/val/labels/-E3-82-B9-E3-82-AF-E3-83-AA-E3-83-BC-E3-83-B3-E3-82-B7-E3-83-A7-E3-83-83-E3-83-88-202022-10-12-2016-25-38_jpg.rf.8436260e39c5002171e603d57a114f7b.txt,43,a252019ce58f3cca14c15ebe933590a02c0edd146fe9f0439d4e4771277fbec6
VADD(minmaldataset)/val/labels/-E3-82-B9-E3-82-AF-E3-83-AA-E3-83-BC-E3-83-B3-E3-82-B7-E3-83-A7-E3-83-83-E3-83-88-202022-10-12-2016-29-47_jpg.rf.4e1d764a6f80d006af32e78af4ba53b4.txt,67,89e9709141492f70e9142f43c94c4a0ff2c7f3966c86014443a2fb15d7e4e1b7
VADD(minmaldataset)/val/labels/-E3-82-B9-E3-82-AF-E3-83-AA-E3-83-BC-E3-83-B3-E3-82-B7-E3-83-A7-E3-83-83-E3-83-88-202022-10-12-2016-29-47_jpg.rf.fe420e085454b6e0af7480ef6e06ea8b.txt,40,e34f0fe65ec51109b0e4d6bbaa7edd5a7f73ef175493065cae9ba6981224d4d9
VADD(minmaldataset)/val/labels/-E3-82-B9-E3-82-AF-E3-83-AA-E3-83-BC-E3-83-B3-E3-82-B7-E3-83-A7-E3-83-83-E3-83-88-202022-10-12-2016-46-12_jpg.rf.6dfa0a970e98391b4d9a1a8079b43524.txt,78,7706eab2872eead1b2ad22b81f3678022f7698ffdfce55b8c07851e855fdc575
VADD(minmaldataset)/val/labels/-E3-82-B9-E3-82-AF-E3-83-AA-E3-83-BC-E3-83-B3-E3-82-B7-E3-83-A7-E3-83-83-E3-83-88-202022-10-12-2016-52-24_jpg.rf.63292f3905f81f16728693d00ae9e163.txt,80,67bc8d459ceaefb44fe59c8094ee6985558db484a8191e9e08ceff829bfe3e79
VADD(minmaldataset)/val/labels/-E3-82-B9-E3-82-AF-E3-83-AA-E3-83-BC-E3-83-B3-E3-82-B7-E3-83-A7-E3-83-83-E3-83-88-202022-10-12-2016-52-45_jpg.rf.00c9add077a2f8429227431569dca5c2.txt,38,40ca578f846bca2fde1b26227eb57cab8554c5006cf5ab10438e15b1c38cd881
VADD(minmaldataset)/val/labels/-E3-82-B9-E3-82-AF-E3-83-AA-E3-83-BC-E3-83-B3-E3-82-B7-E3-83-A7-E3-83-83-E3-83-88-202022-10-12-2016-53-06_jpg.rf.910220797bbd254d1c62f6779d1072f6.txt,38,5fe4de6950cfa46dde034bbcbc7fdadbd63376fa0feacd2181a564e992e100fd
VADD(minmaldataset)/val/labels/-E3-82-B9-E3-82-AF-E3-83-AA-E3-83-BC-E3-83-B3-E3-82-B7-E3-83-A7-E3-83-83-E3-83-88-202022-10-19-201-11-44_jpg.rf.48d8f9086678a0c27d49219d460d9263.txt,37,e2450b24f14fcb9d28a8e3f58b2090ace57ba3d440262c87180d0e8a7aa21f2c
VADD(minmaldataset)/val/labels/-E3-82-B9-E3-82-AF-E3-83-AA-E3-83-BC-E3-83-B3-E3-82-B7-E3-83-A7-E3-83-83-E3-83-88-202022-10-19-201-14-30_jpg.rf.764a262fccd5f6c463d39237967ed7fb.txt,43,f4c07b157d755ecc3ebde882a6b59ba71b327af0593da57c2c03d36ef7e17d9d
VADD(minmaldataset)/val/labels/-E3-82-B9-E3-82-AF-E3-83-AA-E3-83-BC-E3-83-B3-E3-82-B7-E3-83-A7-E3-83-83-E3-83-88-202022-10-19-201-16-01_jpg.rf.efe4d242c22d92dc2cb1ab95ad5f71e5.txt,42,6bf8f9cfbe1e3b484b126ba1838a722a1eb99447cd01a038ec25d9537560ac17
VADD(minmaldataset)/val/labels/-E3-82-B9-E3-82-AF-E3-83-AA-E3-83-BC-E3-83-B3-E3-82-B7-E3-83-A7-E3-83-83-E3-83-88-202022-10-19-201-17-07_jpg.rf.77e984c2caa3ab1055e95c6d5f7666d5.txt,37,0d5d7aed5ac2eb4f99655c67074cd6d4c3aa51d52eecaacc6e6b4faba1b7d717
VADD(minmaldataset)/val/labels/-E3-82-B9-E3-82-AF-E3-83-AA-E3-83-BC-E3-83-B3-E3-82-B7-E3-83-A7-E3-83-83-E3-83-88-202022-10-19-201-56-52_jpg.rf.7c2a84a4703b9cd9e4662c1f6e85ed37.txt,43,b63d10cb298a02835032d34aee39bbf84df0558ef38861794f3325ff8cc27b26
VADD(minmaldataset)/val/labels/-E3-82-B9-E3-82-AF-E3-83-AA-E3-83-BC-E3-83-B3-E3-82-B7-E3-83-A7-E3-83-83-E3-83-88-202022-10-19-2017-04-03_jpg.rf.90878d39f154452e2f5fc1b9cb962927.txt,39,9ae3ead451183957a413607a6981eb174d8cfffb543a373d5b37b56d63f84d6f
VADD(minmaldataset)/val/labels/-E3-82-B9-E3-82-AF-E3-83-AA-E3-83-BC-E3-83-B3-E3-82-B7-E3-83-A7-E3-83-83-E3-83-88-202022-10-19-2017-14-13_jpg.rf.0c065c6ac01dfe745a633469cf76ab84.txt,43,55569ae5e8e194ea8a8a76e4c003736ac06d10b930496d25d63d399f6e1a65ee
VADD(minmaldataset)/val/labels/-E3-82-B9-E3-82-AF-E3-83-AA-E3-83-BC-E3-83-B3-E3-82-B7-E3-83-A7-E3-83-83-E3-83-88-202022-10-19-2018-31-18_jpg.rf.33d32214f7546aa72f161af0daa0582e.txt,38,29856b7db53bb0ec4f15fc180d31fa23839a3fb22726fbaf729bf17df468b8de
VADD(minmaldataset)/val/labels/-E3-82-B9-E3-82-AF-E3-83-AA-E3-83-BC-E3-83-B3-E3-82-B7-E3-83-A7-E3-83-83-E3-83-88-202022-10-19-202-12-44_jpg.rf.96b630a8cd3b953a671d8c2e407fb6cc.txt,35,08d51c836204000df888de13624c7bf65825ac6b490505f4628b3e8ebddc90f3
VADD(minmaldataset)/val/labels/-E3-82-B9-E3-82-AF-E3-83-AA-E3-83-BC-E3-83-B3-E3-82-B7-E3-83-A7-E3-83-83-E3-83-88-202022-10-19-2021-53-23_jpg.rf.2e405559d523a1ce48e9a16ac44e8d9b.txt,43,66e8f68a44f2a6a4983b9b4ab4376aeb5879d7b941abab87b214a9547361f36e
VADD(minmaldataset)/val/labels/-E3-82-B9-E3-82-AF-E3-83-AA-E3-83-BC-E3-83-B3-E3-82-B7-E3-83-A7-E3-83-83-E3-83-88-202022-12-04-201-01-25_jpg.rf.ddb039dba3348a39a923c96a1c3ecf65.txt,43,c0ba3cbfeb1dda69e5af021c6cebb1e1cf97e8c97c3752cd134a6a36925cb89b
VADD(minmaldataset)/val/labels/-E3-82-B9-E3-82-AF-E3-83-AA-E3-83-BC-E3-83-B3-E3-82-B7-E3-83-A7-E3-83-83-E3-83-88-202022-12-04-201-28-29_jpg.rf.a07e923a4d2ddd1d28f41748abb71a63.txt,40,e4bab144ed0be58285f1d72e887bb1ac78f56ebee2d7e79384a1e934429c2c88
VADD(minmaldataset)/val/labels/-E3-82-B9-E3-82-AF-E3-83-AA-E3-83-BC-E3-83-B3-E3-82-B7-E3-83-A7-E3-83-83-E3-83-88-202022-12-04-201-37-34_jpg.rf.d6b8c8b40d2aa10975c3de3b074071ff.txt,39,a332f27e1da4ab2500121c76ec706f3d9b02a16e72e047dc5b687b55039d165c
VADD(minmaldataset)/val/labels/-E3-82-B9-E3-82-AF-E3-83-AA-E3-83-BC-E3-83-B3-E3-82-B7-E3-83-A7-E3-83-83-E3-83-88-202022-12-04-201-46-11_jpg.rf.325b61faee654dd90bb99b269ac47e33.txt,41,19a2e1eeecb038c26ad442e2505ef768cbef9826e2cbf917839897ed6f392f4d
VADD(minmaldataset)/val/labels/-E3-82-B9-E3-82-AF-E3-83-AA-E3-83-BC-E3-83-B3-E3-82-B7-E3-83-A7-E3-83-83-E3-83-88-202022-12-04-201-56-47_jpg.rf.25e05b345a0c1859a431d6baf8676650.txt,42,4a32c335e8af714301001f79c45ddffae82ded8eaa051d30e63b9135aa8ac58d
VADD(minmaldataset)/val/labels/-E3-82-B9-E3-82-AF-E3-83-AA-E3-83-BC-E3-83-B3-E3-82-B7-E3-83-A7-E3-83-83-E3-83-88-202022-12-04-201-57-31_jpg.rf.2fdf6de1edfb4efe19a00759cb550edd.txt,43,441bb776ab6bef9e9478e6ba9377df95c4685f1e0a51f9e9ccae50fa43663d2e
VADD(minmaldataset)/val/labels/-E3-82-B9-E3-82-AF-E3-83-AA-E3-83-BC-E3-83-B3-E3-82-B7-E3-83-A7-E3-83-83-E3-83-88-202022-12-04-202-26-10_jpg.rf.46b44d9ed5bc204c18a0d67bcefbf94b.txt,37,e4abebfe45c3ae0b36dbd849a7e2c4f78a609436b7673972d88b7a590ed8b30f
VADD(minmaldataset)/val/labels/-E3-82-B9-E3-82-AF-E3-83-AA-E3-83-BC-E3-83-B3-E3-82-B7-E3-83-A7-E3-83-83-E3-83-88-202022-12-04-202-26-26_jpg.rf.c4536bff3030f75853003d398638dffc.txt,43,56875a45c6fd8bfd5f35acfa3235971b884af767d2846842dc5d77e5ecbebe89
VADD(minmaldataset)/val/labels/-E3-82-B9-E3-82-AF-E3-83-AA-E3-83-BC-E3-83-B3-E3-82-B7-E3-83-A7-E3-83-83-E3-83-88-202022-12-04-202-31-54_jpg.rf.b4a4e26e682b61c376ec03f2415742c5.txt,41,74e7f54a4065b8885b78ee52e89722fd6f1a94d0bfb03839ac21ec6a2c9253b6
VADD(minmaldataset)/val/labels/-E3-82-B9-E3-82-AF-E3-83-AA-E3-83-BC-E3-83-B3-E3-82-B7-E3-83-A7-E3-83-83-E3-83-88-202022-12-04-202-39-55_jpg.rf.5f4c2a31a8ccdb7afac0604745069dbb.txt,35,1850cb882eb58327a262a0aea78dab1986f25a210101680156eb2ccbeffa4dcf
VADD(minmaldataset)/val/labels/-E3-82-B9-E3-82-AF-E3-83-AA-E3-83-BC-E3-83-B3-E3-82-B7-E3-83-A7-E3-83-83-E3-83-88-202022-12-04-202-51-14_jpg.rf.7dc8218b86ba8e4018040b3c44c5f9ae.txt,41,265524c52864f40e66c35c78001caafd3aafdf7dc603fd899e86ea9ede47f8fe
VADD(minmaldataset)/val/labels/-E3-82-B9-E3-82-AF-E3-83-AA-E3-83-BC-E3-83-B3-E3-82-B7-E3-83-A7-E3-83-83-E3-83-88-202022-12-04-202-53-01_jpg.rf.1c06799a2613e9d8e0657d2809682e60.txt,40,01924a114f0a8c1f1a1e325799d976267d4aa43a78cea4aea158be953ec3a2c4
VADD(minmaldataset)/val/labels/-E3-82-B9-E3-82-AF-E3-83-AA-E3-83-BC-E3-83-B3-E3-82-B7-E3-83-A7-E3-83-83-E3-83-88-202022-12-04-2023-55-53_jpg.rf.2c7079d7f43e8add1f0f374adf972d2a.txt,38,5eeb3c3086bad0313ddd422cedcc2be43b26513ac46845ec01d304e709c4b176
VADD(minmaldataset)/val/labels/-E3-82-B9-E3-82-AF-E3-83-AA-E3-83-BC-E3-83-B3-E3-82-B7-E3-83-A7-E3-83-83-E3-83-88-202022-12-04-2023-56-06_jpg.rf.364c570647810f6e9afe217ff8d41e4a.txt,42,f539a9409c4cc5ce4ad9b285b2d9b6d90e219f1b0bfb70c333cd508c87abee33
VADD(minmaldataset)/val/labels/-E3-82-B9-E3-82-AF-E3-83-AA-E3-83-BC-E3-83-B3-E3-82-B7-E3-83-A7-E3-83-83-E3-83-88-202022-12-04-2023-57-43_jpg.rf.b4deafd3ac6df7bc62925357d1de0826.txt,42,55b935513e0900dde33a192b8854ccaf692953a33c3c6a8baa4e41fc32626bff
VADD(minmaldataset)/val/labels/-E3-82-B9-E3-82-AF-E3-83-AA-E3-83-BC-E3-83-B3-E3-82-B7-E3-83-A7-E3-83-83-E3-83-88-202022-12-04-2023-59-09_jpg.rf.9f5374ca26b5b22e641be3b7f31e1a60.txt,41,10bad2eb9f6febaafe891f917f06e5cd3d369290915bdf564d2eb2d558b6959e
VADD(minmaldataset)/val/labels/-E3-82-B9-E3-82-AF-E3-83-AA-E3-83-BC-E3-83-B3-E3-82-B7-E3-83-A7-E3-83-83-E3-83-88-202022-12-05-200-34-23_jpg.rf.2a05d273fe40d81cc70fbd1065b3ebaa.txt,40,9a38ed059eab9233c93a7a9e2857b36c9b41d837fec4edbf535d01806aa7399d
VADD(minmaldataset)/val/labels/-E3-82-B9-E3-82-AF-E3-83-AA-E3-83-BC-E3-83-B3-E3-82-B7-E3-83-A7-E3-83-83-E3-83-88-202022-12-05-201-16-25_jpg.rf.a03acc1bc9e46e2d87e0e4c16ea21ac0.txt,37,081e0f1ca1440b1580df00272721d88b7674f0efbdfca064fc6c4e0c4df2f949
VADD(minmaldataset)/val/labels/-E3-82-B9-E3-82-AF-E3-83-AA-E3-83-BC-E3-83-B3-E3-82-B7-E3-83-A7-E3-83-83-E3-83-88-202022-12-05-201-37-04_jpg.rf.4923fc1e6bcf7020230a5b6942eb8a22.txt,40,789e90ad00de67b2c596c4b05b1315f9315ba66477ccb1541f654e836e403f06
VADD(minmaldataset)/val/labels/-E3-82-B9-E3-82-AF-E3-83-AA-E3-83-BC-E3-83-B3-E3-82-B7-E3-83-A7-E3-83-83-E3-83-88-202022-12-05-201-37-44_jpg.rf.fb0856551ca5afccedb5f1b36f913e1b.txt,41,845e37245a1c3b15c6965a8a0092d5b6d6568d9dc76202a5f73391624bdd1adf
VADD(minmaldataset)/val/labels/-E3-82-B9-E3-82-AF-E3-83-AA-E3-83-BC-E3-83-B3-E3-82-B7-E3-83-A7-E3-83-83-E3-83-88-202022-12-05-201-42-48_jpg.rf.93351ba4c70b986c0e037d40599ac6de.txt,36,ae1735d583e2a494fea5c4375e897f3b5b1010d3f436e8d07f69d0ea55932291
VADD(minmaldataset)/val/labels/-E3-82-B9-E3-82-AF-E3-83-AA-E3-83-BC-E3-83-B3-E3-82-B7-E3-83-A7-E3-83-83-E3-83-88-202022-12-05-201-47-45_jpg.rf.0255b54650ec21c6a689f30e9061a52f.txt,39,ad27be3a9a6fa513d122501da190c114045e8e9b0d7d4d0a7fb243ba6270e312
VADD(minmaldataset)/val/labels/-E3-82-B9-E3-82-AF-E3-83-AA-E3-83-BC-E3-83-B3-E3-82-B7-E3-83-A7-E3-83-83-E3-83-88-202022-12-05-202-56-30_jpg.rf.f91cd8e60c1c7676c941892a789d1868.txt,39,687148aeba0e3200bbf5b5a2fd513db67ed9e0d8e325da401e34ffc166b9fdbd
VADD(minmaldataset)/val/labels/-E3-82-B9-E3-82-AF-E3-83-AA-E3-83-BC-E3-83-B3-E3-82-B7-E3-83-A7-E3-83-83-E3-83-88-202022-12-05-2022-10-56_jpg.rf.aa2736ad6255550432aff0dafcd1a74c.txt,38,375666433ce7720774074f4ea0c7039dbb068a12df7cba7c2eb5b389b2d7bbc7
VADD(minmaldataset)/val/labels/-E3-82-B9-E3-82-AF-E3-83-AA-E3-83-BC-E3-83-B3-E3-82-B7-E3-83-A7-E3-83-83-E3-83-88-202022-12-05-2022-18-26_jpg.rf.38d7e5b88d58819f3528556084bba1ae.txt,41,043a6c336d84dcf9f9239935d3ddebf00016f4f3d5975ba56608f79e98553564
VADD(minmaldataset)/val/labels/-E3-82-B9-E3-82-AF-E3-83-AA-E3-83-BC-E3-83-B3-E3-82-B7-E3-83-A7-E3-83-83-E3-83-88-202022-12-05-2022-22-38_jpg.rf.5f2df59abbd998d7e888c3d28ec871cd.txt,41,92410e10375acd1017d252e520aed21457e0ab922572f7de3a697dcbe83e26ba
VADD(minmaldataset)/val/labels/-E3-82-B9-E3-82-AF-E3-83-AA-E3-83-BC-E3-83-B3-E3-82-B7-E3-83-A7-E3-83-83-E3-83-88-202022-12-05-2022-32-16_jpg.rf.eb94b7b9c9535eee46db5524d389b275.txt,39,f1f89e84edb75083e8f77e21100b9a941be9f2456ab8e2127359ab34b0b78e2a
VADD(minmaldataset)/val/labels/-E3-82-B9-E3-82-AF-E3-83-AA-E3-83-BC-E3-83-B3-E3-82-B7-E3-83-A7-E3-83-83-E3-83-88-202022-12-05-2023-11-44_jpg.rf.c7b67051ae0978aab76feba39735b79d.txt,39,b628ee9eb9b16d5cf33b02fb3eff4d480fdbc14d00ac058258c72eff15cdb5bd
VADD(minmaldataset)/val/labels/-E3-82-B9-E3-82-AF-E3-83-AA-E3-83-BC-E3-83-B3-E3-82-B7-E3-83-A7-E3-83-83-E3-83-88-202022-12-05-2023-19-01_jpg.rf.9a781c215e4fb933e234d274903daea0.txt,40,152b61563e7b48b494eb0009a04635056303556b3f1a7c6831b4a1c12e671a06
VADD(minmaldataset)/val/labels/-E3-82-B9-E3-82-AF-E3-83-AA-E3-83-BC-E3-83-B3-E3-82-B7-E3-83-A7-E3-83-83-E3-83-88-202022-12-05-2023-21-43_jpg.rf.df06d5999a19c72214f7e8ef3dc168e7.txt,40,24fcb069f1359eebe9c6c285e0628204c5153290d36d24fd22603465ecd4f31a
VADD(minmaldataset)/val/labels/-E3-82-B9-E3-82-AF-E3-83-AA-E3-83-BC-E3-83-B3-E3-82-B7-E3-83-A7-E3-83-83-E3-83-88-202022-12-05-2023-22-39_jpg.rf.9cec1dc22d1287a24587c5c5db76d3cd.txt,39,c9ac2bdc1b8310c815c3b7186812cbc05169a42b6c57ff8a8d24af7aa6532956
VADD(minmaldataset)/val/labels/-E3-82-B9-E3-82-AF-E3-83-AA-E3-83-BC-E3-83-B3-E3-82-B7-E3-83-A7-E3-83-83-E3-83-88-202022-12-05-203-33-58_jpg.rf.52f8bf3f6e2f72a96212dae28e35963c.txt,39,6bdc4bbf4b158fa311470d31e9c0f8a1f5067513c1a35d1c9c1cae3669a864a6
VADD(minmaldataset)/val/labels/-E3-82-B9-E3-82-AF-E3-83-AA-E3-83-BC-E3-83-B3-E3-82-B7-E3-83-A7-E3-83-83-E3-83-88-202022-12-05-203-35-19_jpg.rf.5996aa6afe513cda41abe69c3d9b9879.txt,41,9ddb3b799dcdb17c501dce74f0724ef77e792a0aec89e1d921d1ab34f2e6bb91
VADD(minmaldataset)/val/labels/-E3-82-B9-E3-82-AF-E3-83-AA-E3-83-BC-E3-83-B3-E3-82-B7-E3-83-A7-E3-83-83-E3-83-88-202022-12-05-203-39-13_jpg.rf.30e48aee16db94adb598f54cd916b298.txt,40,0e480fcc0b673fbf5d903dc7ad9d82e82d1d3e1990d521383d25d0ab7b1f8cb0
VADD(minmaldataset)/val/labels/53_18704_jpg.rf.e761f469b268eb24b31032849e464526.txt,127,5219edf8794c843563a235e9360fb16a6e0193458ce44337446b5669272d00cc
VADD(minmaldataset)/val/labels/53_19399_jpg.rf.5d9c57d217be7f4ba4b73083b39fb41a.txt,145,dfb342bf2063388b6663300dbcbc467267f2207a54abf1724ae1d4a4287eb16d
VADD(minmaldataset)/val/labels/modena_tour_mp4-1063_jpg.rf.3566e37554af12d4264f8b7a1e0fdf04.txt,51,bb6e2cbd1be3a864de358c49a9a423981d7e0d3f669f81eb7aff0063d8a6cb4f
VADD(minmaldataset)/val/labels/modena_tour_mp4-1078_jpg.rf.59ea2d1bc7cb3f4e140f6a5eb2b1d9a2.txt,49,6ea1fc358ed2bf918ef2fa92e06ebe03d80075d3d1be9b15e2837d997169dc22
VADD(minmaldataset)/val/labels/modena_tour_mp4-1124_jpg.rf.8104b4f914370655d3114a806163d0f3.txt,157,7af49c6c7d890a51be9f2668c30d83fd45a5968e3988b021da9f60c9b0981ed8
VADD(minmaldataset)/val/labels/modena_tour_mp4-1126_jpg.rf.bba3b97141a719855cbb1faece561996.txt,222,558a852a6e05fffbcaf33808c6dc3015ec7e19a222cf7d4bd18e65090213dbb7
VADD(minmaldataset)/val/labels/modena_tour_mp4-1166_jpg.rf.885f58323b6a63b22bc399083d248fc1.txt,60,ac72eaecc4f4f1f4a7edebc9789de7653a139f156d6875529d2fc56ea67ed7f0
VADD(minmaldataset)/val/labels/modena_tour_mp4-1169_jpg.rf.434deca703818aab4e494cabb40026a4.txt,60,043af9011579f8bbdeb8b8a4f8b6f9a9008d3d0ca681a015b9363b5f82303202
VADD(minmaldataset)/val/labels/modena_tour_mp4-1198_jpg.rf.37c5677f01277d3aec379ca935cb994e.txt,63,7c79bdddb8ad92e8723c6bc347b086a55f2d3cedae6cbcf221b590c08693bb93
VADD(minmaldataset)/val/labels/modena_tour_mp4-1293_jpg.rf.72fc24c316e5572d249bc671d7a58bfd.txt,62,3169abc32c2b3d8e151253c4e7b08fa8e0e5eec9ce2924e998d2c5c21bd2307d
VADD(minmaldataset)/val/labels/modena_tour_mp4-1308_jpg.rf.95cd1c63e65527e5f467a6b5210919c4.txt,58,721f4cba2c914abf1abd31a89fd92b03bf98ba2043408e8b2aa835a36f5c6047
VADD(minmaldataset)/val/labels/modena_tour_mp4-1472_jpg.rf.c350e30f55339ca42572776e8fd89060.txt,62,0d897f2bfb1d8f6e83b25cd08f6762ddb432f631427dfc2b02f4272200599fb8
VADD(minmaldataset)/val/labels/modena_tour_mp4-1559_jpg.rf.4e33417c08be43dd9aca724c95ff4ef7.txt,63,441e4e24b38511f48a54dcbd868d432dc52be732da9dc29c1194b4cb35f4b3d3
VADD(minmaldataset)/val/labels/modena_tour_mp4-1684_jpg.rf.33715549c69366801d84e0f43bdc6ee7.txt,59,e88d0289788d332d6d66ddb15542fb138f8d10316217963a71e37c857a905e9a
VADD(minmaldataset)/val/labels/modena_tour_mp4-1738_jpg.rf.6362091b47865dac7e736521c09aa482.txt,62,3e67265fa7b4d3cbfd696ed92633e98a4889b072e1f67db3d34b3affcbc55384
VADD(minmaldataset)/val/labels/modena_tour_mp4-1891_jpg.rf.008e0d3b0789f6e466e751e9c6d151b7.txt,50,fe4faf1c3cb665b3228bf85e434c27eb992fdfafe941239efdeb02e6c57d3076
VADD(minmaldataset)/val/labels/modena_tour_mp4-2046_jpg.rf.fd9734d4ffada934e7c99cf93da250ad.txt,63,225b09a2aae022f95d16960d4df8c93e4d0c8b5a4e04fcb9119002a86add048b
VADD(minmaldataset)/val/labels/modena_tour_mp4-2050_jpg.rf.33d8e5df11e19e2f9d5f4c45d285fc30.txt,64,dcc375aec09869dd08007c88e60ceca24d4b1c339763a41a8b51650e4790749e
VADD(minmaldataset)/val/labels/modena_tour_mp4-2183_jpg.rf.c4e2b5900a81e88e78e88c3454a16531.txt,163,2f36bb07702cd1b800c31274cf97059d027a17b0712d68c397a03adbcd05b6df
VADD(minmaldataset)/val/labels/modena_tour_mp4-2336_jpg.rf.a4bda394e3c28bf29531b727a4e952a4.txt,119,f66a16f0053d8662f2bf6a5a793135808f53bb6e1045f1676b925592b86278a0
VADD(minmaldataset)/val/labels/modena_tour_mp4-2376_jpg.rf.4f0ef236ed558a97aad3384899107a1a.txt,35,1757e25ca5495ab32b6469d02bd95a4bb770fac76e09d106b85ca9343fd0c315
VADD(minmaldataset)/val/labels/modena_tour_mp4-2390_jpg.rf.ff5aea17077fca33ab2455d8802c850c.txt,59,90e054bde29ef4beda60ff750aaa2c51274fdb69d34c9e2f72b0c1d63023d20c
VADD(minmaldataset)/val/labels/modena_tour_mp4-2407_jpg.rf.fa5e7ab1d782891b90dde051c74366cb.txt,62,40a5c51812011ea9010f639c126e169259d711a02c59710715e91b2d6b74f137
VADD(minmaldataset)/val/labels/modena_tour_mp4-2446_jpg.rf.1f51830a610fb5c159643cb8f8168fb9.txt,64,505299b733708e37a25d40e76a7a710ff39023e3364e278bb8ccd6cb5cd0a14c
VADD(minmaldataset)/val/labels/modena_tour_mp4-2537_jpg.rf.ff4c52ed09599f55a8c6cc3516f0d258.txt,63,ac9b6604e82f0625128fcf32e479a7a40a06c3e887c86fad610074418adc372b
VADD(minmaldataset)/val/labels/modena_tour_mp4-2577_jpg.rf.572392d4c469fdaff9665735f4c4741f.txt,107,261c3c1b7f91d3bc37796e4c9e73ed09d204a5fda3accf29bc3abc6ae3f7049a
VADD(minmaldataset)/val/labels/modena_tour_mp4-2612_jpg.rf.088c6b3e9d0a1d81d9f3b0bb7ce64e57.txt,37,54134c6c4559264b07e9b07dafbddffb1cd8ca9c12b6d7a988fc8686fe32a48c
VADD(minmaldataset)/val/labels/modena_tour_mp4-261_jpg.rf.8c9bf97d102b25eb38b5d226adc82c07.txt,64,577c64ca813b69ef69ab575ed18598fed118a400961f5b4ef9bab8a02e101a53
VADD(minmaldataset)/val/labels/modena_tour_mp4-2647_jpg.rf.95d5abe2f3dc7e00f200ab4b267bd27d.txt,63,e143d55799e7542046e573173eb5daa64aa9b58fc3cd5942989b273e7ba2b7f8
VADD(minmaldataset)/val/labels/modena_tour_mp4-2677_jpg.rf.fa0ed3084385f7f45d1ae13bcc44bf40.txt,63,2c214f075a7dd01f9a1cbbaa5f2290dbe978998d11ecf05e3380e4c56b7cb44f
VADD(minmaldataset)/val/labels/modena_tour_mp4-2695_jpg.rf.7bdda74e063b353965be377f26e05c89.txt,60,e073131a0ff3eda87e65f66cc7b4bc9d64cd4f3ee15275235debe8a2b17f05e7
VADD(minmaldataset)/val/labels/modena_tour_mp4-2867_jpg.rf.daa050b31c952d5ea6fb015c2d7f6602.txt,64,cf3bb6bdbe7e3da856e1c9520441bdca2759b227e43480ea5db8a507fc672858
VADD(minmaldataset)/val/labels/modena_tour_mp4-373_jpg.rf.b8c6a65152495c82a699d6fcbe1f2407.txt,59,5897302b877bc06b303974ca2dc40343da3202524ce6b9750215e5815d1ff989
VADD(minmaldataset)/val/labels/modena_tour_mp4-479_jpg.rf.35379698dfac85631a65adad0218a8f6.txt,62,6c40d44d64715e023fa4edb60c780e2e45e1dc1f16386b74aca9fe724fec0113
VADD(minmaldataset)/val/labels/modena_tour_mp4-507_jpg.rf.8e0e50c11fddc926f0a7390b37f92513.txt,120,d9a2ef0f254d8b979e6ec0c64a8f0fb6d0672156eb98dfb161b5850a8dda7ce2
VADD(minmaldataset)/val/labels/modena_tour_mp4-693_jpg.rf.7e672185508af615d781ddaa69948242.txt,50,61c9ee93e687b7b33459d594431d8f482f84d2fe352f238a8c1fbd9b3c064f7e
VADD(minmaldataset)/val/labels/modena_tour_mp4-73_jpg.rf.67a745dd23a9f13071a3002c605e75ef.txt,101,c7e85ae04e41603cbde9c20c6c463fbc5e38c76b770ae769c80edffb81e84073
VADD(minmaldataset)/val/labels/modena_tour_mp4-760_jpg.rf.2eb9afbc9487399326779b3da91f49cc.txt,58,ea03268798d597212a0cf16d8e6bde520c0b74eff76c99889dbf62e670c91cc3
VADD(minmaldataset)/val/labels/modena_tour_mp4-771_jpg.rf.66c9c0104bf658fbd8248ad2d5c0069e.txt,62,01700c0136f1628713bbb220d8b8848a3c2c568cf104fcf9170276a2140cd3e8
VADD(minmaldataset)/val/labels/modena_tour_mp4-821_jpg.rf.6c13bd5bfc1cb87e632509300b372f41.txt,62,3a672a7360a7b8bc359039d6cb9c3c39ae26e05be9835c038a272d3d298845b3
VADD(minmaldataset)/val/labels/modena_tour_mp4-849_jpg.rf.e8f89da6bfe122220713d92e84079001.txt,119,0e93646a8aea9173d93da5f596b58228222c749026add46aa3682f148925ac9e
VADD(minmaldataset)/val/labels/modena_tour_mp4-867_jpg.rf.dcefab8c40e7067ae7512a4470f2efee.txt,61,3e34ed1b7380004512de231032e48ac4ee58f0e7fd062b2f2bbb005d7c07c7f9
VADD(minmaldataset)/val/labels/modena_tour_mp4-868_jpg.rf.263721008d2a7863af8e554dbf0ebb1d.txt,63,12ccedcfbb87095692ff4a78394b0fa9801105de6fa74c18d50d7f39458b1ecd
VADD(minmaldataset)/val/labels/modena_tour_mp4-958_jpg.rf.1ea18de8b3bf977bb8205efc9700bd58.txt,60,f0e8b7f6171410d01cad7b8ac29e5bb39d37061e948e98893903d1a3ea243553
VADD(minmaldataset)/val/labels/modena_tour_mp4-989_jpg.rf.f0d0ebc85e12df4097550713aa116cda.txt,158,26825ac998f1a47989f3d8896667976fc09fa922017a55e3bc986966a8d0ecd2
VADD(minmaldataset)/val/labels/test_video_1_mp4-1265_jpg.rf.1068a5c1f13fb4f48bc9d67928d625ca.txt,44,4b758cce9ba79ad16d35ab12f107c5b422b8a76b059a58f3bfef1a590f86b3ae
VADD(minmaldataset)/val/labels/test_video_1_mp4-1282_jpg.rf.fe7f5fd43e2eec5121c53333642daba7.txt,66,da93173fc9ffccc7a5eaf6eafb8b34d3491e84a1576c72256b5b8ffdf6cd49f5
VADD(minmaldataset)/val/labels/test_video_1_mp4-596_jpg.rf.676802c08d78a054c2b7ca8342635dd8.txt,136,f914f8bb3b28705918f8341aa09c6564f50848e52d51857d2effdb643979044e
VADD(minmaldataset)/val/labels/test_video_1_mp4-896_jpg.rf.6cf973f5ac0ca295038ae32fcc90cbb8.txt,66,77e0ba8a172b110d98c6484b65dc2d4f4b1b1e96c920b3de9157a660502b47a6
VADD(minmaldataset)/val/labels/test_video_1_mp4-908_jpg.rf.2c9a3564c7041b998541bafe8d555d46.txt,130,0334928ac32a4ac4d5f6380d23da2d53749a4a3d38bb2b2747470582350f24c8
VADD(minmaldataset)/val/labels/THA-vs-BEL-Full-Final-13-14-Womens-U20-Volleyball-World-Champs_1_mp4-157_jpg.rf.208c0af325e8df35481758c2bd17dba0.txt,62,9fab7769c32aef30e433162529bcc697bfabd1bc15579411cf46b3409e38a540
VADD(minmaldataset)/val/labels/THA-vs-BEL-Full-Final-13-14-Womens-U20-Volleyball-World-Champs_1_mp4-171_jpg.rf.f8ed68221e2c04b1989679e859bd6404.txt,147,fa259be8ec11f90da3b9c4d583856c5716dd5eda365cc08c50753997d236b513
VADD(minmaldataset)/val/labels/THA-vs-BEL-Full-Final-13-14-Womens-U20-Volleyball-World-Champs_1_mp4-341_jpg.rf.fd1209d2b1d340adf196e8b850765bcb.txt,134,09520951483463cf7d7f677c1a52a560b1d4afac372460be9829f4ef71cada30
VADD(minmaldataset)/val/labels/THA-vs-BEL-Full-Final-13-14-Womens-U20-Volleyball-World-Champs_1_mp4-381_jpg.rf.d011662b1c1ea85fcc78a7eefd128f38.txt,122,6bb82fd53391f88e722217e90496fb5efb38e56bb9088c57191c3d2d65eb9bb3
VADD(minmaldataset)/val/labels/THA-vs-BEL-Full-Final-13-14-Womens-U20-Volleyball-World-Champs_1_mp4-471_jpg.rf.2bda6c45e83098e13d5c7cf8d438b7f7.txt,115,d9e5bc625e85617dbc40298ccadff617fd8a7c1efa5d019c51047ef1c6f9af1a
VADD(minmaldataset)/val/labels/THA-vs-BEL-Full-Final-13-14-Womens-U20-Volleyball-World-Champs_1_mp4-499_jpg.rf.b259d5d303b2e7ea9c4cec7e8afe5d1e.txt,135,955de0dc004da16762a9e0e7464880e59e77ea0fc81b240fb71e76b8529143fe
VADD(minmaldataset)/val/labels/THA-vs-BEL-Full-Final-13-14-Womens-U20-Volleyball-World-Champs_1_mp4-511_jpg.rf.0dc12645c0ffe05414aa4cb727faedba.txt,121,67a19e90490a01014e3d3e18cb103629f8be3e34da72483d0d91df71e1971b30
VADD(minmaldataset)/val/labels/THA-vs-BEL-Full-Final-13-14-Womens-U20-Volleyball-World-Champs_1_mp4-513_jpg.rf.eeafb7daaa2e66be61d7b2353a654c64.txt,131,e0a1c2d9ee6cdc25fdb4ab2ea3356b6b9228e0f9d0668d7a5a8650607c9a10b4
VADD(minmaldataset)/val/labels/THA-vs-BEL-Full-Final-13-14-Womens-U20-Volleyball-World-Champs_2_mp4-315_jpg.rf.d324ded687e15bb74e169bb2d402cf44.txt,64,ae1b2d6e71cd2e5f8c03652631fb37d9ffb16b55bba45ced5af9d5522f39c81c
VADD(minmaldataset)/val/labels/THA-vs-BEL-Full-Final-13-14-Womens-U20-Volleyball-World-Champs_2_mp4-481_jpg.rf.f36a9fff6d6deefd9e5590671dd63d38.txt,204,a82612ee343d3a27f3ca2fd7d452e8799ec748831ea2548b51a8a63575cffb20
VADD(minmaldataset)/val/labels/THA-vs-BEL-Full-Final-13-14-Womens-U20-Volleyball-World-Champs_mp4-122_jpg.rf.aa394096d3f7ccd11679be2138d73b89.txt,128,477567b7062afde7c03ebb0c2db326a879f484ee2ec6c63b5ce69df3a1b3475a
VADD(minmaldataset)/val/labels/THA-vs-BEL-Full-Final-13-14-Womens-U20-Volleyball-World-Champs_mp4-169_jpg.rf.9c1105a6466a8c0892df37fbfa229735.txt,137,32488f4ccac9d85a1c4bd8e366862ddf8b0422a703eab467285158865a83834e
VADD(minmaldataset)/val/labels/THA-vs-BEL-Full-Final-13-14-Womens-U20-Volleyball-World-Champs_mp4-199_jpg.rf.554170c3f2123993bcf8a98d1e13850f.txt,135,f5f3ea25afcaed4f27c29be81c06440fccbbb27b186a7288191db2036f48ac3f
VADD(minmaldataset)/val/labels/THA-vs-BEL-Full-Final-13-14-Womens-U20-Volleyball-World-Champs_mp4-40_jpg.rf.f47058db464886ea3ad48969ca0024cb.txt,72,10d0ab40663b0cf590c27f9323c2880a1c81c1f02bc5ee98e46299ac26dca85e
VADD(minmaldataset)/val/labels/THA-vs-BEL-Full-Final-13-14-Womens-U20-Volleyball-World-Champs_mp4-86_jpg.rf.b0d8838004904279873b171f8c35a593.txt,127,807d6447222334bde9f6b69e840f8fa124b132104a8728471a777c7ff178c856
VADD(minmaldataset)/val/labels/THA-vs-BEL-Full-Final-13-14-Womens-U20-Volleyball-World-Champs_mp4-92_jpg.rf.f46d6eb731dfce19748dc27ad40ca34a.txt,71,e5f16ec108300056d164a4335a7eb8bf46ee7c950c346980d3f51c9a1cfc8d95
